group_representative,member,representative_artist,member_artist,hamming_distance,action,cross_artist
Albrecht_Du╠êrer_59.jpg,Albrecht_Dürer_59.jpg,Albrecht_Dürer,Albrecht_Dürer,0,remove,False
Albrecht_Du╠êrer_59.jpg,Albrecht_Du╠êrer_59.jpg,Albrecht_Dürer,Albrecht_Dürer,0,keep,False
Vincent_van_Gogh_199.jpg,Vincent_van_Gogh_804.jpg,Vincent_van_Gogh,Vincent_van_Gogh,0,remove,False
Vincent_van_Gogh_199.jpg,Vincent_van_Gogh_199.jpg,Vincent_van_Gogh,Vincent_van_Gogh,0,keep,False
Albrecht_Du╠êrer_307.jpg,Albrecht_Dürer_307.jpg,Albrecht_Dürer,Albrecht_Dürer,0,remove,False
Albrecht_Du╠êrer_307.jpg,Albrecht_Du╠êrer_307.jpg,Albrecht_Dürer,Albrecht_Dürer,0,keep,False
Albrecht_Du╠êrer_191.jpg,Albrecht_Du╠êrer_93.jpg,Albrecht_Dürer,Albrecht_Dürer,10,remove,False
Albrecht_Du╠êrer_191.jpg,Albrecht_Dürer_93.jpg,Albrecht_Dürer,Albrecht_Dürer,10,remove,False
Albrecht_Du╠êrer_191.jpg,Albrecht_Dürer_191.jpg,Albrecht_Dürer,Albrecht_Dürer,0,remove,False
Albrecht_Du╠êrer_191.jpg,Albrecht_Du╠êrer_191.jpg,Albrecht_Dürer,Albrecht_Dürer,0,keep,False
Albrecht_Du╠êrer_28.jpg,Albrecht_Dürer_28.jpg,Albrecht_Dürer,Albrecht_Dürer,0,remove,False
Albrecht_Du╠êrer_28.jpg,Albrecht_Du╠êrer_28.jpg,Albrecht_Dürer,Albrecht_Dürer,0,keep,False
Titian_236.jpg,Titian_235.jpg,Titian,Titian,8,remove,False
Titian_236.jpg,Titian_241.jpg,Titian,Titian,8,remove,False
Titian_236.jpg,Titian_236.jpg,Titian,Titian,0,keep,False
Albrecht_Du╠êrer_11.jpg,Albrecht_Dürer_11.jpg,Albrecht_Dürer,Albrecht_Dürer,0,remove,False
Albrecht_Du╠êrer_11.jpg,Albrecht_Du╠êrer_11.jpg,Albrecht_Dürer,Albrecht_Dürer,0,keep,False
Albrecht_Du╠êrer_58.jpg,Albrecht_Dürer_58.jpg,Albrecht_Dürer,Albrecht_Dürer,0,remove,False
Albrecht_Du╠êrer_58.jpg,Albrecht_Du╠êrer_58.jpg,Albrecht_Dürer,Albrecht_Dürer,0,keep,False
Edgar_Degas_1.jpg,Edgar_Degas_3.jpg,Edgar_Degas,Edgar_Degas,2,remove,False
Edgar_Degas_1.jpg,Edgar_Degas_275.jpg,Edgar_Degas,Edgar_Degas,4,remove,False
Edgar_Degas_1.jpg,Edgar_Degas_1.jpg,Edgar_Degas,Edgar_Degas,0,keep,False
Albrecht_Du╠êrer_27.jpg,Albrecht_Dürer_27.jpg,Albrecht_Dürer,Albrecht_Dürer,0,remove,False
Albrecht_Du╠êrer_27.jpg,Albrecht_Du╠êrer_27.jpg,Albrecht_Dürer,Albrecht_Dürer,0,keep,False
Albrecht_Du╠êrer_198.jpg,Albrecht_Dürer_198.jpg,Albrecht_Dürer,Albrecht_Dürer,0,remove,False
Albrecht_Du╠êrer_198.jpg,Albrecht_Du╠êrer_198.jpg,Albrecht_Dürer,Albrecht_Dürer,0,keep,False
Albrecht_Dürer_32.jpg,Albrecht_Du╠êrer_32.jpg,Albrecht_Dürer,Albrecht_Dürer,0,remove,False
Albrecht_Dürer_32.jpg,Albrecht_Dürer_32.jpg,Albrecht_Dürer,Albrecht_Dürer,0,keep,False
Vincent_van_Gogh_453.jpg,Vincent_van_Gogh_636.jpg,Vincent_van_Gogh,Vincent_van_Gogh,2,remove,False
Vincent_van_Gogh_453.jpg,Vincent_van_Gogh_453.jpg,Vincent_van_Gogh,Vincent_van_Gogh,0,keep,False
Albrecht_Dürer_136.jpg,Albrecht_Du╠êrer_136.jpg,Albrecht_Dürer,Albrecht_Dürer,0,remove,False
Albrecht_Dürer_136.jpg,Albrecht_Dürer_136.jpg,Albrecht_Dürer,Albrecht_Dürer,0,keep,False
Albrecht_Du╠êrer_325.jpg,Albrecht_Dürer_325.jpg,Albrecht_Dürer,Albrecht_Dürer,0,remove,False
Albrecht_Du╠êrer_325.jpg,Albrecht_Du╠êrer_325.jpg,Albrecht_Dürer,Albrecht_Dürer,0,keep,False
Vincent_van_Gogh_308.jpg,Vincent_van_Gogh_231.jpg,Vincent_van_Gogh,Vincent_van_Gogh,8,remove,False
Vincent_van_Gogh_308.jpg,Vincent_van_Gogh_308.jpg,Vincent_van_Gogh,Vincent_van_Gogh,0,keep,False
Albrecht_Dürer_48.jpg,Albrecht_Du╠êrer_48.jpg,Albrecht_Dürer,Albrecht_Dürer,0,remove,False
Albrecht_Dürer_48.jpg,Albrecht_Dürer_48.jpg,Albrecht_Dürer,Albrecht_Dürer,0,keep,False
Titian_202.jpg,Titian_201.jpg,Titian,Titian,4,remove,False
Titian_202.jpg,Titian_202.jpg,Titian,Titian,0,keep,False
Albrecht_Dürer_62.jpg,Albrecht_Du╠êrer_62.jpg,Albrecht_Dürer,Albrecht_Dürer,0,remove,False
Albrecht_Dürer_62.jpg,Albrecht_Dürer_62.jpg,Albrecht_Dürer,Albrecht_Dürer,0,keep,False
Pablo_Picasso_156.jpg,Pablo_Picasso_259.jpg,Pablo_Picasso,Pablo_Picasso,8,remove,False
Pablo_Picasso_156.jpg,Pablo_Picasso_156.jpg,Pablo_Picasso,Pablo_Picasso,0,keep,False
Edgar_Degas_204.jpg,Alfred_Sisley_23.jpg,Edgar_Degas,Alfred_Sisley,16,remove,True
Edgar_Degas_204.jpg,Edgar_Degas_141.jpg,Edgar_Degas,Edgar_Degas,6,remove,False
Edgar_Degas_204.jpg,Edgar_Degas_204.jpg,Edgar_Degas,Edgar_Degas,0,keep,False
Edgar_Degas_90.jpg,Edgar_Degas_645.jpg,Edgar_Degas,Edgar_Degas,2,remove,False
Edgar_Degas_90.jpg,Edgar_Degas_90.jpg,Edgar_Degas,Edgar_Degas,0,keep,False
Albrecht_Du╠êrer_176.jpg,Albrecht_Dürer_176.jpg,Albrecht_Dürer,Albrecht_Dürer,0,remove,False
Albrecht_Du╠êrer_176.jpg,Albrecht_Du╠êrer_176.jpg,Albrecht_Dürer,Albrecht_Dürer,0,keep,False
Albrecht_Dürer_96.jpg,Albrecht_Du╠êrer_96.jpg,Albrecht_Dürer,Albrecht_Dürer,0,remove,False
Albrecht_Dürer_96.jpg,Albrecht_Dürer_96.jpg,Albrecht_Dürer,Albrecht_Dürer,0,keep,False
Albrecht_Du╠êrer_51.jpg,Albrecht_Dürer_51.jpg,Albrecht_Dürer,Albrecht_Dürer,0,remove,False
Albrecht_Du╠êrer_51.jpg,Albrecht_Du╠êrer_51.jpg,Albrecht_Dürer,Albrecht_Dürer,0,keep,False
Vincent_van_Gogh_569.jpg,Vincent_van_Gogh_369.jpg,Vincent_van_Gogh,Vincent_van_Gogh,8,remove,False
Vincent_van_Gogh_569.jpg,Vincent_van_Gogh_569.jpg,Vincent_van_Gogh,Vincent_van_Gogh,0,keep,False
Albrecht_Dürer_117.jpg,Albrecht_Du╠êrer_117.jpg,Albrecht_Dürer,Albrecht_Dürer,0,remove,False
Albrecht_Dürer_117.jpg,Albrecht_Dürer_117.jpg,Albrecht_Dürer,Albrecht_Dürer,0,keep,False
Albrecht_Du╠êrer_282.jpg,Albrecht_Dürer_282.jpg,Albrecht_Dürer,Albrecht_Dürer,0,remove,False
Albrecht_Du╠êrer_282.jpg,Albrecht_Du╠êrer_282.jpg,Albrecht_Dürer,Albrecht_Dürer,0,keep,False
Edgar_Degas_567.jpg,Edgar_Degas_571.jpg,Edgar_Degas,Edgar_Degas,2,remove,False
Edgar_Degas_567.jpg,Edgar_Degas_567.jpg,Edgar_Degas,Edgar_Degas,0,keep,False
Albrecht_Du╠êrer_46.jpg,Albrecht_Dürer_46.jpg,Albrecht_Dürer,Albrecht_Dürer,0,remove,False
Albrecht_Du╠êrer_46.jpg,Albrecht_Du╠êrer_46.jpg,Albrecht_Dürer,Albrecht_Dürer,0,keep,False
Vincent_van_Gogh_601.jpg,Vincent_van_Gogh_214.jpg,Vincent_van_Gogh,Vincent_van_Gogh,4,remove,False
Vincent_van_Gogh_601.jpg,Vincent_van_Gogh_601.jpg,Vincent_van_Gogh,Vincent_van_Gogh,0,keep,False
Edgar_Degas_662.jpg,Edgar_Degas_435.jpg,Edgar_Degas,Edgar_Degas,6,remove,False
Edgar_Degas_662.jpg,Edgar_Degas_408.jpg,Edgar_Degas,Edgar_Degas,6,remove,False
Edgar_Degas_662.jpg,Edgar_Degas_662.jpg,Edgar_Degas,Edgar_Degas,0,keep,False
Albrecht_Dürer_42.jpg,Albrecht_Du╠êrer_42.jpg,Albrecht_Dürer,Albrecht_Dürer,0,remove,False
Albrecht_Dürer_42.jpg,Albrecht_Dürer_42.jpg,Albrecht_Dürer,Albrecht_Dürer,0,keep,False
Albrecht_Dürer_190.jpg,Albrecht_Du╠êrer_190.jpg,Albrecht_Dürer,Albrecht_Dürer,0,remove,False
Albrecht_Dürer_190.jpg,Albrecht_Dürer_190.jpg,Albrecht_Dürer,Albrecht_Dürer,0,keep,False
Vincent_van_Gogh_699.jpg,Vincent_van_Gogh_326.jpg,Vincent_van_Gogh,Vincent_van_Gogh,6,remove,False
Vincent_van_Gogh_699.jpg,Vincent_van_Gogh_699.jpg,Vincent_van_Gogh,Vincent_van_Gogh,0,keep,False
Edgar_Degas_677.jpg,Edgar_Degas_447.jpg,Edgar_Degas,Edgar_Degas,6,remove,False
Edgar_Degas_677.jpg,Edgar_Degas_677.jpg,Edgar_Degas,Edgar_Degas,0,keep,False
Albrecht_Du╠êrer_186.jpg,Albrecht_Dürer_186.jpg,Albrecht_Dürer,Albrecht_Dürer,0,remove,False
Albrecht_Du╠êrer_186.jpg,Albrecht_Du╠êrer_186.jpg,Albrecht_Dürer,Albrecht_Dürer,0,keep,False
Albrecht_Du╠êrer_78.jpg,Albrecht_Dürer_78.jpg,Albrecht_Dürer,Albrecht_Dürer,0,remove,False
Albrecht_Du╠êrer_78.jpg,Albrecht_Du╠êrer_78.jpg,Albrecht_Dürer,Albrecht_Dürer,0,keep,False
Albrecht_Du╠êrer_183.jpg,Albrecht_Dürer_183.jpg,Albrecht_Dürer,Albrecht_Dürer,0,remove,False
Albrecht_Du╠êrer_183.jpg,Albrecht_Du╠êrer_183.jpg,Albrecht_Dürer,Albrecht_Dürer,0,keep,False
Albrecht_Dürer_316.jpg,Albrecht_Du╠êrer_316.jpg,Albrecht_Dürer,Albrecht_Dürer,0,remove,False
Albrecht_Dürer_316.jpg,Albrecht_Dürer_316.jpg,Albrecht_Dürer,Albrecht_Dürer,0,keep,False
Albrecht_Dürer_317.jpg,Albrecht_Du╠êrer_317.jpg,Albrecht_Dürer,Albrecht_Dürer,0,remove,False
Albrecht_Dürer_317.jpg,Albrecht_Dürer_317.jpg,Albrecht_Dürer,Albrecht_Dürer,0,keep,False
Edgar_Degas_505.jpg,Edgar_Degas_640.jpg,Edgar_Degas,Edgar_Degas,8,remove,False
Edgar_Degas_505.jpg,Edgar_Degas_505.jpg,Edgar_Degas,Edgar_Degas,0,keep,False
Albrecht_Du╠êrer_241.jpg,Albrecht_Dürer_241.jpg,Albrecht_Dürer,Albrecht_Dürer,0,remove,False
Albrecht_Du╠êrer_241.jpg,Albrecht_Du╠êrer_241.jpg,Albrecht_Dürer,Albrecht_Dürer,0,keep,False
Albrecht_Dürer_55.jpg,Albrecht_Du╠êrer_55.jpg,Albrecht_Dürer,Albrecht_Dürer,0,remove,False
Albrecht_Dürer_55.jpg,Albrecht_Dürer_55.jpg,Albrecht_Dürer,Albrecht_Dürer,0,keep,False
Albrecht_Dürer_224.jpg,Albrecht_Du╠êrer_224.jpg,Albrecht_Dürer,Albrecht_Dürer,0,remove,False
Albrecht_Dürer_224.jpg,Albrecht_Dürer_224.jpg,Albrecht_Dürer,Albrecht_Dürer,0,keep,False
Edgar_Degas_112.jpg,Edgar_Degas_642.jpg,Edgar_Degas,Edgar_Degas,4,remove,False
Edgar_Degas_112.jpg,Edgar_Degas_612.jpg,Edgar_Degas,Edgar_Degas,2,remove,False
Edgar_Degas_112.jpg,Edgar_Degas_112.jpg,Edgar_Degas,Edgar_Degas,0,keep,False
Albrecht_Du╠êrer_92.jpg,Albrecht_Dürer_92.jpg,Albrecht_Dürer,Albrecht_Dürer,0,remove,False
Albrecht_Du╠êrer_92.jpg,Albrecht_Du╠êrer_92.jpg,Albrecht_Dürer,Albrecht_Dürer,0,keep,False
Edgar_Degas_666.jpg,Edgar_Degas_427.jpg,Edgar_Degas,Edgar_Degas,8,remove,False
Edgar_Degas_666.jpg,Edgar_Degas_398.jpg,Edgar_Degas,Edgar_Degas,4,remove,False
Edgar_Degas_666.jpg,Edgar_Degas_666.jpg,Edgar_Degas,Edgar_Degas,0,keep,False
Albrecht_Du╠êrer_17.jpg,Albrecht_Dürer_17.jpg,Albrecht_Dürer,Albrecht_Dürer,0,remove,False
Albrecht_Du╠êrer_17.jpg,Albrecht_Du╠êrer_17.jpg,Albrecht_Dürer,Albrecht_Dürer,0,keep,False
Albrecht_Dürer_157.jpg,Albrecht_Du╠êrer_157.jpg,Albrecht_Dürer,Albrecht_Dürer,0,remove,False
Albrecht_Dürer_157.jpg,Albrecht_Dürer_157.jpg,Albrecht_Dürer,Albrecht_Dürer,0,keep,False
Albrecht_Du╠êrer_328.jpg,Albrecht_Dürer_328.jpg,Albrecht_Dürer,Albrecht_Dürer,0,remove,False
Albrecht_Du╠êrer_328.jpg,Albrecht_Du╠êrer_328.jpg,Albrecht_Dürer,Albrecht_Dürer,0,keep,False
Vincent_van_Gogh_458.jpg,Vincent_van_Gogh_7.jpg,Vincent_van_Gogh,Vincent_van_Gogh,4,remove,False
Vincent_van_Gogh_458.jpg,Vincent_van_Gogh_458.jpg,Vincent_van_Gogh,Vincent_van_Gogh,0,keep,False
Edgar_Degas_619.jpg,Edgar_Degas_210.jpg,Edgar_Degas,Edgar_Degas,8,remove,False
Edgar_Degas_619.jpg,Edgar_Degas_619.jpg,Edgar_Degas,Edgar_Degas,0,keep,False
Rembrandt_241.jpg,Rembrandt_123.jpg,Rembrandt,Rembrandt,10,remove,False
Rembrandt_241.jpg,Rembrandt_190.jpg,Rembrandt,Rembrandt,6,remove,False
Rembrandt_241.jpg,Rembrandt_160.jpg,Rembrandt,Rembrandt,14,remove,False
Rembrandt_241.jpg,Rembrandt_185.jpg,Rembrandt,Rembrandt,18,remove,False
Rembrandt_241.jpg,Rembrandt_241.jpg,Rembrandt,Rembrandt,0,keep,False
Albrecht_Dürer_71.jpg,Albrecht_Du╠êrer_71.jpg,Albrecht_Dürer,Albrecht_Dürer,0,remove,False
Albrecht_Dürer_71.jpg,Albrecht_Dürer_71.jpg,Albrecht_Dürer,Albrecht_Dürer,0,keep,False
Albrecht_Du╠êrer_322.jpg,Albrecht_Dürer_322.jpg,Albrecht_Dürer,Albrecht_Dürer,0,remove,False
Albrecht_Du╠êrer_322.jpg,Albrecht_Du╠êrer_322.jpg,Albrecht_Dürer,Albrecht_Dürer,0,keep,False
Albrecht_Du╠êrer_306.jpg,Albrecht_Dürer_306.jpg,Albrecht_Dürer,Albrecht_Dürer,0,remove,False
Albrecht_Du╠êrer_306.jpg,Albrecht_Du╠êrer_306.jpg,Albrecht_Dürer,Albrecht_Dürer,0,keep,False
Edgar_Degas_431.jpg,Edgar_Degas_359.jpg,Edgar_Degas,Edgar_Degas,2,remove,False
Edgar_Degas_431.jpg,Edgar_Degas_105.jpg,Edgar_Degas,Edgar_Degas,6,remove,False
Edgar_Degas_431.jpg,Edgar_Degas_617.jpg,Edgar_Degas,Edgar_Degas,4,remove,False
Edgar_Degas_431.jpg,Edgar_Degas_431.jpg,Edgar_Degas,Edgar_Degas,0,keep,False
Albrecht_Dürer_273.jpg,Albrecht_Du╠êrer_273.jpg,Albrecht_Dürer,Albrecht_Dürer,0,remove,False
Albrecht_Dürer_273.jpg,Albrecht_Dürer_273.jpg,Albrecht_Dürer,Albrecht_Dürer,0,keep,False
Edgar_Degas_24.jpg,Edgar_Degas_362.jpg,Edgar_Degas,Edgar_Degas,4,remove,False
Edgar_Degas_24.jpg,Edgar_Degas_24.jpg,Edgar_Degas,Edgar_Degas,0,keep,False
Albrecht_Dürer_308.jpg,Albrecht_Du╠êrer_308.jpg,Albrecht_Dürer,Albrecht_Dürer,0,remove,False
Albrecht_Dürer_308.jpg,Albrecht_Dürer_308.jpg,Albrecht_Dürer,Albrecht_Dürer,0,keep,False
Edgar_Degas_690.jpg,Edgar_Degas_598.jpg,Edgar_Degas,Edgar_Degas,8,remove,False
Edgar_Degas_690.jpg,Edgar_Degas_83.jpg,Edgar_Degas,Edgar_Degas,2,remove,False
Edgar_Degas_690.jpg,Edgar_Degas_690.jpg,Edgar_Degas,Edgar_Degas,0,keep,False
Albrecht_Dürer_195.jpg,Albrecht_Du╠êrer_195.jpg,Albrecht_Dürer,Albrecht_Dürer,0,remove,False
Albrecht_Dürer_195.jpg,Albrecht_Dürer_195.jpg,Albrecht_Dürer,Albrecht_Dürer,0,keep,False
Albrecht_Du╠êrer_12.jpg,Albrecht_Dürer_12.jpg,Albrecht_Dürer,Albrecht_Dürer,0,remove,False
Albrecht_Du╠êrer_12.jpg,Albrecht_Du╠êrer_12.jpg,Albrecht_Dürer,Albrecht_Dürer,0,keep,False
Albrecht_Dürer_214.jpg,Albrecht_Du╠êrer_214.jpg,Albrecht_Dürer,Albrecht_Dürer,0,remove,False
Albrecht_Dürer_214.jpg,Albrecht_Dürer_214.jpg,Albrecht_Dürer,Albrecht_Dürer,0,keep,False
Albrecht_Du╠êrer_261.jpg,Albrecht_Dürer_261.jpg,Albrecht_Dürer,Albrecht_Dürer,0,remove,False
Albrecht_Du╠êrer_261.jpg,Albrecht_Du╠êrer_261.jpg,Albrecht_Dürer,Albrecht_Dürer,0,keep,False
Albrecht_Dürer_22.jpg,Albrecht_Du╠êrer_22.jpg,Albrecht_Dürer,Albrecht_Dürer,0,remove,False
Albrecht_Dürer_22.jpg,Albrecht_Dürer_22.jpg,Albrecht_Dürer,Albrecht_Dürer,0,keep,False
Albrecht_Dürer_266.jpg,Albrecht_Du╠êrer_266.jpg,Albrecht_Dürer,Albrecht_Dürer,0,remove,False
Albrecht_Dürer_266.jpg,Albrecht_Dürer_266.jpg,Albrecht_Dürer,Albrecht_Dürer,0,keep,False
Edgar_Degas_19.jpg,Edgar_Degas_59.jpg,Edgar_Degas,Edgar_Degas,10,remove,False
Edgar_Degas_19.jpg,Edgar_Degas_630.jpg,Edgar_Degas,Edgar_Degas,8,remove,False
Edgar_Degas_19.jpg,Edgar_Degas_19.jpg,Edgar_Degas,Edgar_Degas,0,keep,False
Albrecht_Dürer_267.jpg,Albrecht_Dürer_70.jpg,Albrecht_Dürer,Albrecht_Dürer,6,remove,False
Albrecht_Dürer_267.jpg,Albrecht_Du╠êrer_267.jpg,Albrecht_Dürer,Albrecht_Dürer,0,remove,False
Albrecht_Dürer_267.jpg,Albrecht_Du╠êrer_70.jpg,Albrecht_Dürer,Albrecht_Dürer,6,remove,False
Albrecht_Dürer_267.jpg,Albrecht_Dürer_267.jpg,Albrecht_Dürer,Albrecht_Dürer,0,keep,False
Albrecht_Du╠êrer_172.jpg,Albrecht_Dürer_172.jpg,Albrecht_Dürer,Albrecht_Dürer,0,remove,False
Albrecht_Du╠êrer_172.jpg,Albrecht_Du╠êrer_172.jpg,Albrecht_Dürer,Albrecht_Dürer,0,keep,False
Vincent_van_Gogh_852.jpg,Vincent_van_Gogh_671.jpg,Vincent_van_Gogh,Vincent_van_Gogh,2,remove,False
Vincent_van_Gogh_852.jpg,Vincent_van_Gogh_852.jpg,Vincent_van_Gogh,Vincent_van_Gogh,0,keep,False
Albrecht_Dürer_112.jpg,Albrecht_Du╠êrer_112.jpg,Albrecht_Dürer,Albrecht_Dürer,0,remove,False
Albrecht_Dürer_112.jpg,Albrecht_Dürer_112.jpg,Albrecht_Dürer,Albrecht_Dürer,0,keep,False
Albrecht_Du╠êrer_85.jpg,Albrecht_Dürer_85.jpg,Albrecht_Dürer,Albrecht_Dürer,0,remove,False
Albrecht_Du╠êrer_85.jpg,Albrecht_Du╠êrer_85.jpg,Albrecht_Dürer,Albrecht_Dürer,0,keep,False
Edgar_Degas_553.jpg,Edgar_Degas_29.jpg,Edgar_Degas,Edgar_Degas,4,remove,False
Edgar_Degas_553.jpg,Edgar_Degas_553.jpg,Edgar_Degas,Edgar_Degas,0,keep,False
Albrecht_Dürer_123.jpg,Albrecht_Du╠êrer_123.jpg,Albrecht_Dürer,Albrecht_Dürer,0,remove,False
Albrecht_Dürer_123.jpg,Albrecht_Dürer_123.jpg,Albrecht_Dürer,Albrecht_Dürer,0,keep,False
Albrecht_Du╠êrer_94.jpg,Albrecht_Dürer_94.jpg,Albrecht_Dürer,Albrecht_Dürer,0,remove,False
Albrecht_Du╠êrer_94.jpg,Albrecht_Du╠êrer_94.jpg,Albrecht_Dürer,Albrecht_Dürer,0,keep,False
Albrecht_Du╠êrer_31.jpg,Albrecht_Dürer_31.jpg,Albrecht_Dürer,Albrecht_Dürer,0,remove,False
Albrecht_Du╠êrer_31.jpg,Albrecht_Du╠êrer_31.jpg,Albrecht_Dürer,Albrecht_Dürer,0,keep,False
Edgar_Degas_622.jpg,Edgar_Degas_32.jpg,Edgar_Degas,Edgar_Degas,6,remove,False
Edgar_Degas_622.jpg,Edgar_Degas_215.jpg,Edgar_Degas,Edgar_Degas,8,remove,False
Edgar_Degas_622.jpg,Edgar_Degas_622.jpg,Edgar_Degas,Edgar_Degas,0,keep,False
Albrecht_Du╠êrer_240.jpg,Albrecht_Dürer_240.jpg,Albrecht_Dürer,Albrecht_Dürer,0,remove,False
Albrecht_Du╠êrer_240.jpg,Albrecht_Du╠êrer_240.jpg,Albrecht_Dürer,Albrecht_Dürer,0,keep,False
Albrecht_Dürer_302.jpg,Albrecht_Du╠êrer_302.jpg,Albrecht_Dürer,Albrecht_Dürer,0,remove,False
Albrecht_Dürer_302.jpg,Albrecht_Dürer_302.jpg,Albrecht_Dürer,Albrecht_Dürer,0,keep,False
Albrecht_Dürer_201.jpg,Albrecht_Du╠êrer_201.jpg,Albrecht_Dürer,Albrecht_Dürer,0,remove,False
Albrecht_Dürer_201.jpg,Albrecht_Dürer_201.jpg,Albrecht_Dürer,Albrecht_Dürer,0,keep,False
Albrecht_Dürer_268.jpg,Albrecht_Du╠êrer_268.jpg,Albrecht_Dürer,Albrecht_Dürer,0,remove,False
Albrecht_Dürer_268.jpg,Albrecht_Dürer_268.jpg,Albrecht_Dürer,Albrecht_Dürer,0,keep,False
Albrecht_Dürer_314.jpg,Albrecht_Du╠êrer_314.jpg,Albrecht_Dürer,Albrecht_Dürer,0,remove,False
Albrecht_Dürer_314.jpg,Albrecht_Dürer_314.jpg,Albrecht_Dürer,Albrecht_Dürer,0,keep,False
Vincent_van_Gogh_810.jpg,Vincent_van_Gogh_178.jpg,Vincent_van_Gogh,Vincent_van_Gogh,8,remove,False
Vincent_van_Gogh_810.jpg,Vincent_van_Gogh_810.jpg,Vincent_van_Gogh,Vincent_van_Gogh,0,keep,False
Vincent_van_Gogh_691.jpg,Vincent_van_Gogh_822.jpg,Vincent_van_Gogh,Vincent_van_Gogh,8,remove,False
Vincent_van_Gogh_691.jpg,Vincent_van_Gogh_691.jpg,Vincent_van_Gogh,Vincent_van_Gogh,0,keep,False
Albrecht_Du╠êrer_50.jpg,Albrecht_Dürer_50.jpg,Albrecht_Dürer,Albrecht_Dürer,0,remove,False
Albrecht_Du╠êrer_50.jpg,Albrecht_Du╠êrer_50.jpg,Albrecht_Dürer,Albrecht_Dürer,0,keep,False
Albrecht_Dürer_105.jpg,Albrecht_Du╠êrer_105.jpg,Albrecht_Dürer,Albrecht_Dürer,0,remove,False
Albrecht_Dürer_105.jpg,Albrecht_Dürer_105.jpg,Albrecht_Dürer,Albrecht_Dürer,0,keep,False
Pablo_Picasso_169.jpg,Pablo_Picasso_397.jpg,Pablo_Picasso,Pablo_Picasso,4,remove,False
Pablo_Picasso_169.jpg,Pablo_Picasso_169.jpg,Pablo_Picasso,Pablo_Picasso,0,keep,False
Albrecht_Du╠êrer_138.jpg,Albrecht_Dürer_138.jpg,Albrecht_Dürer,Albrecht_Dürer,0,remove,False
Albrecht_Du╠êrer_138.jpg,Albrecht_Du╠êrer_138.jpg,Albrecht_Dürer,Albrecht_Dürer,0,keep,False
Albrecht_Dürer_5.jpg,Albrecht_Du╠êrer_5.jpg,Albrecht_Dürer,Albrecht_Dürer,0,remove,False
Albrecht_Dürer_5.jpg,Albrecht_Dürer_5.jpg,Albrecht_Dürer,Albrecht_Dürer,0,keep,False
Albrecht_Du╠êrer_211.jpg,Albrecht_Dürer_211.jpg,Albrecht_Dürer,Albrecht_Dürer,0,remove,False
Albrecht_Du╠êrer_211.jpg,Albrecht_Du╠êrer_211.jpg,Albrecht_Dürer,Albrecht_Dürer,0,keep,False
Albrecht_Du╠êrer_39.jpg,Albrecht_Dürer_39.jpg,Albrecht_Dürer,Albrecht_Dürer,0,remove,False
Albrecht_Du╠êrer_39.jpg,Albrecht_Du╠êrer_39.jpg,Albrecht_Dürer,Albrecht_Dürer,0,keep,False
Vincent_van_Gogh_602.jpg,Vincent_van_Gogh_857.jpg,Vincent_van_Gogh,Vincent_van_Gogh,10,remove,False
Vincent_van_Gogh_602.jpg,Vincent_van_Gogh_602.jpg,Vincent_van_Gogh,Vincent_van_Gogh,0,keep,False
Titian_196.jpg,Titian_197.jpg,Titian,Titian,0,remove,False
Titian_196.jpg,Titian_196.jpg,Titian,Titian,0,keep,False
Pablo_Picasso_269.jpg,Pablo_Picasso_314.jpg,Pablo_Picasso,Pablo_Picasso,8,remove,False
Pablo_Picasso_269.jpg,Pablo_Picasso_321.jpg,Pablo_Picasso,Pablo_Picasso,0,remove,False
Pablo_Picasso_269.jpg,Pablo_Picasso_269.jpg,Pablo_Picasso,Pablo_Picasso,0,keep,False
Albrecht_Du╠êrer_68.jpg,Albrecht_Dürer_68.jpg,Albrecht_Dürer,Albrecht_Dürer,0,remove,False
Albrecht_Du╠êrer_68.jpg,Albrecht_Du╠êrer_68.jpg,Albrecht_Dürer,Albrecht_Dürer,0,keep,False
Edgar_Degas_697.jpg,Edgar_Degas_108.jpg,Edgar_Degas,Edgar_Degas,10,remove,False
Edgar_Degas_697.jpg,Edgar_Degas_697.jpg,Edgar_Degas,Edgar_Degas,0,keep,False
Albrecht_Du╠êrer_86.jpg,Albrecht_Dürer_86.jpg,Albrecht_Dürer,Albrecht_Dürer,0,remove,False
Albrecht_Du╠êrer_86.jpg,Albrecht_Du╠êrer_86.jpg,Albrecht_Dürer,Albrecht_Dürer,0,keep,False
Albrecht_Dürer_222.jpg,Albrecht_Du╠êrer_222.jpg,Albrecht_Dürer,Albrecht_Dürer,0,remove,False
Albrecht_Dürer_222.jpg,Albrecht_Dürer_222.jpg,Albrecht_Dürer,Albrecht_Dürer,0,keep,False
Edgar_Degas_591.jpg,Edgar_Degas_463.jpg,Edgar_Degas,Edgar_Degas,2,remove,False
Edgar_Degas_591.jpg,Edgar_Degas_591.jpg,Edgar_Degas,Edgar_Degas,0,keep,False
Albrecht_Du╠êrer_79.jpg,Albrecht_Dürer_79.jpg,Albrecht_Dürer,Albrecht_Dürer,0,remove,False
Albrecht_Du╠êrer_79.jpg,Albrecht_Du╠êrer_79.jpg,Albrecht_Dürer,Albrecht_Dürer,0,keep,False
Vincent_van_Gogh_99.jpg,Vincent_van_Gogh_868.jpg,Vincent_van_Gogh,Vincent_van_Gogh,4,remove,False
Vincent_van_Gogh_99.jpg,Vincent_van_Gogh_99.jpg,Vincent_van_Gogh,Vincent_van_Gogh,0,keep,False
Edgar_Degas_574.jpg,Edgar_Degas_35.jpg,Edgar_Degas,Edgar_Degas,6,remove,False
Edgar_Degas_574.jpg,Edgar_Degas_574.jpg,Edgar_Degas,Edgar_Degas,0,keep,False
Albrecht_Du╠êrer_313.jpg,Albrecht_Dürer_313.jpg,Albrecht_Dürer,Albrecht_Dürer,0,remove,False
Albrecht_Du╠êrer_313.jpg,Albrecht_Du╠êrer_313.jpg,Albrecht_Dürer,Albrecht_Dürer,0,keep,False
Albrecht_Du╠êrer_47.jpg,Albrecht_Dürer_47.jpg,Albrecht_Dürer,Albrecht_Dürer,0,remove,False
Albrecht_Du╠êrer_47.jpg,Albrecht_Du╠êrer_47.jpg,Albrecht_Dürer,Albrecht_Dürer,0,keep,False
Edgar_Degas_25.jpg,Edgar_Degas_117.jpg,Edgar_Degas,Edgar_Degas,6,remove,False
Edgar_Degas_25.jpg,Edgar_Degas_675.jpg,Edgar_Degas,Edgar_Degas,8,remove,False
Edgar_Degas_25.jpg,Edgar_Degas_25.jpg,Edgar_Degas,Edgar_Degas,0,keep,False
Edgar_Degas_351.jpg,Edgar_Degas_350.jpg,Edgar_Degas,Edgar_Degas,2,remove,False
Edgar_Degas_351.jpg,Edgar_Degas_351.jpg,Edgar_Degas,Edgar_Degas,0,keep,False
Edgar_Degas_81.jpg,Edgar_Degas_325.jpg,Edgar_Degas,Edgar_Degas,4,remove,False
Edgar_Degas_81.jpg,Edgar_Degas_81.jpg,Edgar_Degas,Edgar_Degas,0,keep,False
Pablo_Picasso_133.jpg,Pablo_Picasso_375.jpg,Pablo_Picasso,Pablo_Picasso,2,remove,False
Pablo_Picasso_133.jpg,Pablo_Picasso_133.jpg,Pablo_Picasso,Pablo_Picasso,0,keep,False
Albrecht_Du╠êrer_91.jpg,Albrecht_Dürer_91.jpg,Albrecht_Dürer,Albrecht_Dürer,0,remove,False
Albrecht_Du╠êrer_91.jpg,Albrecht_Du╠êrer_91.jpg,Albrecht_Dürer,Albrecht_Dürer,0,keep,False
Albrecht_Dürer_295.jpg,Albrecht_Du╠êrer_295.jpg,Albrecht_Dürer,Albrecht_Dürer,0,remove,False
Albrecht_Dürer_295.jpg,Albrecht_Dürer_295.jpg,Albrecht_Dürer,Albrecht_Dürer,0,keep,False
Albrecht_Du╠êrer_280.jpg,Albrecht_Dürer_280.jpg,Albrecht_Dürer,Albrecht_Dürer,0,remove,False
Albrecht_Du╠êrer_280.jpg,Albrecht_Du╠êrer_280.jpg,Albrecht_Dürer,Albrecht_Dürer,0,keep,False
Vincent_van_Gogh_292.jpg,Vincent_van_Gogh_742.jpg,Vincent_van_Gogh,Vincent_van_Gogh,6,remove,False
Vincent_van_Gogh_292.jpg,Vincent_van_Gogh_292.jpg,Vincent_van_Gogh,Vincent_van_Gogh,0,keep,False
Albrecht_Dürer_265.jpg,Albrecht_Du╠êrer_265.jpg,Albrecht_Dürer,Albrecht_Dürer,0,remove,False
Albrecht_Dürer_265.jpg,Albrecht_Dürer_265.jpg,Albrecht_Dürer,Albrecht_Dürer,0,keep,False
Albrecht_Du╠êrer_128.jpg,Albrecht_Dürer_128.jpg,Albrecht_Dürer,Albrecht_Dürer,0,remove,False
Albrecht_Du╠êrer_128.jpg,Albrecht_Du╠êrer_128.jpg,Albrecht_Dürer,Albrecht_Dürer,0,keep,False
Vincent_van_Gogh_356.jpg,Vincent_van_Gogh_554.jpg,Vincent_van_Gogh,Vincent_van_Gogh,10,remove,False
Vincent_van_Gogh_356.jpg,Vincent_van_Gogh_356.jpg,Vincent_van_Gogh,Vincent_van_Gogh,0,keep,False
Albrecht_Dürer_124.jpg,Albrecht_Du╠êrer_124.jpg,Albrecht_Dürer,Albrecht_Dürer,0,remove,False
Albrecht_Dürer_124.jpg,Albrecht_Dürer_124.jpg,Albrecht_Dürer,Albrecht_Dürer,0,keep,False
Albrecht_Dürer_239.jpg,Albrecht_Du╠êrer_239.jpg,Albrecht_Dürer,Albrecht_Dürer,0,remove,False
Albrecht_Dürer_239.jpg,Albrecht_Dürer_239.jpg,Albrecht_Dürer,Albrecht_Dürer,0,keep,False
Albrecht_Du╠êrer_133.jpg,Albrecht_Dürer_133.jpg,Albrecht_Dürer,Albrecht_Dürer,0,remove,False
Albrecht_Du╠êrer_133.jpg,Albrecht_Du╠êrer_133.jpg,Albrecht_Dürer,Albrecht_Dürer,0,keep,False
Vincent_van_Gogh_293.jpg,Vincent_van_Gogh_135.jpg,Vincent_van_Gogh,Vincent_van_Gogh,6,remove,False
Vincent_van_Gogh_293.jpg,Vincent_van_Gogh_293.jpg,Vincent_van_Gogh,Vincent_van_Gogh,0,keep,False
Vincent_van_Gogh_295.jpg,Vincent_van_Gogh_625.jpg,Vincent_van_Gogh,Vincent_van_Gogh,6,remove,False
Vincent_van_Gogh_295.jpg,Vincent_van_Gogh_295.jpg,Vincent_van_Gogh,Vincent_van_Gogh,0,keep,False
Albrecht_Dürer_300.jpg,Albrecht_Du╠êrer_300.jpg,Albrecht_Dürer,Albrecht_Dürer,0,remove,False
Albrecht_Dürer_300.jpg,Albrecht_Dürer_300.jpg,Albrecht_Dürer,Albrecht_Dürer,0,keep,False
Edgar_Degas_446.jpg,Edgar_Degas_76.jpg,Edgar_Degas,Edgar_Degas,10,remove,False
Edgar_Degas_446.jpg,Edgar_Degas_643.jpg,Edgar_Degas,Edgar_Degas,10,remove,False
Edgar_Degas_446.jpg,Edgar_Degas_446.jpg,Edgar_Degas,Edgar_Degas,0,keep,False
Albrecht_Dürer_225.jpg,Albrecht_Du╠êrer_225.jpg,Albrecht_Dürer,Albrecht_Dürer,0,remove,False
Albrecht_Dürer_225.jpg,Albrecht_Dürer_225.jpg,Albrecht_Dürer,Albrecht_Dürer,0,keep,False
Albrecht_Dürer_299.jpg,Albrecht_Du╠êrer_299.jpg,Albrecht_Dürer,Albrecht_Dürer,0,remove,False
Albrecht_Dürer_299.jpg,Albrecht_Dürer_299.jpg,Albrecht_Dürer,Albrecht_Dürer,0,keep,False
Vincent_van_Gogh_782.jpg,Vincent_van_Gogh_261.jpg,Vincent_van_Gogh,Vincent_van_Gogh,8,remove,False
Vincent_van_Gogh_782.jpg,Vincent_van_Gogh_782.jpg,Vincent_van_Gogh,Vincent_van_Gogh,0,keep,False
Albrecht_Du╠êrer_150.jpg,Albrecht_Dürer_150.jpg,Albrecht_Dürer,Albrecht_Dürer,0,remove,False
Albrecht_Du╠êrer_150.jpg,Albrecht_Du╠êrer_150.jpg,Albrecht_Dürer,Albrecht_Dürer,0,keep,False
Albrecht_Du╠êrer_75.jpg,Albrecht_Dürer_75.jpg,Albrecht_Dürer,Albrecht_Dürer,0,remove,False
Albrecht_Du╠êrer_75.jpg,Albrecht_Du╠êrer_75.jpg,Albrecht_Dürer,Albrecht_Dürer,0,keep,False
Albrecht_Du╠êrer_184.jpg,Albrecht_Dürer_184.jpg,Albrecht_Dürer,Albrecht_Dürer,0,remove,False
Albrecht_Du╠êrer_184.jpg,Albrecht_Du╠êrer_184.jpg,Albrecht_Dürer,Albrecht_Dürer,0,keep,False
Albrecht_Du╠êrer_247.jpg,Albrecht_Dürer_247.jpg,Albrecht_Dürer,Albrecht_Dürer,0,remove,False
Albrecht_Du╠êrer_247.jpg,Albrecht_Du╠êrer_247.jpg,Albrecht_Dürer,Albrecht_Dürer,0,keep,False
Albrecht_Du╠êrer_142.jpg,Albrecht_Dürer_142.jpg,Albrecht_Dürer,Albrecht_Dürer,0,remove,False
Albrecht_Du╠êrer_142.jpg,Albrecht_Du╠êrer_142.jpg,Albrecht_Dürer,Albrecht_Dürer,0,keep,False
Edgar_Degas_230.jpg,Edgar_Degas_9.jpg,Edgar_Degas,Edgar_Degas,8,remove,False
Edgar_Degas_230.jpg,Edgar_Degas_230.jpg,Edgar_Degas,Edgar_Degas,0,keep,False
Albrecht_Du╠êrer_297.jpg,Albrecht_Dürer_297.jpg,Albrecht_Dürer,Albrecht_Dürer,0,remove,False
Albrecht_Du╠êrer_297.jpg,Albrecht_Du╠êrer_297.jpg,Albrecht_Dürer,Albrecht_Dürer,0,keep,False
Vincent_van_Gogh_456.jpg,Vincent_van_Gogh_432.jpg,Vincent_van_Gogh,Vincent_van_Gogh,4,remove,False
Vincent_van_Gogh_456.jpg,Vincent_van_Gogh_456.jpg,Vincent_van_Gogh,Vincent_van_Gogh,0,keep,False
Albrecht_Dürer_20.jpg,Albrecht_Du╠êrer_20.jpg,Albrecht_Dürer,Albrecht_Dürer,0,remove,False
Albrecht_Dürer_20.jpg,Albrecht_Dürer_20.jpg,Albrecht_Dürer,Albrecht_Dürer,0,keep,False
Vincent_van_Gogh_185.jpg,Vincent_van_Gogh_471.jpg,Vincent_van_Gogh,Vincent_van_Gogh,6,remove,False
Vincent_van_Gogh_185.jpg,Vincent_van_Gogh_185.jpg,Vincent_van_Gogh,Vincent_van_Gogh,0,keep,False
Albrecht_Dürer_238.jpg,Albrecht_Du╠êrer_238.jpg,Albrecht_Dürer,Albrecht_Dürer,0,remove,False
Albrecht_Dürer_238.jpg,Albrecht_Dürer_238.jpg,Albrecht_Dürer,Albrecht_Dürer,0,keep,False
Albrecht_Dürer_327.jpg,Albrecht_Du╠êrer_327.jpg,Albrecht_Dürer,Albrecht_Dürer,0,remove,False
Albrecht_Dürer_327.jpg,Albrecht_Dürer_327.jpg,Albrecht_Dürer,Albrecht_Dürer,0,keep,False
Albrecht_Dürer_305.jpg,Albrecht_Du╠êrer_305.jpg,Albrecht_Dürer,Albrecht_Dürer,0,remove,False
Albrecht_Dürer_305.jpg,Albrecht_Dürer_305.jpg,Albrecht_Dürer,Albrecht_Dürer,0,keep,False
Edgar_Degas_510.jpg,Edgar_Degas_536.jpg,Edgar_Degas,Edgar_Degas,4,remove,False
Edgar_Degas_510.jpg,Edgar_Degas_510.jpg,Edgar_Degas,Edgar_Degas,0,keep,False
Albrecht_Du╠êrer_303.jpg,Albrecht_Dürer_303.jpg,Albrecht_Dürer,Albrecht_Dürer,0,remove,False
Albrecht_Du╠êrer_303.jpg,Albrecht_Du╠êrer_303.jpg,Albrecht_Dürer,Albrecht_Dürer,0,keep,False
Albrecht_Du╠êrer_180.jpg,Albrecht_Dürer_180.jpg,Albrecht_Dürer,Albrecht_Dürer,0,remove,False
Albrecht_Du╠êrer_180.jpg,Albrecht_Du╠êrer_180.jpg,Albrecht_Dürer,Albrecht_Dürer,0,keep,False
Albrecht_Du╠êrer_223.jpg,Albrecht_Dürer_223.jpg,Albrecht_Dürer,Albrecht_Dürer,0,remove,False
Albrecht_Du╠êrer_223.jpg,Albrecht_Du╠êrer_223.jpg,Albrecht_Dürer,Albrecht_Dürer,0,keep,False
Francisco_Goya_223.jpg,Francisco_Goya_148.jpg,Francisco_Goya,Francisco_Goya,10,remove,False
Francisco_Goya_223.jpg,Francisco_Goya_223.jpg,Francisco_Goya,Francisco_Goya,0,keep,False
Rembrandt_118.jpg,Rembrandt_119.jpg,Rembrandt,Rembrandt,8,remove,False
Rembrandt_118.jpg,Rembrandt_118.jpg,Rembrandt,Rembrandt,0,keep,False
Albrecht_Du╠êrer_301.jpg,Albrecht_Dürer_301.jpg,Albrecht_Dürer,Albrecht_Dürer,0,remove,False
Albrecht_Du╠êrer_301.jpg,Albrecht_Du╠êrer_301.jpg,Albrecht_Dürer,Albrecht_Dürer,0,keep,False
Albrecht_Du╠êrer_160.jpg,Albrecht_Dürer_160.jpg,Albrecht_Dürer,Albrecht_Dürer,0,remove,False
Albrecht_Du╠êrer_160.jpg,Albrecht_Du╠êrer_160.jpg,Albrecht_Dürer,Albrecht_Dürer,0,keep,False
Edgar_Degas_461.jpg,Edgar_Degas_689.jpg,Edgar_Degas,Edgar_Degas,2,remove,False
Edgar_Degas_461.jpg,Edgar_Degas_461.jpg,Edgar_Degas,Edgar_Degas,0,keep,False
Rembrandt_73.jpg,Rembrandt_220.jpg,Rembrandt,Rembrandt,2,remove,False
Rembrandt_73.jpg,Rembrandt_73.jpg,Rembrandt,Rembrandt,0,keep,False
Albrecht_Du╠êrer_127.jpg,Albrecht_Dürer_127.jpg,Albrecht_Dürer,Albrecht_Dürer,0,remove,False
Albrecht_Du╠êrer_127.jpg,Albrecht_Du╠êrer_127.jpg,Albrecht_Dürer,Albrecht_Dürer,0,keep,False
Pablo_Picasso_31.jpg,Pablo_Picasso_153.jpg,Pablo_Picasso,Pablo_Picasso,4,remove,False
Pablo_Picasso_31.jpg,Pablo_Picasso_31.jpg,Pablo_Picasso,Pablo_Picasso,0,keep,False
Edgar_Degas_246.jpg,Edgar_Degas_245.jpg,Edgar_Degas,Edgar_Degas,6,remove,False
Edgar_Degas_246.jpg,Edgar_Degas_246.jpg,Edgar_Degas,Edgar_Degas,0,keep,False
Albrecht_Du╠êrer_45.jpg,Albrecht_Dürer_45.jpg,Albrecht_Dürer,Albrecht_Dürer,0,remove,False
Albrecht_Du╠êrer_45.jpg,Albrecht_Du╠êrer_45.jpg,Albrecht_Dürer,Albrecht_Dürer,0,keep,False
Pablo_Picasso_264.jpg,Pablo_Picasso_383.jpg,Pablo_Picasso,Pablo_Picasso,10,remove,False
Pablo_Picasso_264.jpg,Pablo_Picasso_264.jpg,Pablo_Picasso,Pablo_Picasso,0,keep,False
Francisco_Goya_9.jpg,Francisco_Goya_107.jpg,Francisco_Goya,Francisco_Goya,6,remove,False
Francisco_Goya_9.jpg,Francisco_Goya_9.jpg,Francisco_Goya,Francisco_Goya,0,keep,False
Edgar_Degas_699.jpg,Edgar_Degas_429.jpg,Edgar_Degas,Edgar_Degas,8,remove,False
Edgar_Degas_699.jpg,Edgar_Degas_109.jpg,Edgar_Degas,Edgar_Degas,4,remove,False
Edgar_Degas_699.jpg,Edgar_Degas_699.jpg,Edgar_Degas,Edgar_Degas,0,keep,False
Albrecht_Dürer_272.jpg,Albrecht_Du╠êrer_272.jpg,Albrecht_Dürer,Albrecht_Dürer,0,remove,False
Albrecht_Dürer_272.jpg,Albrecht_Dürer_272.jpg,Albrecht_Dürer,Albrecht_Dürer,0,keep,False
Francisco_Goya_224.jpg,Rembrandt_246.jpg,Francisco_Goya,Rembrandt,12,remove,True
Francisco_Goya_224.jpg,Rembrandt_239.jpg,Francisco_Goya,Rembrandt,10,remove,True
Francisco_Goya_224.jpg,Francisco_Goya_224.jpg,Francisco_Goya,Francisco_Goya,0,keep,False
Albrecht_Du╠êrer_170.jpg,Albrecht_Dürer_170.jpg,Albrecht_Dürer,Albrecht_Dürer,0,remove,False
Albrecht_Du╠êrer_170.jpg,Albrecht_Du╠êrer_170.jpg,Albrecht_Dürer,Albrecht_Dürer,0,keep,False
Edgar_Degas_243.jpg,Edgar_Degas_217.jpg,Edgar_Degas,Edgar_Degas,8,remove,False
Edgar_Degas_243.jpg,Edgar_Degas_243.jpg,Edgar_Degas,Edgar_Degas,0,keep,False
Albrecht_Du╠êrer_54.jpg,Albrecht_Dürer_54.jpg,Albrecht_Dürer,Albrecht_Dürer,0,remove,False
Albrecht_Du╠êrer_54.jpg,Albrecht_Du╠êrer_54.jpg,Albrecht_Dürer,Albrecht_Dürer,0,keep,False
Albrecht_Dürer_196.jpg,Albrecht_Du╠êrer_196.jpg,Albrecht_Dürer,Albrecht_Dürer,0,remove,False
Albrecht_Dürer_196.jpg,Albrecht_Dürer_196.jpg,Albrecht_Dürer,Albrecht_Dürer,0,keep,False
Albrecht_Dürer_277.jpg,Albrecht_Du╠êrer_277.jpg,Albrecht_Dürer,Albrecht_Dürer,0,remove,False
Albrecht_Dürer_277.jpg,Albrecht_Dürer_277.jpg,Albrecht_Dürer,Albrecht_Dürer,0,keep,False
Albrecht_Du╠êrer_200.jpg,Albrecht_Dürer_200.jpg,Albrecht_Dürer,Albrecht_Dürer,0,remove,False
Albrecht_Du╠êrer_200.jpg,Albrecht_Du╠êrer_200.jpg,Albrecht_Dürer,Albrecht_Dürer,0,keep,False
Vincent_van_Gogh_212.jpg,Vincent_van_Gogh_876.jpg,Vincent_van_Gogh,Vincent_van_Gogh,6,remove,False
Vincent_van_Gogh_212.jpg,Vincent_van_Gogh_212.jpg,Vincent_van_Gogh,Vincent_van_Gogh,0,keep,False
Edgar_Degas_647.jpg,Edgar_Degas_406.jpg,Edgar_Degas,Edgar_Degas,8,remove,False
Edgar_Degas_647.jpg,Edgar_Degas_647.jpg,Edgar_Degas,Edgar_Degas,0,keep,False
Edgar_Degas_335.jpg,Edgar_Degas_626.jpg,Edgar_Degas,Edgar_Degas,8,remove,False
Edgar_Degas_335.jpg,Edgar_Degas_335.jpg,Edgar_Degas,Edgar_Degas,0,keep,False
Albrecht_Du╠êrer_147.jpg,Albrecht_Dürer_147.jpg,Albrecht_Dürer,Albrecht_Dürer,0,remove,False
Albrecht_Du╠êrer_147.jpg,Albrecht_Du╠êrer_147.jpg,Albrecht_Dürer,Albrecht_Dürer,0,keep,False
Albrecht_Dürer_310.jpg,Albrecht_Du╠êrer_310.jpg,Albrecht_Dürer,Albrecht_Dürer,0,remove,False
Albrecht_Dürer_310.jpg,Albrecht_Dürer_310.jpg,Albrecht_Dürer,Albrecht_Dürer,0,keep,False
Albrecht_Du╠êrer_209.jpg,Albrecht_Dürer_209.jpg,Albrecht_Dürer,Albrecht_Dürer,0,remove,False
Albrecht_Du╠êrer_209.jpg,Albrecht_Du╠êrer_209.jpg,Albrecht_Dürer,Albrecht_Dürer,0,keep,False
Francisco_Goya_268.jpg,Francisco_Goya_174.jpg,Francisco_Goya,Francisco_Goya,10,remove,False
Francisco_Goya_268.jpg,Francisco_Goya_268.jpg,Francisco_Goya,Francisco_Goya,0,keep,False
Vincent_van_Gogh_425.jpg,Vincent_van_Gogh_657.jpg,Vincent_van_Gogh,Vincent_van_Gogh,8,remove,False
Vincent_van_Gogh_425.jpg,Vincent_van_Gogh_425.jpg,Vincent_van_Gogh,Vincent_van_Gogh,0,keep,False
Pablo_Picasso_115.jpg,Pablo_Picasso_282.jpg,Pablo_Picasso,Pablo_Picasso,6,remove,False
Pablo_Picasso_115.jpg,Pablo_Picasso_115.jpg,Pablo_Picasso,Pablo_Picasso,0,keep,False
Albrecht_Du╠êrer_258.jpg,Albrecht_Dürer_258.jpg,Albrecht_Dürer,Albrecht_Dürer,0,remove,False
Albrecht_Du╠êrer_258.jpg,Albrecht_Du╠êrer_258.jpg,Albrecht_Dürer,Albrecht_Dürer,0,keep,False
Edgar_Degas_576.jpg,Edgar_Degas_656.jpg,Edgar_Degas,Edgar_Degas,6,remove,False
Edgar_Degas_576.jpg,Edgar_Degas_576.jpg,Edgar_Degas,Edgar_Degas,0,keep,False
Albrecht_Dürer_65.jpg,Albrecht_Du╠êrer_65.jpg,Albrecht_Dürer,Albrecht_Dürer,0,remove,False
Albrecht_Dürer_65.jpg,Albrecht_Dürer_65.jpg,Albrecht_Dürer,Albrecht_Dürer,0,keep,False
Vincent_van_Gogh_457.jpg,Vincent_van_Gogh_524.jpg,Vincent_van_Gogh,Vincent_van_Gogh,4,remove,False
Vincent_van_Gogh_457.jpg,Vincent_van_Gogh_457.jpg,Vincent_van_Gogh,Vincent_van_Gogh,0,keep,False
Vincent_van_Gogh_247.jpg,Vincent_van_Gogh_437.jpg,Vincent_van_Gogh,Vincent_van_Gogh,2,remove,False
Vincent_van_Gogh_247.jpg,Vincent_van_Gogh_247.jpg,Vincent_van_Gogh,Vincent_van_Gogh,0,keep,False
Edgar_Degas_469.jpg,Edgar_Degas_664.jpg,Edgar_Degas,Edgar_Degas,4,remove,False
Edgar_Degas_469.jpg,Edgar_Degas_469.jpg,Edgar_Degas,Edgar_Degas,0,keep,False
Vincent_van_Gogh_2.jpg,Vincent_van_Gogh_122.jpg,Vincent_van_Gogh,Vincent_van_Gogh,4,remove,False
Vincent_van_Gogh_2.jpg,Vincent_van_Gogh_2.jpg,Vincent_van_Gogh,Vincent_van_Gogh,0,keep,False
Titian_46.jpg,Edgar_Degas_388.jpg,Titian,Edgar_Degas,10,remove,True
Titian_46.jpg,Titian_46.jpg,Titian,Titian,0,keep,False
Albrecht_Dürer_159.jpg,Albrecht_Du╠êrer_159.jpg,Albrecht_Dürer,Albrecht_Dürer,0,remove,False
Albrecht_Dürer_159.jpg,Albrecht_Dürer_159.jpg,Albrecht_Dürer,Albrecht_Dürer,0,keep,False
Edgar_Degas_603.jpg,Edgar_Degas_181.jpg,Edgar_Degas,Edgar_Degas,8,remove,False
Edgar_Degas_603.jpg,Edgar_Degas_603.jpg,Edgar_Degas,Edgar_Degas,0,keep,False
Albrecht_Dürer_309.jpg,Albrecht_Du╠êrer_309.jpg,Albrecht_Dürer,Albrecht_Dürer,0,remove,False
Albrecht_Dürer_309.jpg,Albrecht_Dürer_309.jpg,Albrecht_Dürer,Albrecht_Dürer,0,keep,False
Rembrandt_174.jpg,Rembrandt_36.jpg,Rembrandt,Rembrandt,10,remove,False
Rembrandt_174.jpg,Rembrandt_174.jpg,Rembrandt,Rembrandt,0,keep,False
Albrecht_Dürer_279.jpg,Albrecht_Du╠êrer_279.jpg,Albrecht_Dürer,Albrecht_Dürer,0,remove,False
Albrecht_Dürer_279.jpg,Albrecht_Dürer_279.jpg,Albrecht_Dürer,Albrecht_Dürer,0,keep,False
Albrecht_Du╠êrer_106.jpg,Albrecht_Dürer_106.jpg,Albrecht_Dürer,Albrecht_Dürer,0,remove,False
Albrecht_Du╠êrer_106.jpg,Albrecht_Du╠êrer_106.jpg,Albrecht_Dürer,Albrecht_Dürer,0,keep,False
Vincent_van_Gogh_235.jpg,Vincent_van_Gogh_761.jpg,Vincent_van_Gogh,Vincent_van_Gogh,6,remove,False
Vincent_van_Gogh_235.jpg,Vincent_van_Gogh_235.jpg,Vincent_van_Gogh,Vincent_van_Gogh,0,keep,False
Edgar_Degas_358.jpg,Edgar_Degas_330.jpg,Edgar_Degas,Edgar_Degas,4,remove,False
Edgar_Degas_358.jpg,Edgar_Degas_358.jpg,Edgar_Degas,Edgar_Degas,0,keep,False
Edgar_Degas_10.jpg,Edgar_Degas_473.jpg,Edgar_Degas,Edgar_Degas,2,remove,False
Edgar_Degas_10.jpg,Edgar_Degas_650.jpg,Edgar_Degas,Edgar_Degas,4,remove,False
Edgar_Degas_10.jpg,Edgar_Degas_10.jpg,Edgar_Degas,Edgar_Degas,0,keep,False
Albrecht_Du╠êrer_2.jpg,Albrecht_Dürer_2.jpg,Albrecht_Dürer,Albrecht_Dürer,0,remove,False
Albrecht_Du╠êrer_2.jpg,Albrecht_Du╠êrer_2.jpg,Albrecht_Dürer,Albrecht_Dürer,0,keep,False
Vincent_van_Gogh_395.jpg,Vincent_van_Gogh_170.jpg,Vincent_van_Gogh,Vincent_van_Gogh,10,remove,False
Vincent_van_Gogh_395.jpg,Vincent_van_Gogh_395.jpg,Vincent_van_Gogh,Vincent_van_Gogh,0,keep,False
Albrecht_Du╠êrer_248.jpg,Albrecht_Dürer_248.jpg,Albrecht_Dürer,Albrecht_Dürer,0,remove,False
Albrecht_Du╠êrer_248.jpg,Albrecht_Du╠êrer_248.jpg,Albrecht_Dürer,Albrecht_Dürer,0,keep,False
Alfred_Sisley_160.jpg,Alfred_Sisley_7.jpg,Alfred_Sisley,Alfred_Sisley,6,remove,False
Alfred_Sisley_160.jpg,Alfred_Sisley_160.jpg,Alfred_Sisley,Alfred_Sisley,0,keep,False
Edgar_Degas_661.jpg,Edgar_Degas_482.jpg,Edgar_Degas,Edgar_Degas,10,remove,False
Edgar_Degas_661.jpg,Edgar_Degas_661.jpg,Edgar_Degas,Edgar_Degas,0,keep,False
Albrecht_Dürer_7.jpg,Albrecht_Du╠êrer_7.jpg,Albrecht_Dürer,Albrecht_Dürer,0,remove,False
Albrecht_Dürer_7.jpg,Albrecht_Dürer_7.jpg,Albrecht_Dürer,Albrecht_Dürer,0,keep,False
Edgar_Degas_668.jpg,Edgar_Degas_283.jpg,Edgar_Degas,Edgar_Degas,8,remove,False
Edgar_Degas_668.jpg,Edgar_Degas_668.jpg,Edgar_Degas,Edgar_Degas,0,keep,False
Edgar_Degas_516.jpg,Edgar_Degas_638.jpg,Edgar_Degas,Edgar_Degas,4,remove,False
Edgar_Degas_516.jpg,Edgar_Degas_97.jpg,Edgar_Degas,Edgar_Degas,2,remove,False
Edgar_Degas_516.jpg,Edgar_Degas_516.jpg,Edgar_Degas,Edgar_Degas,0,keep,False
Albrecht_Du╠êrer_245.jpg,Albrecht_Dürer_245.jpg,Albrecht_Dürer,Albrecht_Dürer,0,remove,False
Albrecht_Du╠êrer_245.jpg,Albrecht_Du╠êrer_245.jpg,Albrecht_Dürer,Albrecht_Dürer,0,keep,False
Albrecht_Du╠êrer_151.jpg,Albrecht_Dürer_151.jpg,Albrecht_Dürer,Albrecht_Dürer,0,remove,False
Albrecht_Du╠êrer_151.jpg,Albrecht_Du╠êrer_151.jpg,Albrecht_Dürer,Albrecht_Dürer,0,keep,False
Edgar_Degas_34.jpg,Edgar_Degas_420.jpg,Edgar_Degas,Edgar_Degas,4,remove,False
Edgar_Degas_34.jpg,Edgar_Degas_628.jpg,Edgar_Degas,Edgar_Degas,8,remove,False
Edgar_Degas_34.jpg,Edgar_Degas_34.jpg,Edgar_Degas,Edgar_Degas,0,keep,False
Albrecht_Dürer_262.jpg,Albrecht_Du╠êrer_262.jpg,Albrecht_Dürer,Albrecht_Dürer,0,remove,False
Albrecht_Dürer_262.jpg,Albrecht_Dürer_262.jpg,Albrecht_Dürer,Albrecht_Dürer,0,keep,False
Albrecht_Du╠êrer_235.jpg,Albrecht_Dürer_235.jpg,Albrecht_Dürer,Albrecht_Dürer,0,remove,False
Albrecht_Du╠êrer_235.jpg,Albrecht_Du╠êrer_235.jpg,Albrecht_Dürer,Albrecht_Dürer,0,keep,False
Albrecht_Du╠êrer_83.jpg,Albrecht_Dürer_83.jpg,Albrecht_Dürer,Albrecht_Dürer,0,remove,False
Albrecht_Du╠êrer_83.jpg,Albrecht_Du╠êrer_83.jpg,Albrecht_Dürer,Albrecht_Dürer,0,keep,False
Albrecht_Dürer_149.jpg,Albrecht_Du╠êrer_149.jpg,Albrecht_Dürer,Albrecht_Dürer,0,remove,False
Albrecht_Dürer_149.jpg,Albrecht_Dürer_149.jpg,Albrecht_Dürer,Albrecht_Dürer,0,keep,False
Vincent_van_Gogh_108.jpg,Vincent_van_Gogh_302.jpg,Vincent_van_Gogh,Vincent_van_Gogh,12,remove,False
Vincent_van_Gogh_108.jpg,Vincent_van_Gogh_323.jpg,Vincent_van_Gogh,Vincent_van_Gogh,10,remove,False
Vincent_van_Gogh_108.jpg,Vincent_van_Gogh_108.jpg,Vincent_van_Gogh,Vincent_van_Gogh,0,keep,False
Vincent_van_Gogh_78.jpg,Vincent_van_Gogh_449.jpg,Vincent_van_Gogh,Vincent_van_Gogh,6,remove,False
Vincent_van_Gogh_78.jpg,Vincent_van_Gogh_78.jpg,Vincent_van_Gogh,Vincent_van_Gogh,0,keep,False
Vincent_van_Gogh_775.jpg,Vincent_van_Gogh_307.jpg,Vincent_van_Gogh,Vincent_van_Gogh,6,remove,False
Vincent_van_Gogh_775.jpg,Vincent_van_Gogh_775.jpg,Vincent_van_Gogh,Vincent_van_Gogh,0,keep,False
Albrecht_Du╠êrer_278.jpg,Albrecht_Dürer_278.jpg,Albrecht_Dürer,Albrecht_Dürer,0,remove,False
Albrecht_Du╠êrer_278.jpg,Albrecht_Du╠êrer_278.jpg,Albrecht_Dürer,Albrecht_Dürer,0,keep,False
Vincent_van_Gogh_412.jpg,Vincent_van_Gogh_246.jpg,Vincent_van_Gogh,Vincent_van_Gogh,8,remove,False
Vincent_van_Gogh_412.jpg,Vincent_van_Gogh_412.jpg,Vincent_van_Gogh,Vincent_van_Gogh,0,keep,False
Albrecht_Dürer_44.jpg,Albrecht_Du╠êrer_44.jpg,Albrecht_Dürer,Albrecht_Dürer,0,remove,False
Albrecht_Dürer_44.jpg,Albrecht_Dürer_44.jpg,Albrecht_Dürer,Albrecht_Dürer,0,keep,False
Albrecht_Du╠êrer_205.jpg,Albrecht_Dürer_205.jpg,Albrecht_Dürer,Albrecht_Dürer,0,remove,False
Albrecht_Du╠êrer_205.jpg,Albrecht_Du╠êrer_205.jpg,Albrecht_Dürer,Albrecht_Dürer,0,keep,False
Albrecht_Du╠êrer_244.jpg,Albrecht_Dürer_244.jpg,Albrecht_Dürer,Albrecht_Dürer,0,remove,False
Albrecht_Du╠êrer_244.jpg,Albrecht_Du╠êrer_244.jpg,Albrecht_Dürer,Albrecht_Dürer,0,keep,False
Albrecht_Dürer_219.jpg,Albrecht_Du╠êrer_219.jpg,Albrecht_Dürer,Albrecht_Dürer,0,remove,False
Albrecht_Dürer_219.jpg,Albrecht_Dürer_219.jpg,Albrecht_Dürer,Albrecht_Dürer,0,keep,False
Rembrandt_65.jpg,Rembrandt_236.jpg,Rembrandt,Rembrandt,10,remove,False
Rembrandt_65.jpg,Rembrandt_65.jpg,Rembrandt,Rembrandt,0,keep,False
Edgar_Degas_361.jpg,Edgar_Degas_687.jpg,Edgar_Degas,Edgar_Degas,6,remove,False
Edgar_Degas_361.jpg,Edgar_Degas_639.jpg,Edgar_Degas,Edgar_Degas,8,remove,False
Edgar_Degas_361.jpg,Edgar_Degas_347.jpg,Edgar_Degas,Edgar_Degas,6,remove,False
Edgar_Degas_361.jpg,Edgar_Degas_361.jpg,Edgar_Degas,Edgar_Degas,0,keep,False
Albrecht_Du╠êrer_216.jpg,Albrecht_Dürer_216.jpg,Albrecht_Dürer,Albrecht_Dürer,0,remove,False
Albrecht_Du╠êrer_216.jpg,Albrecht_Du╠êrer_216.jpg,Albrecht_Dürer,Albrecht_Dürer,0,keep,False
Albrecht_Du╠êrer_254.jpg,Albrecht_Dürer_254.jpg,Albrecht_Dürer,Albrecht_Dürer,0,remove,False
Albrecht_Du╠êrer_254.jpg,Albrecht_Du╠êrer_254.jpg,Albrecht_Dürer,Albrecht_Dürer,0,keep,False
Pablo_Picasso_194.jpg,Pablo_Picasso_3.jpg,Pablo_Picasso,Pablo_Picasso,8,remove,False
Pablo_Picasso_194.jpg,Pablo_Picasso_194.jpg,Pablo_Picasso,Pablo_Picasso,0,keep,False
Vincent_van_Gogh_420.jpg,Vincent_van_Gogh_738.jpg,Vincent_van_Gogh,Vincent_van_Gogh,8,remove,False
Vincent_van_Gogh_420.jpg,Vincent_van_Gogh_420.jpg,Vincent_van_Gogh,Vincent_van_Gogh,0,keep,False
Rembrandt_167.jpg,Rembrandt_175.jpg,Rembrandt,Rembrandt,8,remove,False
Rembrandt_167.jpg,Rembrandt_167.jpg,Rembrandt,Rembrandt,0,keep,False
Pierre-Auguste_Renoir_2.jpg,Pierre-Auguste_Renoir_164.jpg,Pierre-Auguste_Renoir,Pierre-Auguste_Renoir,0,remove,False
Pierre-Auguste_Renoir_2.jpg,Pierre-Auguste_Renoir_2.jpg,Pierre-Auguste_Renoir,Pierre-Auguste_Renoir,0,keep,False
Edgar_Degas_701.jpg,Edgar_Degas_395.jpg,Edgar_Degas,Edgar_Degas,6,remove,False
Edgar_Degas_701.jpg,Edgar_Degas_701.jpg,Edgar_Degas,Edgar_Degas,0,keep,False
Vincent_van_Gogh_227.jpg,Vincent_van_Gogh_263.jpg,Vincent_van_Gogh,Vincent_van_Gogh,2,remove,False
Vincent_van_Gogh_227.jpg,Vincent_van_Gogh_227.jpg,Vincent_van_Gogh,Vincent_van_Gogh,0,keep,False
Vincent_van_Gogh_21.jpg,Vincent_van_Gogh_205.jpg,Vincent_van_Gogh,Vincent_van_Gogh,8,remove,False
Vincent_van_Gogh_21.jpg,Vincent_van_Gogh_21.jpg,Vincent_van_Gogh,Vincent_van_Gogh,0,keep,False
Albrecht_Du╠êrer_135.jpg,Albrecht_Dürer_135.jpg,Albrecht_Dürer,Albrecht_Dürer,0,remove,False
Albrecht_Du╠êrer_135.jpg,Albrecht_Du╠êrer_135.jpg,Albrecht_Dürer,Albrecht_Dürer,0,keep,False
Titian_193.jpg,Titian_16.jpg,Titian,Titian,10,remove,False
Titian_193.jpg,Titian_193.jpg,Titian,Titian,0,keep,False
Albrecht_Dürer_275.jpg,Albrecht_Du╠êrer_275.jpg,Albrecht_Dürer,Albrecht_Dürer,0,remove,False
Albrecht_Dürer_275.jpg,Albrecht_Dürer_275.jpg,Albrecht_Dürer,Albrecht_Dürer,0,keep,False
Vincent_van_Gogh_727.jpg,Vincent_van_Gogh_147.jpg,Vincent_van_Gogh,Vincent_van_Gogh,0,remove,False
Vincent_van_Gogh_727.jpg,Vincent_van_Gogh_727.jpg,Vincent_van_Gogh,Vincent_van_Gogh,0,keep,False
Vincent_van_Gogh_218.jpg,Vincent_van_Gogh_724.jpg,Vincent_van_Gogh,Vincent_van_Gogh,2,remove,False
Vincent_van_Gogh_218.jpg,Vincent_van_Gogh_218.jpg,Vincent_van_Gogh,Vincent_van_Gogh,0,keep,False
Albrecht_Du╠êrer_185.jpg,Albrecht_Dürer_185.jpg,Albrecht_Dürer,Albrecht_Dürer,0,remove,False
Albrecht_Du╠êrer_185.jpg,Albrecht_Du╠êrer_185.jpg,Albrecht_Dürer,Albrecht_Dürer,0,keep,False
Albrecht_Du╠êrer_173.jpg,Albrecht_Dürer_173.jpg,Albrecht_Dürer,Albrecht_Dürer,0,remove,False
Albrecht_Du╠êrer_173.jpg,Albrecht_Du╠êrer_173.jpg,Albrecht_Dürer,Albrecht_Dürer,0,keep,False
Albrecht_Du╠êrer_263.jpg,Albrecht_Dürer_263.jpg,Albrecht_Dürer,Albrecht_Dürer,0,remove,False
Albrecht_Du╠êrer_263.jpg,Albrecht_Du╠êrer_263.jpg,Albrecht_Dürer,Albrecht_Dürer,0,keep,False
Titian_3.jpg,Titian_4.jpg,Titian,Titian,4,remove,False
Titian_3.jpg,Titian_3.jpg,Titian,Titian,0,keep,False
Vincent_van_Gogh_518.jpg,Vincent_van_Gogh_254.jpg,Vincent_van_Gogh,Vincent_van_Gogh,10,remove,False
Vincent_van_Gogh_518.jpg,Vincent_van_Gogh_518.jpg,Vincent_van_Gogh,Vincent_van_Gogh,0,keep,False
Albrecht_Du╠êrer_16.jpg,Albrecht_Dürer_16.jpg,Albrecht_Dürer,Albrecht_Dürer,0,remove,False
Albrecht_Du╠êrer_16.jpg,Albrecht_Du╠êrer_16.jpg,Albrecht_Dürer,Albrecht_Dürer,0,keep,False
Albrecht_Dürer_253.jpg,Albrecht_Du╠êrer_253.jpg,Albrecht_Dürer,Albrecht_Dürer,0,remove,False
Albrecht_Dürer_253.jpg,Albrecht_Dürer_253.jpg,Albrecht_Dürer,Albrecht_Dürer,0,keep,False
Albrecht_Dürer_166.jpg,Albrecht_Du╠êrer_166.jpg,Albrecht_Dürer,Albrecht_Dürer,0,remove,False
Albrecht_Dürer_166.jpg,Albrecht_Dürer_166.jpg,Albrecht_Dürer,Albrecht_Dürer,0,keep,False
Vincent_van_Gogh_127.jpg,Vincent_van_Gogh_16.jpg,Vincent_van_Gogh,Vincent_van_Gogh,6,remove,False
Vincent_van_Gogh_127.jpg,Vincent_van_Gogh_127.jpg,Vincent_van_Gogh,Vincent_van_Gogh,0,keep,False
Albrecht_Du╠êrer_259.jpg,Albrecht_Dürer_259.jpg,Albrecht_Dürer,Albrecht_Dürer,0,remove,False
Albrecht_Du╠êrer_259.jpg,Albrecht_Du╠êrer_259.jpg,Albrecht_Dürer,Albrecht_Dürer,0,keep,False
Albrecht_Dürer_131.jpg,Albrecht_Du╠êrer_131.jpg,Albrecht_Dürer,Albrecht_Dürer,0,remove,False
Albrecht_Dürer_131.jpg,Albrecht_Dürer_131.jpg,Albrecht_Dürer,Albrecht_Dürer,0,keep,False
Albrecht_Du╠êrer_52.jpg,Albrecht_Dürer_52.jpg,Albrecht_Dürer,Albrecht_Dürer,0,remove,False
Albrecht_Du╠êrer_52.jpg,Albrecht_Du╠êrer_52.jpg,Albrecht_Dürer,Albrecht_Dürer,0,keep,False
Albrecht_Du╠êrer_271.jpg,Albrecht_Dürer_271.jpg,Albrecht_Dürer,Albrecht_Dürer,0,remove,False
Albrecht_Du╠êrer_271.jpg,Albrecht_Du╠êrer_271.jpg,Albrecht_Dürer,Albrecht_Dürer,0,keep,False
Albrecht_Du╠êrer_226.jpg,Albrecht_Dürer_226.jpg,Albrecht_Dürer,Albrecht_Dürer,0,remove,False
Albrecht_Du╠êrer_226.jpg,Albrecht_Du╠êrer_226.jpg,Albrecht_Dürer,Albrecht_Dürer,0,keep,False
Albrecht_Du╠êrer_119.jpg,Albrecht_Dürer_119.jpg,Albrecht_Dürer,Albrecht_Dürer,0,remove,False
Albrecht_Du╠êrer_119.jpg,Albrecht_Du╠êrer_119.jpg,Albrecht_Dürer,Albrecht_Dürer,0,keep,False
Albrecht_Dürer_66.jpg,Albrecht_Du╠êrer_66.jpg,Albrecht_Dürer,Albrecht_Dürer,0,remove,False
Albrecht_Dürer_66.jpg,Albrecht_Dürer_66.jpg,Albrecht_Dürer,Albrecht_Dürer,0,keep,False
Edgar_Degas_648.jpg,Edgar_Degas_702.jpg,Edgar_Degas,Edgar_Degas,8,remove,False
Edgar_Degas_648.jpg,Edgar_Degas_648.jpg,Edgar_Degas,Edgar_Degas,0,keep,False
Albrecht_Dürer_182.jpg,Albrecht_Du╠êrer_182.jpg,Albrecht_Dürer,Albrecht_Dürer,0,remove,False
Albrecht_Dürer_182.jpg,Albrecht_Dürer_182.jpg,Albrecht_Dürer,Albrecht_Dürer,0,keep,False
Vincent_van_Gogh_548.jpg,Vincent_van_Gogh_51.jpg,Vincent_van_Gogh,Vincent_van_Gogh,2,remove,False
Vincent_van_Gogh_548.jpg,Vincent_van_Gogh_548.jpg,Vincent_van_Gogh,Vincent_van_Gogh,0,keep,False
Albrecht_Du╠êrer_228.jpg,Albrecht_Dürer_228.jpg,Albrecht_Dürer,Albrecht_Dürer,0,remove,False
Albrecht_Du╠êrer_228.jpg,Albrecht_Du╠êrer_228.jpg,Albrecht_Dürer,Albrecht_Dürer,0,keep,False
Albrecht_Dürer_3.jpg,Albrecht_Du╠êrer_3.jpg,Albrecht_Dürer,Albrecht_Dürer,0,remove,False
Albrecht_Dürer_3.jpg,Albrecht_Dürer_3.jpg,Albrecht_Dürer,Albrecht_Dürer,0,keep,False
Albrecht_Dürer_181.jpg,Albrecht_Du╠êrer_181.jpg,Albrecht_Dürer,Albrecht_Dürer,0,remove,False
Albrecht_Dürer_181.jpg,Albrecht_Dürer_181.jpg,Albrecht_Dürer,Albrecht_Dürer,0,keep,False
Albrecht_Du╠êrer_229.jpg,Albrecht_Dürer_229.jpg,Albrecht_Dürer,Albrecht_Dürer,0,remove,False
Albrecht_Du╠êrer_229.jpg,Albrecht_Du╠êrer_229.jpg,Albrecht_Dürer,Albrecht_Dürer,0,keep,False
Vincent_van_Gogh_144.jpg,Vincent_van_Gogh_84.jpg,Vincent_van_Gogh,Vincent_van_Gogh,6,remove,False
Vincent_van_Gogh_144.jpg,Vincent_van_Gogh_144.jpg,Vincent_van_Gogh,Vincent_van_Gogh,0,keep,False
Albrecht_Dürer_212.jpg,Albrecht_Du╠êrer_23.jpg,Albrecht_Dürer,Albrecht_Dürer,4,remove,False
Albrecht_Dürer_212.jpg,Albrecht_Dürer_23.jpg,Albrecht_Dürer,Albrecht_Dürer,4,remove,False
Albrecht_Dürer_212.jpg,Albrecht_Du╠êrer_212.jpg,Albrecht_Dürer,Albrecht_Dürer,0,remove,False
Albrecht_Dürer_212.jpg,Albrecht_Dürer_212.jpg,Albrecht_Dürer,Albrecht_Dürer,0,keep,False
Albrecht_Du╠êrer_97.jpg,Albrecht_Dürer_97.jpg,Albrecht_Dürer,Albrecht_Dürer,0,remove,False
Albrecht_Du╠êrer_97.jpg,Albrecht_Du╠êrer_97.jpg,Albrecht_Dürer,Albrecht_Dürer,0,keep,False
Vincent_van_Gogh_327.jpg,Vincent_van_Gogh_370.jpg,Vincent_van_Gogh,Vincent_van_Gogh,8,remove,False
Vincent_van_Gogh_327.jpg,Vincent_van_Gogh_327.jpg,Vincent_van_Gogh,Vincent_van_Gogh,0,keep,False
Edgar_Degas_391.jpg,Edgar_Degas_13.jpg,Edgar_Degas,Edgar_Degas,4,remove,False
Edgar_Degas_391.jpg,Edgar_Degas_391.jpg,Edgar_Degas,Edgar_Degas,0,keep,False
Vincent_van_Gogh_647.jpg,Vincent_van_Gogh_795.jpg,Vincent_van_Gogh,Vincent_van_Gogh,6,remove,False
Vincent_van_Gogh_647.jpg,Vincent_van_Gogh_647.jpg,Vincent_van_Gogh,Vincent_van_Gogh,0,keep,False
Albrecht_Dürer_210.jpg,Albrecht_Du╠êrer_210.jpg,Albrecht_Dürer,Albrecht_Dürer,0,remove,False
Albrecht_Dürer_210.jpg,Albrecht_Dürer_210.jpg,Albrecht_Dürer,Albrecht_Dürer,0,keep,False
Rembrandt_24.jpg,Rembrandt_40.jpg,Rembrandt,Rembrandt,10,remove,False
Rembrandt_24.jpg,Rembrandt_24.jpg,Rembrandt,Rembrandt,0,keep,False
Albrecht_Dürer_141.jpg,Albrecht_Du╠êrer_141.jpg,Albrecht_Dürer,Albrecht_Dürer,0,remove,False
Albrecht_Dürer_141.jpg,Albrecht_Dürer_141.jpg,Albrecht_Dürer,Albrecht_Dürer,0,keep,False
Albrecht_Du╠êrer_113.jpg,Albrecht_Dürer_113.jpg,Albrecht_Dürer,Albrecht_Dürer,0,remove,False
Albrecht_Du╠êrer_113.jpg,Albrecht_Du╠êrer_113.jpg,Albrecht_Dürer,Albrecht_Dürer,0,keep,False
Albrecht_Du╠êrer_125.jpg,Albrecht_Dürer_125.jpg,Albrecht_Dürer,Albrecht_Dürer,0,remove,False
Albrecht_Du╠êrer_125.jpg,Albrecht_Du╠êrer_125.jpg,Albrecht_Dürer,Albrecht_Dürer,0,keep,False
Albrecht_Dürer_134.jpg,Albrecht_Du╠êrer_134.jpg,Albrecht_Dürer,Albrecht_Dürer,0,remove,False
Albrecht_Dürer_134.jpg,Albrecht_Dürer_134.jpg,Albrecht_Dürer,Albrecht_Dürer,0,keep,False
Edgar_Degas_679.jpg,Edgar_Degas_365.jpg,Edgar_Degas,Edgar_Degas,2,remove,False
Edgar_Degas_679.jpg,Edgar_Degas_679.jpg,Edgar_Degas,Edgar_Degas,0,keep,False
Albrecht_Dürer_304.jpg,Albrecht_Du╠êrer_304.jpg,Albrecht_Dürer,Albrecht_Dürer,0,remove,False
Albrecht_Dürer_304.jpg,Albrecht_Dürer_304.jpg,Albrecht_Dürer,Albrecht_Dürer,0,keep,False
Pablo_Picasso_251.jpg,Pablo_Picasso_71.jpg,Pablo_Picasso,Pablo_Picasso,10,remove,False
Pablo_Picasso_251.jpg,Pablo_Picasso_251.jpg,Pablo_Picasso,Pablo_Picasso,0,keep,False
Albrecht_Dürer_287.jpg,Albrecht_Du╠êrer_287.jpg,Albrecht_Dürer,Albrecht_Dürer,0,remove,False
Albrecht_Dürer_287.jpg,Albrecht_Dürer_287.jpg,Albrecht_Dürer,Albrecht_Dürer,0,keep,False
Pablo_Picasso_267.jpg,Pablo_Picasso_248.jpg,Pablo_Picasso,Pablo_Picasso,10,remove,False
Pablo_Picasso_267.jpg,Pablo_Picasso_267.jpg,Pablo_Picasso,Pablo_Picasso,0,keep,False
Albrecht_Dürer_162.jpg,Albrecht_Du╠êrer_162.jpg,Albrecht_Dürer,Albrecht_Dürer,0,remove,False
Albrecht_Dürer_162.jpg,Albrecht_Dürer_162.jpg,Albrecht_Dürer,Albrecht_Dürer,0,keep,False
Albrecht_Dürer_257.jpg,Albrecht_Du╠êrer_257.jpg,Albrecht_Dürer,Albrecht_Dürer,0,remove,False
Albrecht_Dürer_257.jpg,Albrecht_Dürer_257.jpg,Albrecht_Dürer,Albrecht_Dürer,0,keep,False
Albrecht_Du╠êrer_152.jpg,Albrecht_Dürer_152.jpg,Albrecht_Dürer,Albrecht_Dürer,0,remove,False
Albrecht_Du╠êrer_152.jpg,Albrecht_Du╠êrer_152.jpg,Albrecht_Dürer,Albrecht_Dürer,0,keep,False
Albrecht_Du╠êrer_129.jpg,Albrecht_Dürer_129.jpg,Albrecht_Dürer,Albrecht_Dürer,0,remove,False
Albrecht_Du╠êrer_129.jpg,Albrecht_Du╠êrer_129.jpg,Albrecht_Dürer,Albrecht_Dürer,0,keep,False
Albrecht_Dürer_220.jpg,Albrecht_Du╠êrer_220.jpg,Albrecht_Dürer,Albrecht_Dürer,0,remove,False
Albrecht_Dürer_220.jpg,Albrecht_Dürer_220.jpg,Albrecht_Dürer,Albrecht_Dürer,0,keep,False
Albrecht_Dürer_260.jpg,Albrecht_Du╠êrer_260.jpg,Albrecht_Dürer,Albrecht_Dürer,0,remove,False
Albrecht_Dürer_260.jpg,Albrecht_Dürer_260.jpg,Albrecht_Dürer,Albrecht_Dürer,0,keep,False
Albrecht_Dürer_144.jpg,Albrecht_Du╠êrer_144.jpg,Albrecht_Dürer,Albrecht_Dürer,0,remove,False
Albrecht_Dürer_144.jpg,Albrecht_Dürer_144.jpg,Albrecht_Dürer,Albrecht_Dürer,0,keep,False
Albrecht_Du╠êrer_237.jpg,Albrecht_Dürer_237.jpg,Albrecht_Dürer,Albrecht_Dürer,0,remove,False
Albrecht_Du╠êrer_237.jpg,Albrecht_Du╠êrer_237.jpg,Albrecht_Dürer,Albrecht_Dürer,0,keep,False
Albrecht_Dürer_192.jpg,Albrecht_Du╠êrer_192.jpg,Albrecht_Dürer,Albrecht_Dürer,0,remove,False
Albrecht_Dürer_192.jpg,Albrecht_Dürer_192.jpg,Albrecht_Dürer,Albrecht_Dürer,0,keep,False
Edgar_Degas_442.jpg,Edgar_Degas_452.jpg,Edgar_Degas,Edgar_Degas,4,remove,False
Edgar_Degas_442.jpg,Edgar_Degas_672.jpg,Edgar_Degas,Edgar_Degas,8,remove,False
Edgar_Degas_442.jpg,Edgar_Degas_410.jpg,Edgar_Degas,Edgar_Degas,8,remove,False
Edgar_Degas_442.jpg,Edgar_Degas_442.jpg,Edgar_Degas,Edgar_Degas,0,keep,False
Titian_221.jpg,Titian_33.jpg,Titian,Titian,8,remove,False
Titian_221.jpg,Titian_221.jpg,Titian,Titian,0,keep,False
Albrecht_Du╠êrer_215.jpg,Albrecht_Dürer_215.jpg,Albrecht_Dürer,Albrecht_Dürer,0,remove,False
Albrecht_Du╠êrer_215.jpg,Albrecht_Du╠êrer_215.jpg,Albrecht_Dürer,Albrecht_Dürer,0,keep,False
Albrecht_Dürer_120.jpg,Albrecht_Du╠êrer_120.jpg,Albrecht_Dürer,Albrecht_Dürer,0,remove,False
Albrecht_Dürer_120.jpg,Albrecht_Dürer_120.jpg,Albrecht_Dürer,Albrecht_Dürer,0,keep,False
Edgar_Degas_475.jpg,Edgar_Degas_44.jpg,Edgar_Degas,Edgar_Degas,8,remove,False
Edgar_Degas_475.jpg,Edgar_Degas_475.jpg,Edgar_Degas,Edgar_Degas,0,keep,False
Albrecht_Du╠êrer_111.jpg,Albrecht_Dürer_111.jpg,Albrecht_Dürer,Albrecht_Dürer,0,remove,False
Albrecht_Du╠êrer_111.jpg,Albrecht_Du╠êrer_111.jpg,Albrecht_Dürer,Albrecht_Dürer,0,keep,False
Edgar_Degas_303.jpg,Edgar_Degas_87.jpg,Edgar_Degas,Edgar_Degas,8,remove,False
Edgar_Degas_303.jpg,Edgar_Degas_261.jpg,Edgar_Degas,Edgar_Degas,8,remove,False
Edgar_Degas_303.jpg,Edgar_Degas_458.jpg,Edgar_Degas,Edgar_Degas,4,remove,False
Edgar_Degas_303.jpg,Edgar_Degas_303.jpg,Edgar_Degas,Edgar_Degas,0,keep,False
Albrecht_Dürer_102.jpg,Albrecht_Du╠êrer_102.jpg,Albrecht_Dürer,Albrecht_Dürer,0,remove,False
Albrecht_Dürer_102.jpg,Albrecht_Dürer_102.jpg,Albrecht_Dürer,Albrecht_Dürer,0,keep,False
Albrecht_Dürer_154.jpg,Albrecht_Du╠êrer_154.jpg,Albrecht_Dürer,Albrecht_Dürer,0,remove,False
Albrecht_Dürer_154.jpg,Albrecht_Dürer_154.jpg,Albrecht_Dürer,Albrecht_Dürer,0,keep,False
Albrecht_Du╠êrer_324.jpg,Albrecht_Dürer_324.jpg,Albrecht_Dürer,Albrecht_Dürer,0,remove,False
Albrecht_Du╠êrer_324.jpg,Albrecht_Du╠êrer_324.jpg,Albrecht_Dürer,Albrecht_Dürer,0,keep,False
Albrecht_Du╠êrer_87.jpg,Albrecht_Dürer_87.jpg,Albrecht_Dürer,Albrecht_Dürer,0,remove,False
Albrecht_Du╠êrer_87.jpg,Albrecht_Du╠êrer_87.jpg,Albrecht_Dürer,Albrecht_Dürer,0,keep,False
Edgar_Degas_673.jpg,Edgar_Degas_700.jpg,Edgar_Degas,Edgar_Degas,6,remove,False
Edgar_Degas_673.jpg,Edgar_Degas_455.jpg,Edgar_Degas,Edgar_Degas,2,remove,False
Edgar_Degas_673.jpg,Edgar_Degas_673.jpg,Edgar_Degas,Edgar_Degas,0,keep,False
Vincent_van_Gogh_592.jpg,Vincent_van_Gogh_634.jpg,Vincent_van_Gogh,Vincent_van_Gogh,4,remove,False
Vincent_van_Gogh_592.jpg,Vincent_van_Gogh_592.jpg,Vincent_van_Gogh,Vincent_van_Gogh,0,keep,False
Francisco_Goya_244.jpg,Francisco_Goya_113.jpg,Francisco_Goya,Francisco_Goya,10,remove,False
Francisco_Goya_244.jpg,Francisco_Goya_244.jpg,Francisco_Goya,Francisco_Goya,0,keep,False
Vincent_van_Gogh_107.jpg,Vincent_van_Gogh_473.jpg,Vincent_van_Gogh,Vincent_van_Gogh,0,remove,False
Vincent_van_Gogh_107.jpg,Vincent_van_Gogh_107.jpg,Vincent_van_Gogh,Vincent_van_Gogh,0,keep,False
Albrecht_Dürer_56.jpg,Albrecht_Du╠êrer_56.jpg,Albrecht_Dürer,Albrecht_Dürer,0,remove,False
Albrecht_Dürer_56.jpg,Albrecht_Dürer_56.jpg,Albrecht_Dürer,Albrecht_Dürer,0,keep,False
Albrecht_Dürer_57.jpg,Albrecht_Du╠êrer_57.jpg,Albrecht_Dürer,Albrecht_Dürer,0,remove,False
Albrecht_Dürer_57.jpg,Albrecht_Dürer_57.jpg,Albrecht_Dürer,Albrecht_Dürer,0,keep,False
Pablo_Picasso_1.jpg,Pablo_Picasso_405.jpg,Pablo_Picasso,Pablo_Picasso,8,remove,False
Pablo_Picasso_1.jpg,Pablo_Picasso_1.jpg,Pablo_Picasso,Pablo_Picasso,0,keep,False
Albrecht_Dürer_296.jpg,Albrecht_Du╠êrer_296.jpg,Albrecht_Dürer,Albrecht_Dürer,0,remove,False
Albrecht_Dürer_296.jpg,Albrecht_Dürer_296.jpg,Albrecht_Dürer,Albrecht_Dürer,0,keep,False
Albrecht_Dürer_231.jpg,Albrecht_Du╠êrer_231.jpg,Albrecht_Dürer,Albrecht_Dürer,0,remove,False
Albrecht_Dürer_231.jpg,Albrecht_Dürer_231.jpg,Albrecht_Dürer,Albrecht_Dürer,0,keep,False
Albrecht_Dürer_285.jpg,Albrecht_Du╠êrer_285.jpg,Albrecht_Dürer,Albrecht_Dürer,0,remove,False
Albrecht_Dürer_285.jpg,Albrecht_Dürer_285.jpg,Albrecht_Dürer,Albrecht_Dürer,0,keep,False
Vincent_van_Gogh_48.jpg,Vincent_van_Gogh_440.jpg,Vincent_van_Gogh,Vincent_van_Gogh,0,remove,False
Vincent_van_Gogh_48.jpg,Vincent_van_Gogh_48.jpg,Vincent_van_Gogh,Vincent_van_Gogh,0,keep,False
Albrecht_Dürer_249.jpg,Albrecht_Du╠êrer_249.jpg,Albrecht_Dürer,Albrecht_Dürer,0,remove,False
Albrecht_Dürer_249.jpg,Albrecht_Dürer_249.jpg,Albrecht_Dürer,Albrecht_Dürer,0,keep,False
Vincent_van_Gogh_660.jpg,Vincent_van_Gogh_820.jpg,Vincent_van_Gogh,Vincent_van_Gogh,4,remove,False
Vincent_van_Gogh_660.jpg,Vincent_van_Gogh_660.jpg,Vincent_van_Gogh,Vincent_van_Gogh,0,keep,False
Vincent_van_Gogh_334.jpg,Vincent_van_Gogh_343.jpg,Vincent_van_Gogh,Vincent_van_Gogh,2,remove,False
Vincent_van_Gogh_334.jpg,Vincent_van_Gogh_334.jpg,Vincent_van_Gogh,Vincent_van_Gogh,0,keep,False
Edgar_Degas_686.jpg,Edgar_Degas_682.jpg,Edgar_Degas,Edgar_Degas,4,remove,False
Edgar_Degas_686.jpg,Edgar_Degas_633.jpg,Edgar_Degas,Edgar_Degas,8,remove,False
Edgar_Degas_686.jpg,Edgar_Degas_260.jpg,Edgar_Degas,Edgar_Degas,12,remove,False
Edgar_Degas_686.jpg,Edgar_Degas_686.jpg,Edgar_Degas,Edgar_Degas,0,keep,False
Vincent_van_Gogh_575.jpg,Vincent_van_Gogh_431.jpg,Vincent_van_Gogh,Vincent_van_Gogh,8,remove,False
Vincent_van_Gogh_575.jpg,Vincent_van_Gogh_575.jpg,Vincent_van_Gogh,Vincent_van_Gogh,0,keep,False
Albrecht_Dürer_250.jpg,Albrecht_Du╠êrer_250.jpg,Albrecht_Dürer,Albrecht_Dürer,0,remove,False
Albrecht_Dürer_250.jpg,Albrecht_Dürer_250.jpg,Albrecht_Dürer,Albrecht_Dürer,0,keep,False
Albrecht_Dürer_177.jpg,Albrecht_Du╠êrer_177.jpg,Albrecht_Dürer,Albrecht_Dürer,0,remove,False
Albrecht_Dürer_177.jpg,Albrecht_Dürer_177.jpg,Albrecht_Dürer,Albrecht_Dürer,0,keep,False
Albrecht_Du╠êrer_321.jpg,Albrecht_Dürer_321.jpg,Albrecht_Dürer,Albrecht_Dürer,0,remove,False
Albrecht_Du╠êrer_321.jpg,Albrecht_Du╠êrer_321.jpg,Albrecht_Dürer,Albrecht_Dürer,0,keep,False
Albrecht_Du╠êrer_221.jpg,Albrecht_Dürer_221.jpg,Albrecht_Dürer,Albrecht_Dürer,0,remove,False
Albrecht_Du╠êrer_221.jpg,Albrecht_Du╠êrer_221.jpg,Albrecht_Dürer,Albrecht_Dürer,0,keep,False
Edgar_Degas_337.jpg,Edgar_Degas_415.jpg,Edgar_Degas,Edgar_Degas,4,remove,False
Edgar_Degas_337.jpg,Edgar_Degas_337.jpg,Edgar_Degas,Edgar_Degas,0,keep,False
Edgar_Degas_579.jpg,Edgar_Degas_153.jpg,Edgar_Degas,Edgar_Degas,4,remove,False
Edgar_Degas_579.jpg,Edgar_Degas_579.jpg,Edgar_Degas,Edgar_Degas,0,keep,False
Vincent_van_Gogh_417.jpg,Vincent_van_Gogh_443.jpg,Vincent_van_Gogh,Vincent_van_Gogh,6,remove,False
Vincent_van_Gogh_417.jpg,Vincent_van_Gogh_417.jpg,Vincent_van_Gogh,Vincent_van_Gogh,0,keep,False
Albrecht_Du╠êrer_284.jpg,Albrecht_Dürer_284.jpg,Albrecht_Dürer,Albrecht_Dürer,0,remove,False
Albrecht_Du╠êrer_284.jpg,Albrecht_Du╠êrer_284.jpg,Albrecht_Dürer,Albrecht_Dürer,0,keep,False
Albrecht_Du╠êrer_323.jpg,Albrecht_Du╠êrer_49.jpg,Albrecht_Dürer,Albrecht_Dürer,10,remove,False
Albrecht_Du╠êrer_323.jpg,Albrecht_Dürer_323.jpg,Albrecht_Dürer,Albrecht_Dürer,0,remove,False
Albrecht_Du╠êrer_323.jpg,Albrecht_Dürer_49.jpg,Albrecht_Dürer,Albrecht_Dürer,10,remove,False
Albrecht_Du╠êrer_323.jpg,Albrecht_Du╠êrer_323.jpg,Albrecht_Dürer,Albrecht_Dürer,0,keep,False
Albrecht_Du╠êrer_256.jpg,Albrecht_Dürer_256.jpg,Albrecht_Dürer,Albrecht_Dürer,0,remove,False
Albrecht_Du╠êrer_256.jpg,Albrecht_Du╠êrer_256.jpg,Albrecht_Dürer,Albrecht_Dürer,0,keep,False
Edgar_Degas_251.jpg,Edgar_Degas_694.jpg,Edgar_Degas,Edgar_Degas,4,remove,False
Edgar_Degas_251.jpg,Edgar_Degas_251.jpg,Edgar_Degas,Edgar_Degas,0,keep,False
Albrecht_Du╠êrer_269.jpg,Albrecht_Dürer_269.jpg,Albrecht_Dürer,Albrecht_Dürer,0,remove,False
Albrecht_Du╠êrer_269.jpg,Albrecht_Du╠êrer_269.jpg,Albrecht_Dürer,Albrecht_Dürer,0,keep,False
Albrecht_Du╠êrer_115.jpg,Albrecht_Dürer_115.jpg,Albrecht_Dürer,Albrecht_Dürer,0,remove,False
Albrecht_Du╠êrer_115.jpg,Albrecht_Du╠êrer_115.jpg,Albrecht_Dürer,Albrecht_Dürer,0,keep,False
Albrecht_Dürer_72.jpg,Albrecht_Du╠êrer_72.jpg,Albrecht_Dürer,Albrecht_Dürer,0,remove,False
Albrecht_Dürer_72.jpg,Albrecht_Dürer_72.jpg,Albrecht_Dürer,Albrecht_Dürer,0,keep,False
Albrecht_Du╠êrer_291.jpg,Albrecht_Dürer_291.jpg,Albrecht_Dürer,Albrecht_Dürer,0,remove,False
Albrecht_Du╠êrer_291.jpg,Albrecht_Du╠êrer_291.jpg,Albrecht_Dürer,Albrecht_Dürer,0,keep,False
Paul_Gauguin_154.jpg,Paul_Gauguin_155.jpg,Paul_Gauguin,Paul_Gauguin,4,remove,False
Paul_Gauguin_154.jpg,Paul_Gauguin_154.jpg,Paul_Gauguin,Paul_Gauguin,0,keep,False
Albrecht_Du╠êrer_33.jpg,Albrecht_Dürer_33.jpg,Albrecht_Dürer,Albrecht_Dürer,0,remove,False
Albrecht_Du╠êrer_33.jpg,Albrecht_Du╠êrer_33.jpg,Albrecht_Dürer,Albrecht_Dürer,0,keep,False
Edgar_Degas_413.jpg,Edgar_Degas_419.jpg,Edgar_Degas,Edgar_Degas,2,remove,False
Edgar_Degas_413.jpg,Edgar_Degas_649.jpg,Edgar_Degas,Edgar_Degas,6,remove,False
Edgar_Degas_413.jpg,Edgar_Degas_413.jpg,Edgar_Degas,Edgar_Degas,0,keep,False
Albrecht_Du╠êrer_281.jpg,Albrecht_Dürer_281.jpg,Albrecht_Dürer,Albrecht_Dürer,0,remove,False
Albrecht_Du╠êrer_281.jpg,Albrecht_Du╠êrer_281.jpg,Albrecht_Dürer,Albrecht_Dürer,0,keep,False
Pablo_Picasso_150.jpg,Pablo_Picasso_52.jpg,Pablo_Picasso,Pablo_Picasso,10,remove,False
Pablo_Picasso_150.jpg,Pablo_Picasso_150.jpg,Pablo_Picasso,Pablo_Picasso,0,keep,False
Albrecht_Du╠êrer_69.jpg,Albrecht_Dürer_69.jpg,Albrecht_Dürer,Albrecht_Dürer,0,remove,False
Albrecht_Du╠êrer_69.jpg,Albrecht_Du╠êrer_69.jpg,Albrecht_Dürer,Albrecht_Dürer,0,keep,False
Albrecht_Dürer_10.jpg,Albrecht_Du╠êrer_10.jpg,Albrecht_Dürer,Albrecht_Dürer,0,remove,False
Albrecht_Dürer_10.jpg,Albrecht_Dürer_10.jpg,Albrecht_Dürer,Albrecht_Dürer,0,keep,False
Albrecht_Du╠êrer_292.jpg,Albrecht_Dürer_292.jpg,Albrecht_Dürer,Albrecht_Dürer,0,remove,False
Albrecht_Du╠êrer_292.jpg,Albrecht_Du╠êrer_292.jpg,Albrecht_Dürer,Albrecht_Dürer,0,keep,False
Albrecht_Du╠êrer_230.jpg,Albrecht_Dürer_230.jpg,Albrecht_Dürer,Albrecht_Dürer,0,remove,False
Albrecht_Du╠êrer_230.jpg,Albrecht_Du╠êrer_230.jpg,Albrecht_Dürer,Albrecht_Dürer,0,keep,False
Albrecht_Dürer_169.jpg,Albrecht_Du╠êrer_169.jpg,Albrecht_Dürer,Albrecht_Dürer,0,remove,False
Albrecht_Dürer_169.jpg,Albrecht_Dürer_169.jpg,Albrecht_Dürer,Albrecht_Dürer,0,keep,False
Albrecht_Du╠êrer_202.jpg,Albrecht_Dürer_202.jpg,Albrecht_Dürer,Albrecht_Dürer,0,remove,False
Albrecht_Du╠êrer_202.jpg,Albrecht_Du╠êrer_202.jpg,Albrecht_Dürer,Albrecht_Dürer,0,keep,False
Albrecht_Dürer_1.jpg,Albrecht_Du╠êrer_1.jpg,Albrecht_Dürer,Albrecht_Dürer,0,remove,False
Albrecht_Dürer_1.jpg,Albrecht_Dürer_1.jpg,Albrecht_Dürer,Albrecht_Dürer,0,keep,False
Albrecht_Dürer_246.jpg,Albrecht_Du╠êrer_246.jpg,Albrecht_Dürer,Albrecht_Dürer,0,remove,False
Albrecht_Dürer_246.jpg,Albrecht_Dürer_246.jpg,Albrecht_Dürer,Albrecht_Dürer,0,keep,False
Albrecht_Dürer_25.jpg,Albrecht_Du╠êrer_25.jpg,Albrecht_Dürer,Albrecht_Dürer,0,remove,False
Albrecht_Dürer_25.jpg,Albrecht_Dürer_25.jpg,Albrecht_Dürer,Albrecht_Dürer,0,keep,False
Edgar_Degas_119.jpg,Edgar_Degas_40.jpg,Edgar_Degas,Edgar_Degas,8,remove,False
Edgar_Degas_119.jpg,Edgar_Degas_119.jpg,Edgar_Degas,Edgar_Degas,0,keep,False
Albrecht_Du╠êrer_179.jpg,Albrecht_Dürer_179.jpg,Albrecht_Dürer,Albrecht_Dürer,0,remove,False
Albrecht_Du╠êrer_179.jpg,Albrecht_Du╠êrer_179.jpg,Albrecht_Dürer,Albrecht_Dürer,0,keep,False
Albrecht_Du╠êrer_286.jpg,Albrecht_Dürer_286.jpg,Albrecht_Dürer,Albrecht_Dürer,0,remove,False
Albrecht_Du╠êrer_286.jpg,Albrecht_Du╠êrer_286.jpg,Albrecht_Dürer,Albrecht_Dürer,0,keep,False
Pablo_Picasso_202.jpg,Pablo_Picasso_57.jpg,Pablo_Picasso,Pablo_Picasso,4,remove,False
Pablo_Picasso_202.jpg,Pablo_Picasso_202.jpg,Pablo_Picasso,Pablo_Picasso,0,keep,False
Albrecht_Du╠êrer_197.jpg,Albrecht_Dürer_197.jpg,Albrecht_Dürer,Albrecht_Dürer,0,remove,False
Albrecht_Du╠êrer_197.jpg,Albrecht_Du╠êrer_197.jpg,Albrecht_Dürer,Albrecht_Dürer,0,keep,False
Albrecht_Du╠êrer_109.jpg,Albrecht_Dürer_109.jpg,Albrecht_Dürer,Albrecht_Dürer,0,remove,False
Albrecht_Du╠êrer_109.jpg,Albrecht_Du╠êrer_109.jpg,Albrecht_Dürer,Albrecht_Dürer,0,keep,False
Albrecht_Du╠êrer_146.jpg,Albrecht_Dürer_146.jpg,Albrecht_Dürer,Albrecht_Dürer,0,remove,False
Albrecht_Du╠êrer_146.jpg,Albrecht_Du╠êrer_146.jpg,Albrecht_Dürer,Albrecht_Dürer,0,keep,False
Albrecht_Du╠êrer_107.jpg,Albrecht_Dürer_107.jpg,Albrecht_Dürer,Albrecht_Dürer,0,remove,False
Albrecht_Du╠êrer_107.jpg,Albrecht_Du╠êrer_107.jpg,Albrecht_Dürer,Albrecht_Dürer,0,keep,False
Edgar_Degas_144.jpg,Edgar_Degas_605.jpg,Edgar_Degas,Edgar_Degas,4,remove,False
Edgar_Degas_144.jpg,Edgar_Degas_144.jpg,Edgar_Degas,Edgar_Degas,0,keep,False
Albrecht_Du╠êrer_319.jpg,Albrecht_Dürer_319.jpg,Albrecht_Dürer,Albrecht_Dürer,0,remove,False
Albrecht_Du╠êrer_319.jpg,Albrecht_Du╠êrer_319.jpg,Albrecht_Dürer,Albrecht_Dürer,0,keep,False
Edgar_Degas_11.jpg,Edgar_Degas_651.jpg,Edgar_Degas,Edgar_Degas,8,remove,False
Edgar_Degas_11.jpg,Edgar_Degas_7.jpg,Edgar_Degas,Edgar_Degas,4,remove,False
Edgar_Degas_11.jpg,Edgar_Degas_11.jpg,Edgar_Degas,Edgar_Degas,0,keep,False
Albrecht_Dürer_143.jpg,Albrecht_Du╠êrer_143.jpg,Albrecht_Dürer,Albrecht_Dürer,0,remove,False
Albrecht_Dürer_143.jpg,Albrecht_Dürer_143.jpg,Albrecht_Dürer,Albrecht_Dürer,0,keep,False
Vincent_van_Gogh_314.jpg,Vincent_van_Gogh_401.jpg,Vincent_van_Gogh,Vincent_van_Gogh,6,remove,False
Vincent_van_Gogh_314.jpg,Vincent_van_Gogh_314.jpg,Vincent_van_Gogh,Vincent_van_Gogh,0,keep,False
Albrecht_Dürer_145.jpg,Albrecht_Du╠êrer_145.jpg,Albrecht_Dürer,Albrecht_Dürer,0,remove,False
Albrecht_Dürer_145.jpg,Albrecht_Dürer_145.jpg,Albrecht_Dürer,Albrecht_Dürer,0,keep,False
Albrecht_Dürer_203.jpg,Albrecht_Du╠êrer_203.jpg,Albrecht_Dürer,Albrecht_Dürer,0,remove,False
Albrecht_Dürer_203.jpg,Albrecht_Dürer_203.jpg,Albrecht_Dürer,Albrecht_Dürer,0,keep,False
Vincent_van_Gogh_197.jpg,Vincent_van_Gogh_113.jpg,Vincent_van_Gogh,Vincent_van_Gogh,8,remove,False
Vincent_van_Gogh_197.jpg,Vincent_van_Gogh_197.jpg,Vincent_van_Gogh,Vincent_van_Gogh,0,keep,False
Vincent_van_Gogh_526.jpg,Vincent_van_Gogh_760.jpg,Vincent_van_Gogh,Vincent_van_Gogh,4,remove,False
Vincent_van_Gogh_526.jpg,Vincent_van_Gogh_526.jpg,Vincent_van_Gogh,Vincent_van_Gogh,0,keep,False
Albrecht_Du╠êrer_188.jpg,Albrecht_Dürer_188.jpg,Albrecht_Dürer,Albrecht_Dürer,0,remove,False
Albrecht_Du╠êrer_188.jpg,Albrecht_Du╠êrer_188.jpg,Albrecht_Dürer,Albrecht_Dürer,0,keep,False
Titian_220.jpg,Titian_219.jpg,Titian,Titian,4,remove,False
Titian_220.jpg,Titian_220.jpg,Titian,Titian,0,keep,False
Albrecht_Du╠êrer_8.jpg,Albrecht_Dürer_8.jpg,Albrecht_Dürer,Albrecht_Dürer,0,remove,False
Albrecht_Du╠êrer_8.jpg,Albrecht_Du╠êrer_8.jpg,Albrecht_Dürer,Albrecht_Dürer,0,keep,False
Francisco_Goya_180.jpg,Francisco_Goya_253.jpg,Francisco_Goya,Francisco_Goya,10,remove,False
Francisco_Goya_180.jpg,Francisco_Goya_180.jpg,Francisco_Goya,Francisco_Goya,0,keep,False
Albrecht_Dürer_171.jpg,Albrecht_Du╠êrer_171.jpg,Albrecht_Dürer,Albrecht_Dürer,0,remove,False
Albrecht_Dürer_171.jpg,Albrecht_Dürer_171.jpg,Albrecht_Dürer,Albrecht_Dürer,0,keep,False
Rembrandt_85.jpg,Rembrandt_84.jpg,Rembrandt,Rembrandt,6,remove,False
Rembrandt_85.jpg,Rembrandt_85.jpg,Rembrandt,Rembrandt,0,keep,False
Edgar_Degas_191.jpg,Edgar_Degas_145.jpg,Edgar_Degas,Edgar_Degas,4,remove,False
Edgar_Degas_191.jpg,Edgar_Degas_191.jpg,Edgar_Degas,Edgar_Degas,0,keep,False
Albrecht_Du╠êrer_99.jpg,Albrecht_Dürer_99.jpg,Albrecht_Dürer,Albrecht_Dürer,0,remove,False
Albrecht_Du╠êrer_99.jpg,Albrecht_Du╠êrer_99.jpg,Albrecht_Dürer,Albrecht_Dürer,0,keep,False
Albrecht_Du╠êrer_199.jpg,Albrecht_Dürer_199.jpg,Albrecht_Dürer,Albrecht_Dürer,0,remove,False
Albrecht_Du╠êrer_199.jpg,Albrecht_Du╠êrer_199.jpg,Albrecht_Dürer,Albrecht_Dürer,0,keep,False
Albrecht_Dürer_315.jpg,Albrecht_Du╠êrer_315.jpg,Albrecht_Dürer,Albrecht_Dürer,0,remove,False
Albrecht_Dürer_315.jpg,Albrecht_Dürer_315.jpg,Albrecht_Dürer,Albrecht_Dürer,0,keep,False
Albrecht_Du╠êrer_116.jpg,Albrecht_Dürer_116.jpg,Albrecht_Dürer,Albrecht_Dürer,0,remove,False
Albrecht_Du╠êrer_116.jpg,Albrecht_Du╠êrer_116.jpg,Albrecht_Dürer,Albrecht_Dürer,0,keep,False
Albrecht_Dürer_218.jpg,Albrecht_Du╠êrer_218.jpg,Albrecht_Dürer,Albrecht_Dürer,0,remove,False
Albrecht_Dürer_218.jpg,Albrecht_Dürer_218.jpg,Albrecht_Dürer,Albrecht_Dürer,0,keep,False
Albrecht_Dürer_155.jpg,Albrecht_Du╠êrer_155.jpg,Albrecht_Dürer,Albrecht_Dürer,0,remove,False
Albrecht_Dürer_155.jpg,Albrecht_Dürer_155.jpg,Albrecht_Dürer,Albrecht_Dürer,0,keep,False
Edgar_Degas_27.jpg,Edgar_Degas_494.jpg,Edgar_Degas,Edgar_Degas,6,remove,False
Edgar_Degas_27.jpg,Edgar_Degas_27.jpg,Edgar_Degas,Edgar_Degas,0,keep,False
Albrecht_Du╠êrer_194.jpg,Albrecht_Dürer_194.jpg,Albrecht_Dürer,Albrecht_Dürer,0,remove,False
Albrecht_Du╠êrer_194.jpg,Albrecht_Du╠êrer_194.jpg,Albrecht_Dürer,Albrecht_Dürer,0,keep,False
Albrecht_Dürer_36.jpg,Albrecht_Du╠êrer_36.jpg,Albrecht_Dürer,Albrecht_Dürer,0,remove,False
Albrecht_Dürer_36.jpg,Albrecht_Dürer_36.jpg,Albrecht_Dürer,Albrecht_Dürer,0,keep,False
Albrecht_Du╠êrer_161.jpg,Albrecht_Dürer_161.jpg,Albrecht_Dürer,Albrecht_Dürer,0,remove,False
Albrecht_Du╠êrer_161.jpg,Albrecht_Du╠êrer_161.jpg,Albrecht_Dürer,Albrecht_Dürer,0,keep,False
Albrecht_Du╠êrer_178.jpg,Albrecht_Dürer_178.jpg,Albrecht_Dürer,Albrecht_Dürer,0,remove,False
Albrecht_Du╠êrer_178.jpg,Albrecht_Du╠êrer_178.jpg,Albrecht_Dürer,Albrecht_Dürer,0,keep,False
Albrecht_Dürer_165.jpg,Albrecht_Du╠êrer_165.jpg,Albrecht_Dürer,Albrecht_Dürer,0,remove,False
Albrecht_Dürer_165.jpg,Albrecht_Dürer_165.jpg,Albrecht_Dürer,Albrecht_Dürer,0,keep,False
Albrecht_Dürer_137.jpg,Albrecht_Du╠êrer_137.jpg,Albrecht_Dürer,Albrecht_Dürer,0,remove,False
Albrecht_Dürer_137.jpg,Albrecht_Dürer_137.jpg,Albrecht_Dürer,Albrecht_Dürer,0,keep,False
Albrecht_Du╠êrer_207.jpg,Albrecht_Dürer_207.jpg,Albrecht_Dürer,Albrecht_Dürer,0,remove,False
Albrecht_Du╠êrer_207.jpg,Albrecht_Du╠êrer_207.jpg,Albrecht_Dürer,Albrecht_Dürer,0,keep,False
Vincent_van_Gogh_190.jpg,Vincent_van_Gogh_286.jpg,Vincent_van_Gogh,Vincent_van_Gogh,10,remove,False
Vincent_van_Gogh_190.jpg,Vincent_van_Gogh_190.jpg,Vincent_van_Gogh,Vincent_van_Gogh,0,keep,False
Albrecht_Dürer_232.jpg,Albrecht_Du╠êrer_232.jpg,Albrecht_Dürer,Albrecht_Dürer,0,remove,False
Albrecht_Dürer_232.jpg,Albrecht_Dürer_232.jpg,Albrecht_Dürer,Albrecht_Dürer,0,keep,False
Albrecht_Dürer_64.jpg,Albrecht_Du╠êrer_64.jpg,Albrecht_Dürer,Albrecht_Dürer,0,remove,False
Albrecht_Dürer_64.jpg,Albrecht_Dürer_64.jpg,Albrecht_Dürer,Albrecht_Dürer,0,keep,False
Albrecht_Dürer_60.jpg,Albrecht_Du╠êrer_60.jpg,Albrecht_Dürer,Albrecht_Dürer,0,remove,False
Albrecht_Dürer_60.jpg,Albrecht_Dürer_60.jpg,Albrecht_Dürer,Albrecht_Dürer,0,keep,False
Pablo_Picasso_228.jpg,Pablo_Picasso_151.jpg,Pablo_Picasso,Pablo_Picasso,8,remove,False
Pablo_Picasso_228.jpg,Pablo_Picasso_228.jpg,Pablo_Picasso,Pablo_Picasso,0,keep,False
Albrecht_Dürer_18.jpg,Albrecht_Du╠êrer_18.jpg,Albrecht_Dürer,Albrecht_Dürer,0,remove,False
Albrecht_Dürer_18.jpg,Albrecht_Dürer_18.jpg,Albrecht_Dürer,Albrecht_Dürer,0,keep,False
Edgar_Degas_547.jpg,Edgar_Degas_551.jpg,Edgar_Degas,Edgar_Degas,4,remove,False
Edgar_Degas_547.jpg,Edgar_Degas_550.jpg,Edgar_Degas,Edgar_Degas,4,remove,False
Edgar_Degas_547.jpg,Edgar_Degas_547.jpg,Edgar_Degas,Edgar_Degas,0,keep,False
Pablo_Picasso_40.jpg,Pablo_Picasso_363.jpg,Pablo_Picasso,Pablo_Picasso,4,remove,False
Pablo_Picasso_40.jpg,Pablo_Picasso_40.jpg,Pablo_Picasso,Pablo_Picasso,0,keep,False
Edgar_Degas_669.jpg,Edgar_Degas_124.jpg,Edgar_Degas,Edgar_Degas,4,remove,False
Edgar_Degas_669.jpg,Edgar_Degas_669.jpg,Edgar_Degas,Edgar_Degas,0,keep,False
Albrecht_Dürer_73.jpg,Albrecht_Du╠êrer_73.jpg,Albrecht_Dürer,Albrecht_Dürer,0,remove,False
Albrecht_Dürer_73.jpg,Albrecht_Dürer_73.jpg,Albrecht_Dürer,Albrecht_Dürer,0,keep,False
Edgar_Degas_317.jpg,Edgar_Degas_360.jpg,Edgar_Degas,Edgar_Degas,6,remove,False
Edgar_Degas_317.jpg,Edgar_Degas_317.jpg,Edgar_Degas,Edgar_Degas,0,keep,False
Albrecht_Du╠êrer_290.jpg,Albrecht_Dürer_290.jpg,Albrecht_Dürer,Albrecht_Dürer,0,remove,False
Albrecht_Du╠êrer_290.jpg,Albrecht_Du╠êrer_290.jpg,Albrecht_Dürer,Albrecht_Dürer,0,keep,False
Albrecht_Dürer_312.jpg,Albrecht_Du╠êrer_312.jpg,Albrecht_Dürer,Albrecht_Dürer,0,remove,False
Albrecht_Dürer_312.jpg,Albrecht_Dürer_312.jpg,Albrecht_Dürer,Albrecht_Dürer,0,keep,False
Albrecht_Du╠êrer_208.jpg,Albrecht_Dürer_208.jpg,Albrecht_Dürer,Albrecht_Dürer,0,remove,False
Albrecht_Du╠êrer_208.jpg,Albrecht_Du╠êrer_208.jpg,Albrecht_Dürer,Albrecht_Dürer,0,keep,False
Edgar_Degas_545.jpg,Edgar_Degas_228.jpg,Edgar_Degas,Edgar_Degas,8,remove,False
Edgar_Degas_545.jpg,Edgar_Degas_545.jpg,Edgar_Degas,Edgar_Degas,0,keep,False
Vincent_van_Gogh_870.jpg,Vincent_van_Gogh_429.jpg,Vincent_van_Gogh,Vincent_van_Gogh,2,remove,False
Vincent_van_Gogh_870.jpg,Vincent_van_Gogh_870.jpg,Vincent_van_Gogh,Vincent_van_Gogh,0,keep,False
Pablo_Picasso_277.jpg,Pablo_Picasso_219.jpg,Pablo_Picasso,Pablo_Picasso,0,remove,False
Pablo_Picasso_277.jpg,Pablo_Picasso_277.jpg,Pablo_Picasso,Pablo_Picasso,0,keep,False
Vincent_van_Gogh_245.jpg,Vincent_van_Gogh_404.jpg,Vincent_van_Gogh,Vincent_van_Gogh,6,remove,False
Vincent_van_Gogh_245.jpg,Vincent_van_Gogh_245.jpg,Vincent_van_Gogh,Vincent_van_Gogh,0,keep,False
Albrecht_Dürer_95.jpg,Albrecht_Du╠êrer_95.jpg,Albrecht_Dürer,Albrecht_Dürer,0,remove,False
Albrecht_Dürer_95.jpg,Albrecht_Dürer_95.jpg,Albrecht_Dürer,Albrecht_Dürer,0,keep,False
Vincent_van_Gogh_670.jpg,Vincent_van_Gogh_332.jpg,Vincent_van_Gogh,Vincent_van_Gogh,8,remove,False
Vincent_van_Gogh_670.jpg,Vincent_van_Gogh_670.jpg,Vincent_van_Gogh,Vincent_van_Gogh,0,keep,False
Albrecht_Dürer_61.jpg,Albrecht_Du╠êrer_61.jpg,Albrecht_Dürer,Albrecht_Dürer,0,remove,False
Albrecht_Dürer_61.jpg,Albrecht_Dürer_61.jpg,Albrecht_Dürer,Albrecht_Dürer,0,keep,False
Albrecht_Du╠êrer_101.jpg,Albrecht_Dürer_101.jpg,Albrecht_Dürer,Albrecht_Dürer,0,remove,False
Albrecht_Du╠êrer_101.jpg,Albrecht_Du╠êrer_101.jpg,Albrecht_Dürer,Albrecht_Dürer,0,keep,False
Albrecht_Dürer_53.jpg,Albrecht_Du╠êrer_53.jpg,Albrecht_Dürer,Albrecht_Dürer,0,remove,False
Albrecht_Dürer_53.jpg,Albrecht_Dürer_53.jpg,Albrecht_Dürer,Albrecht_Dürer,0,keep,False
Albrecht_Du╠êrer_80.jpg,Albrecht_Dürer_80.jpg,Albrecht_Dürer,Albrecht_Dürer,0,remove,False
Albrecht_Du╠êrer_80.jpg,Albrecht_Du╠êrer_80.jpg,Albrecht_Dürer,Albrecht_Dürer,0,keep,False
Albrecht_Dürer_6.jpg,Albrecht_Du╠êrer_6.jpg,Albrecht_Dürer,Albrecht_Dürer,0,remove,False
Albrecht_Dürer_6.jpg,Albrecht_Dürer_6.jpg,Albrecht_Dürer,Albrecht_Dürer,0,keep,False
Albrecht_Dürer_132.jpg,Albrecht_Du╠êrer_132.jpg,Albrecht_Dürer,Albrecht_Dürer,0,remove,False
Albrecht_Dürer_132.jpg,Albrecht_Dürer_132.jpg,Albrecht_Dürer,Albrecht_Dürer,0,keep,False
Albrecht_Du╠êrer_264.jpg,Albrecht_Dürer_264.jpg,Albrecht_Dürer,Albrecht_Dürer,0,remove,False
Albrecht_Du╠êrer_264.jpg,Albrecht_Du╠êrer_264.jpg,Albrecht_Dürer,Albrecht_Dürer,0,keep,False
Vincent_van_Gogh_160.jpg,Vincent_van_Gogh_299.jpg,Vincent_van_Gogh,Vincent_van_Gogh,4,remove,False
Vincent_van_Gogh_160.jpg,Vincent_van_Gogh_160.jpg,Vincent_van_Gogh,Vincent_van_Gogh,0,keep,False
Albrecht_Du╠êrer_193.jpg,Albrecht_Dürer_193.jpg,Albrecht_Dürer,Albrecht_Dürer,0,remove,False
Albrecht_Du╠êrer_193.jpg,Albrecht_Du╠êrer_193.jpg,Albrecht_Dürer,Albrecht_Dürer,0,keep,False
Albrecht_Dürer_81.jpg,Albrecht_Du╠êrer_81.jpg,Albrecht_Dürer,Albrecht_Dürer,0,remove,False
Albrecht_Dürer_81.jpg,Albrecht_Dürer_81.jpg,Albrecht_Dürer,Albrecht_Dürer,0,keep,False
Albrecht_Du╠êrer_114.jpg,Albrecht_Dürer_114.jpg,Albrecht_Dürer,Albrecht_Dürer,0,remove,False
Albrecht_Du╠êrer_114.jpg,Albrecht_Du╠êrer_114.jpg,Albrecht_Dürer,Albrecht_Dürer,0,keep,False
Albrecht_Dürer_158.jpg,Albrecht_Du╠êrer_158.jpg,Albrecht_Dürer,Albrecht_Dürer,0,remove,False
Albrecht_Dürer_158.jpg,Albrecht_Dürer_158.jpg,Albrecht_Dürer,Albrecht_Dürer,0,keep,False
Albrecht_Dürer_189.jpg,Albrecht_Du╠êrer_189.jpg,Albrecht_Dürer,Albrecht_Dürer,0,remove,False
Albrecht_Dürer_189.jpg,Albrecht_Dürer_189.jpg,Albrecht_Dürer,Albrecht_Dürer,0,keep,False
Vincent_van_Gogh_455.jpg,Vincent_van_Gogh_837.jpg,Vincent_van_Gogh,Vincent_van_Gogh,6,remove,False
Vincent_van_Gogh_455.jpg,Vincent_van_Gogh_455.jpg,Vincent_van_Gogh,Vincent_van_Gogh,0,keep,False
Albrecht_Du╠êrer_288.jpg,Albrecht_Dürer_288.jpg,Albrecht_Dürer,Albrecht_Dürer,0,remove,False
Albrecht_Du╠êrer_288.jpg,Albrecht_Du╠êrer_288.jpg,Albrecht_Dürer,Albrecht_Dürer,0,keep,False
Edgar_Degas_14.jpg,Edgar_Degas_529.jpg,Edgar_Degas,Edgar_Degas,10,remove,False
Edgar_Degas_14.jpg,Edgar_Degas_14.jpg,Edgar_Degas,Edgar_Degas,0,keep,False
Vincent_van_Gogh_117.jpg,Vincent_van_Gogh_450.jpg,Vincent_van_Gogh,Vincent_van_Gogh,10,remove,False
Vincent_van_Gogh_117.jpg,Vincent_van_Gogh_117.jpg,Vincent_van_Gogh,Vincent_van_Gogh,0,keep,False
Albrecht_Dürer_243.jpg,Albrecht_Du╠êrer_243.jpg,Albrecht_Dürer,Albrecht_Dürer,0,remove,False
Albrecht_Dürer_243.jpg,Albrecht_Dürer_243.jpg,Albrecht_Dürer,Albrecht_Dürer,0,keep,False
Albrecht_Du╠êrer_38.jpg,Albrecht_Dürer_38.jpg,Albrecht_Dürer,Albrecht_Dürer,0,remove,False
Albrecht_Du╠êrer_38.jpg,Albrecht_Du╠êrer_38.jpg,Albrecht_Dürer,Albrecht_Dürer,0,keep,False
Albrecht_Du╠êrer_227.jpg,Albrecht_Dürer_227.jpg,Albrecht_Dürer,Albrecht_Dürer,0,remove,False
Albrecht_Du╠êrer_227.jpg,Albrecht_Du╠êrer_227.jpg,Albrecht_Dürer,Albrecht_Dürer,0,keep,False
Albrecht_Du╠êrer_326.jpg,Albrecht_Dürer_326.jpg,Albrecht_Dürer,Albrecht_Dürer,0,remove,False
Albrecht_Du╠êrer_326.jpg,Albrecht_Du╠êrer_326.jpg,Albrecht_Dürer,Albrecht_Dürer,0,keep,False
Albrecht_Dürer_14.jpg,Albrecht_Du╠êrer_14.jpg,Albrecht_Dürer,Albrecht_Dürer,0,remove,False
Albrecht_Dürer_14.jpg,Albrecht_Dürer_14.jpg,Albrecht_Dürer,Albrecht_Dürer,0,keep,False
Albrecht_Dürer_163.jpg,Albrecht_Du╠êrer_163.jpg,Albrecht_Dürer,Albrecht_Dürer,0,remove,False
Albrecht_Dürer_163.jpg,Albrecht_Dürer_163.jpg,Albrecht_Dürer,Albrecht_Dürer,0,keep,False
Albrecht_Dürer_126.jpg,Albrecht_Du╠êrer_126.jpg,Albrecht_Dürer,Albrecht_Dürer,0,remove,False
Albrecht_Dürer_126.jpg,Albrecht_Dürer_126.jpg,Albrecht_Dürer,Albrecht_Dürer,0,keep,False
Edgar_Degas_525.jpg,Edgar_Degas_174.jpg,Edgar_Degas,Edgar_Degas,4,remove,False
Edgar_Degas_525.jpg,Edgar_Degas_525.jpg,Edgar_Degas,Edgar_Degas,0,keep,False
Edgar_Degas_75.jpg,Edgar_Degas_629.jpg,Edgar_Degas,Edgar_Degas,6,remove,False
Edgar_Degas_75.jpg,Edgar_Degas_75.jpg,Edgar_Degas,Edgar_Degas,0,keep,False
Albrecht_Dürer_82.jpg,Albrecht_Du╠êrer_82.jpg,Albrecht_Dürer,Albrecht_Dürer,0,remove,False
Albrecht_Dürer_82.jpg,Albrecht_Dürer_82.jpg,Albrecht_Dürer,Albrecht_Dürer,0,keep,False
Albrecht_Du╠êrer_67.jpg,Albrecht_Dürer_67.jpg,Albrecht_Dürer,Albrecht_Dürer,0,remove,False
Albrecht_Du╠êrer_67.jpg,Albrecht_Du╠êrer_67.jpg,Albrecht_Dürer,Albrecht_Dürer,0,keep,False
Edgar_Degas_36.jpg,Edgar_Degas_314.jpg,Edgar_Degas,Edgar_Degas,4,remove,False
Edgar_Degas_36.jpg,Edgar_Degas_36.jpg,Edgar_Degas,Edgar_Degas,0,keep,False
Edgar_Degas_255.jpg,Edgar_Degas_681.jpg,Edgar_Degas,Edgar_Degas,6,remove,False
Edgar_Degas_255.jpg,Edgar_Degas_255.jpg,Edgar_Degas,Edgar_Degas,0,keep,False
Albrecht_Dürer_318.jpg,Albrecht_Du╠êrer_318.jpg,Albrecht_Dürer,Albrecht_Dürer,0,remove,False
Albrecht_Dürer_318.jpg,Albrecht_Dürer_318.jpg,Albrecht_Dürer,Albrecht_Dürer,0,keep,False
Albrecht_Dürer_148.jpg,Albrecht_Du╠êrer_148.jpg,Albrecht_Dürer,Albrecht_Dürer,0,remove,False
Albrecht_Dürer_148.jpg,Albrecht_Dürer_148.jpg,Albrecht_Dürer,Albrecht_Dürer,0,keep,False
Albrecht_Dürer_43.jpg,Albrecht_Du╠êrer_43.jpg,Albrecht_Dürer,Albrecht_Dürer,0,remove,False
Albrecht_Dürer_43.jpg,Albrecht_Dürer_43.jpg,Albrecht_Dürer,Albrecht_Dürer,0,keep,False
Pierre-Auguste_Renoir_53.jpg,Pierre-Auguste_Renoir_78.jpg,Pierre-Auguste_Renoir,Pierre-Auguste_Renoir,10,remove,False
Pierre-Auguste_Renoir_53.jpg,Pierre-Auguste_Renoir_53.jpg,Pierre-Auguste_Renoir,Pierre-Auguste_Renoir,0,keep,False
Albrecht_Du╠êrer_35.jpg,Albrecht_Dürer_35.jpg,Albrecht_Dürer,Albrecht_Dürer,0,remove,False
Albrecht_Du╠êrer_35.jpg,Albrecht_Du╠êrer_35.jpg,Albrecht_Dürer,Albrecht_Dürer,0,keep,False
Albrecht_Dürer_217.jpg,Albrecht_Du╠êrer_217.jpg,Albrecht_Dürer,Albrecht_Dürer,0,remove,False
Albrecht_Dürer_217.jpg,Albrecht_Dürer_217.jpg,Albrecht_Dürer,Albrecht_Dürer,0,keep,False
Pablo_Picasso_296.jpg,Pablo_Picasso_256.jpg,Pablo_Picasso,Pablo_Picasso,0,remove,False
Pablo_Picasso_296.jpg,Pablo_Picasso_296.jpg,Pablo_Picasso,Pablo_Picasso,0,keep,False
Vincent_van_Gogh_278.jpg,Vincent_van_Gogh_125.jpg,Vincent_van_Gogh,Vincent_van_Gogh,6,remove,False
Vincent_van_Gogh_278.jpg,Vincent_van_Gogh_278.jpg,Vincent_van_Gogh,Vincent_van_Gogh,0,keep,False
Albrecht_Du╠êrer_274.jpg,Albrecht_Dürer_274.jpg,Albrecht_Dürer,Albrecht_Dürer,0,remove,False
Albrecht_Du╠êrer_274.jpg,Albrecht_Du╠êrer_274.jpg,Albrecht_Dürer,Albrecht_Dürer,0,keep,False
Albrecht_Dürer_4.jpg,Albrecht_Du╠êrer_4.jpg,Albrecht_Dürer,Albrecht_Dürer,0,remove,False
Albrecht_Dürer_4.jpg,Albrecht_Dürer_4.jpg,Albrecht_Dürer,Albrecht_Dürer,0,keep,False
Albrecht_Du╠êrer_167.jpg,Albrecht_Dürer_167.jpg,Albrecht_Dürer,Albrecht_Dürer,0,remove,False
Albrecht_Du╠êrer_167.jpg,Albrecht_Du╠êrer_167.jpg,Albrecht_Dürer,Albrecht_Dürer,0,keep,False
Edgar_Degas_641.jpg,Edgar_Degas_468.jpg,Edgar_Degas,Edgar_Degas,10,remove,False
Edgar_Degas_641.jpg,Edgar_Degas_641.jpg,Edgar_Degas,Edgar_Degas,0,keep,False
Edgar_Degas_4.jpg,Edgar_Degas_460.jpg,Edgar_Degas,Edgar_Degas,2,remove,False
Edgar_Degas_4.jpg,Edgar_Degas_4.jpg,Edgar_Degas,Edgar_Degas,0,keep,False
Albrecht_Dürer_298.jpg,Albrecht_Du╠êrer_298.jpg,Albrecht_Dürer,Albrecht_Dürer,0,remove,False
Albrecht_Dürer_298.jpg,Albrecht_Dürer_298.jpg,Albrecht_Dürer,Albrecht_Dürer,0,keep,False
Albrecht_Du╠êrer_153.jpg,Albrecht_Dürer_153.jpg,Albrecht_Dürer,Albrecht_Dürer,0,remove,False
Albrecht_Du╠êrer_153.jpg,Albrecht_Du╠êrer_153.jpg,Albrecht_Dürer,Albrecht_Dürer,0,keep,False
Albrecht_Dürer_174.jpg,Albrecht_Du╠êrer_174.jpg,Albrecht_Dürer,Albrecht_Dürer,0,remove,False
Albrecht_Dürer_174.jpg,Albrecht_Dürer_174.jpg,Albrecht_Dürer,Albrecht_Dürer,0,keep,False
Albrecht_Du╠êrer_9.jpg,Albrecht_Dürer_9.jpg,Albrecht_Dürer,Albrecht_Dürer,0,remove,False
Albrecht_Du╠êrer_9.jpg,Albrecht_Du╠êrer_9.jpg,Albrecht_Dürer,Albrecht_Dürer,0,keep,False
Vincent_van_Gogh_828.jpg,Vincent_van_Gogh_545.jpg,Vincent_van_Gogh,Vincent_van_Gogh,4,remove,False
Vincent_van_Gogh_828.jpg,Vincent_van_Gogh_828.jpg,Vincent_van_Gogh,Vincent_van_Gogh,0,keep,False
Albrecht_Du╠êrer_294.jpg,Albrecht_Dürer_294.jpg,Albrecht_Dürer,Albrecht_Dürer,0,remove,False
Albrecht_Du╠êrer_294.jpg,Albrecht_Du╠êrer_294.jpg,Albrecht_Dürer,Albrecht_Dürer,0,keep,False
Albrecht_Du╠êrer_13.jpg,Albrecht_Dürer_13.jpg,Albrecht_Dürer,Albrecht_Dürer,0,remove,False
Albrecht_Du╠êrer_13.jpg,Albrecht_Du╠êrer_13.jpg,Albrecht_Dürer,Albrecht_Dürer,0,keep,False
Vincent_van_Gogh_788.jpg,Vincent_van_Gogh_367.jpg,Vincent_van_Gogh,Vincent_van_Gogh,8,remove,False
Vincent_van_Gogh_788.jpg,Vincent_van_Gogh_788.jpg,Vincent_van_Gogh,Vincent_van_Gogh,0,keep,False
Albrecht_Dürer_110.jpg,Albrecht_Du╠êrer_110.jpg,Albrecht_Dürer,Albrecht_Dürer,0,remove,False
Albrecht_Dürer_110.jpg,Albrecht_Dürer_110.jpg,Albrecht_Dürer,Albrecht_Dürer,0,keep,False
Albrecht_Du╠êrer_74.jpg,Albrecht_Dürer_74.jpg,Albrecht_Dürer,Albrecht_Dürer,0,remove,False
Albrecht_Du╠êrer_74.jpg,Albrecht_Du╠êrer_74.jpg,Albrecht_Dürer,Albrecht_Dürer,0,keep,False
Pablo_Picasso_235.jpg,Pablo_Picasso_291.jpg,Pablo_Picasso,Pablo_Picasso,6,remove,False
Pablo_Picasso_235.jpg,Pablo_Picasso_235.jpg,Pablo_Picasso,Pablo_Picasso,0,keep,False
Albrecht_Du╠êrer_270.jpg,Albrecht_Dürer_270.jpg,Albrecht_Dürer,Albrecht_Dürer,0,remove,False
Albrecht_Du╠êrer_270.jpg,Albrecht_Du╠êrer_270.jpg,Albrecht_Dürer,Albrecht_Dürer,0,keep,False
Albrecht_Dürer_100.jpg,Albrecht_Du╠êrer_100.jpg,Albrecht_Dürer,Albrecht_Dürer,0,remove,False
Albrecht_Dürer_100.jpg,Albrecht_Dürer_100.jpg,Albrecht_Dürer,Albrecht_Dürer,0,keep,False
Edgar_Degas_680.jpg,Edgar_Degas_203.jpg,Edgar_Degas,Edgar_Degas,10,remove,False
Edgar_Degas_680.jpg,Edgar_Degas_680.jpg,Edgar_Degas,Edgar_Degas,0,keep,False
Albrecht_Du╠êrer_108.jpg,Albrecht_Dürer_108.jpg,Albrecht_Dürer,Albrecht_Dürer,0,remove,False
Albrecht_Du╠êrer_108.jpg,Albrecht_Du╠êrer_108.jpg,Albrecht_Dürer,Albrecht_Dürer,0,keep,False
Edgar_Degas_696.jpg,Edgar_Degas_71.jpg,Edgar_Degas,Edgar_Degas,4,remove,False
Edgar_Degas_696.jpg,Edgar_Degas_696.jpg,Edgar_Degas,Edgar_Degas,0,keep,False
Albrecht_Du╠êrer_168.jpg,Albrecht_Dürer_168.jpg,Albrecht_Dürer,Albrecht_Dürer,0,remove,False
Albrecht_Du╠êrer_168.jpg,Albrecht_Du╠êrer_168.jpg,Albrecht_Dürer,Albrecht_Dürer,0,keep,False
Albrecht_Dürer_289.jpg,Albrecht_Du╠êrer_289.jpg,Albrecht_Dürer,Albrecht_Dürer,0,remove,False
Albrecht_Dürer_289.jpg,Albrecht_Dürer_289.jpg,Albrecht_Dürer,Albrecht_Dürer,0,keep,False
Edgar_Degas_615.jpg,Edgar_Degas_264.jpg,Edgar_Degas,Edgar_Degas,6,remove,False
Edgar_Degas_615.jpg,Edgar_Degas_615.jpg,Edgar_Degas,Edgar_Degas,0,keep,False
Edgar_Degas_99.jpg,Edgar_Degas_20.jpg,Edgar_Degas,Edgar_Degas,10,remove,False
Edgar_Degas_99.jpg,Edgar_Degas_99.jpg,Edgar_Degas,Edgar_Degas,0,keep,False
Albrecht_Dürer_311.jpg,Albrecht_Du╠êrer_311.jpg,Albrecht_Dürer,Albrecht_Dürer,0,remove,False
Albrecht_Dürer_311.jpg,Albrecht_Dürer_311.jpg,Albrecht_Dürer,Albrecht_Dürer,0,keep,False
Albrecht_Dürer_90.jpg,Albrecht_Du╠êrer_90.jpg,Albrecht_Dürer,Albrecht_Dürer,0,remove,False
Albrecht_Dürer_90.jpg,Albrecht_Dürer_90.jpg,Albrecht_Dürer,Albrecht_Dürer,0,keep,False
Vincent_van_Gogh_219.jpg,Vincent_van_Gogh_645.jpg,Vincent_van_Gogh,Vincent_van_Gogh,6,remove,False
Vincent_van_Gogh_219.jpg,Vincent_van_Gogh_219.jpg,Vincent_van_Gogh,Vincent_van_Gogh,0,keep,False
Albrecht_Du╠êrer_242.jpg,Albrecht_Dürer_242.jpg,Albrecht_Dürer,Albrecht_Dürer,0,remove,False
Albrecht_Du╠êrer_242.jpg,Albrecht_Du╠êrer_242.jpg,Albrecht_Dürer,Albrecht_Dürer,0,keep,False
Albrecht_Dürer_19.jpg,Albrecht_Du╠êrer_19.jpg,Albrecht_Dürer,Albrecht_Dürer,0,remove,False
Albrecht_Dürer_19.jpg,Albrecht_Dürer_19.jpg,Albrecht_Dürer,Albrecht_Dürer,0,keep,False
Vincent_van_Gogh_174.jpg,Vincent_van_Gogh_66.jpg,Vincent_van_Gogh,Vincent_van_Gogh,10,remove,False
Vincent_van_Gogh_174.jpg,Vincent_van_Gogh_174.jpg,Vincent_van_Gogh,Vincent_van_Gogh,0,keep,False
Albrecht_Du╠êrer_121.jpg,Albrecht_Dürer_121.jpg,Albrecht_Dürer,Albrecht_Dürer,0,remove,False
Albrecht_Du╠êrer_121.jpg,Albrecht_Du╠êrer_121.jpg,Albrecht_Dürer,Albrecht_Dürer,0,keep,False
Albrecht_Du╠êrer_276.jpg,Albrecht_Dürer_276.jpg,Albrecht_Dürer,Albrecht_Dürer,0,remove,False
Albrecht_Du╠êrer_276.jpg,Albrecht_Du╠êrer_276.jpg,Albrecht_Dürer,Albrecht_Dürer,0,keep,False
Vincent_van_Gogh_65.jpg,Vincent_van_Gogh_345.jpg,Vincent_van_Gogh,Vincent_van_Gogh,4,remove,False
Vincent_van_Gogh_65.jpg,Vincent_van_Gogh_65.jpg,Vincent_van_Gogh,Vincent_van_Gogh,0,keep,False
Albrecht_Dürer_130.jpg,Albrecht_Du╠êrer_130.jpg,Albrecht_Dürer,Albrecht_Dürer,0,remove,False
Albrecht_Dürer_130.jpg,Albrecht_Dürer_130.jpg,Albrecht_Dürer,Albrecht_Dürer,0,keep,False
Albrecht_Dürer_236.jpg,Albrecht_Du╠êrer_236.jpg,Albrecht_Dürer,Albrecht_Dürer,0,remove,False
Albrecht_Dürer_236.jpg,Albrecht_Dürer_236.jpg,Albrecht_Dürer,Albrecht_Dürer,0,keep,False
Edgar_Degas_611.jpg,Edgar_Degas_588.jpg,Edgar_Degas,Edgar_Degas,6,remove,False
Edgar_Degas_611.jpg,Edgar_Degas_611.jpg,Edgar_Degas,Edgar_Degas,0,keep,False
Edgar_Degas_256.jpg,Edgar_Degas_12.jpg,Edgar_Degas,Edgar_Degas,10,remove,False
Edgar_Degas_256.jpg,Edgar_Degas_256.jpg,Edgar_Degas,Edgar_Degas,0,keep,False
Edgar_Degas_15.jpg,Edgar_Degas_195.jpg,Edgar_Degas,Edgar_Degas,8,remove,False
Edgar_Degas_15.jpg,Edgar_Degas_15.jpg,Edgar_Degas,Edgar_Degas,0,keep,False
Albrecht_Du╠êrer_156.jpg,Albrecht_Dürer_156.jpg,Albrecht_Dürer,Albrecht_Dürer,0,remove,False
Albrecht_Du╠êrer_156.jpg,Albrecht_Du╠êrer_156.jpg,Albrecht_Dürer,Albrecht_Dürer,0,keep,False
Edgar_Degas_23.jpg,Edgar_Degas_402.jpg,Edgar_Degas,Edgar_Degas,4,remove,False
Edgar_Degas_23.jpg,Edgar_Degas_23.jpg,Edgar_Degas,Edgar_Degas,0,keep,False
Pablo_Picasso_422.jpg,Pablo_Picasso_270.jpg,Pablo_Picasso,Pablo_Picasso,0,remove,False
Pablo_Picasso_422.jpg,Pablo_Picasso_422.jpg,Pablo_Picasso,Pablo_Picasso,0,keep,False
Edgar_Degas_65.jpg,Edgar_Degas_393.jpg,Edgar_Degas,Edgar_Degas,6,remove,False
Edgar_Degas_65.jpg,Edgar_Degas_65.jpg,Edgar_Degas,Edgar_Degas,0,keep,False
Albrecht_Dürer_252.jpg,Albrecht_Du╠êrer_252.jpg,Albrecht_Dürer,Albrecht_Dürer,0,remove,False
Albrecht_Dürer_252.jpg,Albrecht_Dürer_252.jpg,Albrecht_Dürer,Albrecht_Dürer,0,keep,False
Albrecht_Dürer_63.jpg,Albrecht_Du╠êrer_63.jpg,Albrecht_Dürer,Albrecht_Dürer,0,remove,False
Albrecht_Dürer_63.jpg,Albrecht_Dürer_63.jpg,Albrecht_Dürer,Albrecht_Dürer,0,keep,False
Edgar_Degas_26.jpg,Edgar_Degas_541.jpg,Edgar_Degas,Edgar_Degas,6,remove,False
Edgar_Degas_26.jpg,Edgar_Degas_665.jpg,Edgar_Degas,Edgar_Degas,2,remove,False
Edgar_Degas_26.jpg,Edgar_Degas_26.jpg,Edgar_Degas,Edgar_Degas,0,keep,False
Albrecht_Dürer_204.jpg,Albrecht_Du╠êrer_204.jpg,Albrecht_Dürer,Albrecht_Dürer,0,remove,False
Albrecht_Dürer_204.jpg,Albrecht_Dürer_204.jpg,Albrecht_Dürer,Albrecht_Dürer,0,keep,False
Albrecht_Dürer_77.jpg,Albrecht_Du╠êrer_77.jpg,Albrecht_Dürer,Albrecht_Dürer,0,remove,False
Albrecht_Dürer_77.jpg,Albrecht_Dürer_77.jpg,Albrecht_Dürer,Albrecht_Dürer,0,keep,False
Albrecht_Du╠êrer_164.jpg,Albrecht_Dürer_164.jpg,Albrecht_Dürer,Albrecht_Dürer,0,remove,False
Albrecht_Du╠êrer_164.jpg,Albrecht_Du╠êrer_164.jpg,Albrecht_Dürer,Albrecht_Dürer,0,keep,False
Edgar_Degas_653.jpg,Edgar_Degas_575.jpg,Edgar_Degas,Edgar_Degas,6,remove,False
Edgar_Degas_653.jpg,Edgar_Degas_653.jpg,Edgar_Degas,Edgar_Degas,0,keep,False
Edgar_Degas_549.jpg,Edgar_Degas_5.jpg,Edgar_Degas,Edgar_Degas,12,remove,False
Edgar_Degas_549.jpg,Edgar_Degas_546.jpg,Edgar_Degas,Edgar_Degas,8,remove,False
Edgar_Degas_549.jpg,Edgar_Degas_549.jpg,Edgar_Degas,Edgar_Degas,0,keep,False
Titian_185.jpg,Titian_177.jpg,Titian,Titian,10,remove,False
Titian_185.jpg,Titian_185.jpg,Titian,Titian,0,keep,False
Albrecht_Dürer_98.jpg,Albrecht_Du╠êrer_98.jpg,Albrecht_Dürer,Albrecht_Dürer,0,remove,False
Albrecht_Dürer_98.jpg,Albrecht_Dürer_98.jpg,Albrecht_Dürer,Albrecht_Dürer,0,keep,False
Albrecht_Dürer_175.jpg,Albrecht_Du╠êrer_175.jpg,Albrecht_Dürer,Albrecht_Dürer,0,remove,False
Albrecht_Dürer_175.jpg,Albrecht_Dürer_175.jpg,Albrecht_Dürer,Albrecht_Dürer,0,keep,False
Albrecht_Du╠êrer_118.jpg,Albrecht_Dürer_118.jpg,Albrecht_Dürer,Albrecht_Dürer,0,remove,False
Albrecht_Du╠êrer_118.jpg,Albrecht_Du╠êrer_118.jpg,Albrecht_Dürer,Albrecht_Dürer,0,keep,False
Vincent_van_Gogh_96.jpg,Vincent_van_Gogh_550.jpg,Vincent_van_Gogh,Vincent_van_Gogh,2,remove,False
Vincent_van_Gogh_96.jpg,Vincent_van_Gogh_96.jpg,Vincent_van_Gogh,Vincent_van_Gogh,0,keep,False
Edgar_Degas_691.jpg,Edgar_Degas_438.jpg,Edgar_Degas,Edgar_Degas,4,remove,False
Edgar_Degas_691.jpg,Edgar_Degas_691.jpg,Edgar_Degas,Edgar_Degas,0,keep,False
Albrecht_Du╠êrer_320.jpg,Albrecht_Dürer_320.jpg,Albrecht_Dürer,Albrecht_Dürer,0,remove,False
Albrecht_Du╠êrer_320.jpg,Albrecht_Du╠êrer_320.jpg,Albrecht_Dürer,Albrecht_Dürer,0,keep,False
Vincent_van_Gogh_695.jpg,Vincent_van_Gogh_92.jpg,Vincent_van_Gogh,Vincent_van_Gogh,0,remove,False
Vincent_van_Gogh_695.jpg,Vincent_van_Gogh_695.jpg,Vincent_van_Gogh,Vincent_van_Gogh,0,keep,False
Albrecht_Dürer_41.jpg,Albrecht_Du╠êrer_41.jpg,Albrecht_Dürer,Albrecht_Dürer,0,remove,False
Albrecht_Dürer_41.jpg,Albrecht_Dürer_41.jpg,Albrecht_Dürer,Albrecht_Dürer,0,keep,False
Edgar_Degas_200.jpg,Edgar_Degas_625.jpg,Edgar_Degas,Edgar_Degas,4,remove,False
Edgar_Degas_200.jpg,Edgar_Degas_678.jpg,Edgar_Degas,Edgar_Degas,4,remove,False
Edgar_Degas_200.jpg,Edgar_Degas_200.jpg,Edgar_Degas,Edgar_Degas,0,keep,False
Rembrandt_51.jpg,Pablo_Picasso_47.jpg,Rembrandt,Pablo_Picasso,12,remove,True
Rembrandt_51.jpg,Pablo_Picasso_73.jpg,Rembrandt,Pablo_Picasso,10,remove,True
Rembrandt_51.jpg,Rembrandt_51.jpg,Rembrandt,Rembrandt,0,keep,False
Edgar_Degas_464.jpg,Edgar_Degas_601.jpg,Edgar_Degas,Edgar_Degas,6,remove,False
Edgar_Degas_464.jpg,Edgar_Degas_464.jpg,Edgar_Degas,Edgar_Degas,0,keep,False
Edgar_Degas_423.jpg,Edgar_Degas_635.jpg,Edgar_Degas,Edgar_Degas,4,remove,False
Edgar_Degas_423.jpg,Edgar_Degas_423.jpg,Edgar_Degas,Edgar_Degas,0,keep,False
Pierre-Auguste_Renoir_69.jpg,Pierre-Auguste_Renoir_141.jpg,Pierre-Auguste_Renoir,Pierre-Auguste_Renoir,10,remove,False
Pierre-Auguste_Renoir_69.jpg,Pierre-Auguste_Renoir_69.jpg,Pierre-Auguste_Renoir,Pierre-Auguste_Renoir,0,keep,False
Vincent_van_Gogh_275.jpg,Vincent_van_Gogh_42.jpg,Vincent_van_Gogh,Vincent_van_Gogh,6,remove,False
Vincent_van_Gogh_275.jpg,Vincent_van_Gogh_275.jpg,Vincent_van_Gogh,Vincent_van_Gogh,0,keep,False
Edgar_Degas_239.jpg,Edgar_Degas_302.jpg,Edgar_Degas,Edgar_Degas,4,remove,False
Edgar_Degas_239.jpg,Edgar_Degas_239.jpg,Edgar_Degas,Edgar_Degas,0,keep,False
Edgar_Degas_570.jpg,Edgar_Degas_654.jpg,Edgar_Degas,Edgar_Degas,10,remove,False
Edgar_Degas_570.jpg,Edgar_Degas_570.jpg,Edgar_Degas,Edgar_Degas,0,keep,False
Albrecht_Du╠êrer_104.jpg,Albrecht_Dürer_104.jpg,Albrecht_Dürer,Albrecht_Dürer,0,remove,False
Albrecht_Du╠êrer_104.jpg,Albrecht_Du╠êrer_104.jpg,Albrecht_Dürer,Albrecht_Dürer,0,keep,False
Edgar_Degas_154.jpg,Edgar_Degas_657.jpg,Edgar_Degas,Edgar_Degas,4,remove,False
Edgar_Degas_154.jpg,Edgar_Degas_154.jpg,Edgar_Degas,Edgar_Degas,0,keep,False
Edgar_Degas_698.jpg,Edgar_Degas_456.jpg,Edgar_Degas,Edgar_Degas,6,remove,False
Edgar_Degas_698.jpg,Edgar_Degas_698.jpg,Edgar_Degas,Edgar_Degas,0,keep,False
Vincent_van_Gogh_717.jpg,Vincent_van_Gogh_607.jpg,Vincent_van_Gogh,Vincent_van_Gogh,2,remove,False
Vincent_van_Gogh_717.jpg,Vincent_van_Gogh_717.jpg,Vincent_van_Gogh,Vincent_van_Gogh,0,keep,False
Edgar_Degas_301.jpg,Edgar_Degas_183.jpg,Edgar_Degas,Edgar_Degas,4,remove,False
Edgar_Degas_301.jpg,Edgar_Degas_301.jpg,Edgar_Degas,Edgar_Degas,0,keep,False
Vincent_van_Gogh_300.jpg,Vincent_van_Gogh_163.jpg,Vincent_van_Gogh,Vincent_van_Gogh,10,remove,False
Vincent_van_Gogh_300.jpg,Vincent_van_Gogh_300.jpg,Vincent_van_Gogh,Vincent_van_Gogh,0,keep,False
Albrecht_Du╠êrer_187.jpg,Albrecht_Dürer_187.jpg,Albrecht_Dürer,Albrecht_Dürer,0,remove,False
Albrecht_Du╠êrer_187.jpg,Albrecht_Du╠êrer_187.jpg,Albrecht_Dürer,Albrecht_Dürer,0,keep,False
Albrecht_Du╠êrer_40.jpg,Albrecht_Dürer_40.jpg,Albrecht_Dürer,Albrecht_Dürer,0,remove,False
Albrecht_Du╠êrer_40.jpg,Albrecht_Du╠êrer_40.jpg,Albrecht_Dürer,Albrecht_Dürer,0,keep,False
Albrecht_Du╠êrer_233.jpg,Albrecht_Dürer_233.jpg,Albrecht_Dürer,Albrecht_Dürer,0,remove,False
Albrecht_Du╠êrer_233.jpg,Albrecht_Du╠êrer_233.jpg,Albrecht_Dürer,Albrecht_Dürer,0,keep,False
Albrecht_Du╠êrer_206.jpg,Albrecht_Dürer_206.jpg,Albrecht_Dürer,Albrecht_Dürer,0,remove,False
Albrecht_Du╠êrer_206.jpg,Albrecht_Du╠êrer_206.jpg,Albrecht_Dürer,Albrecht_Dürer,0,keep,False
Vincent_van_Gogh_22.jpg,Vincent_van_Gogh_68.jpg,Vincent_van_Gogh,Vincent_van_Gogh,8,remove,False
Vincent_van_Gogh_22.jpg,Vincent_van_Gogh_22.jpg,Vincent_van_Gogh,Vincent_van_Gogh,0,keep,False
Edgar_Degas_414.jpg,Edgar_Degas_326.jpg,Edgar_Degas,Edgar_Degas,2,remove,False
Edgar_Degas_414.jpg,Edgar_Degas_414.jpg,Edgar_Degas,Edgar_Degas,0,keep,False
Albrecht_Dürer_76.jpg,Albrecht_Du╠êrer_76.jpg,Albrecht_Dürer,Albrecht_Dürer,0,remove,False
Albrecht_Dürer_76.jpg,Albrecht_Dürer_76.jpg,Albrecht_Dürer,Albrecht_Dürer,0,keep,False
Edgar_Degas_132.jpg,Edgar_Degas_663.jpg,Edgar_Degas,Edgar_Degas,10,remove,False
Edgar_Degas_132.jpg,Edgar_Degas_646.jpg,Edgar_Degas,Edgar_Degas,10,remove,False
Edgar_Degas_132.jpg,Edgar_Degas_132.jpg,Edgar_Degas,Edgar_Degas,0,keep,False
Vincent_van_Gogh_324.jpg,Vincent_van_Gogh_567.jpg,Vincent_van_Gogh,Vincent_van_Gogh,10,remove,False
Vincent_van_Gogh_324.jpg,Vincent_van_Gogh_324.jpg,Vincent_van_Gogh,Vincent_van_Gogh,0,keep,False
Vincent_van_Gogh_74.jpg,Vincent_van_Gogh_642.jpg,Vincent_van_Gogh,Vincent_van_Gogh,4,remove,False
Vincent_van_Gogh_74.jpg,Vincent_van_Gogh_74.jpg,Vincent_van_Gogh,Vincent_van_Gogh,0,keep,False
Albrecht_Dürer_103.jpg,Albrecht_Du╠êrer_103.jpg,Albrecht_Dürer,Albrecht_Dürer,0,remove,False
Albrecht_Dürer_103.jpg,Albrecht_Dürer_103.jpg,Albrecht_Dürer,Albrecht_Dürer,0,keep,False
Albrecht_Du╠êrer_283.jpg,Albrecht_Dürer_283.jpg,Albrecht_Dürer,Albrecht_Dürer,0,remove,False
Albrecht_Du╠êrer_283.jpg,Albrecht_Du╠êrer_283.jpg,Albrecht_Dürer,Albrecht_Dürer,0,keep,False
Albrecht_Dürer_251.jpg,Albrecht_Du╠êrer_251.jpg,Albrecht_Dürer,Albrecht_Dürer,0,remove,False
Albrecht_Dürer_251.jpg,Albrecht_Dürer_251.jpg,Albrecht_Dürer,Albrecht_Dürer,0,keep,False
Albrecht_Dürer_213.jpg,Albrecht_Du╠êrer_213.jpg,Albrecht_Dürer,Albrecht_Dürer,0,remove,False
Albrecht_Dürer_213.jpg,Albrecht_Dürer_213.jpg,Albrecht_Dürer,Albrecht_Dürer,0,keep,False
Albrecht_Dürer_88.jpg,Albrecht_Du╠êrer_88.jpg,Albrecht_Dürer,Albrecht_Dürer,0,remove,False
Albrecht_Dürer_88.jpg,Albrecht_Dürer_88.jpg,Albrecht_Dürer,Albrecht_Dürer,0,keep,False
Albrecht_Du╠êrer_89.jpg,Albrecht_Dürer_89.jpg,Albrecht_Dürer,Albrecht_Dürer,0,remove,False
Albrecht_Du╠êrer_89.jpg,Albrecht_Du╠êrer_89.jpg,Albrecht_Dürer,Albrecht_Dürer,0,keep,False
Albrecht_Dürer_122.jpg,Albrecht_Du╠êrer_122.jpg,Albrecht_Dürer,Albrecht_Dürer,0,remove,False
Albrecht_Dürer_122.jpg,Albrecht_Dürer_122.jpg,Albrecht_Dürer,Albrecht_Dürer,0,keep,False
Albrecht_Dürer_37.jpg,Albrecht_Du╠êrer_37.jpg,Albrecht_Dürer,Albrecht_Dürer,0,remove,False
Albrecht_Dürer_37.jpg,Albrecht_Dürer_37.jpg,Albrecht_Dürer,Albrecht_Dürer,0,keep,False
Edgar_Degas_226.jpg,Edgar_Degas_152.jpg,Edgar_Degas,Edgar_Degas,8,remove,False
Edgar_Degas_226.jpg,Edgar_Degas_226.jpg,Edgar_Degas,Edgar_Degas,0,keep,False
Albrecht_Dürer_26.jpg,Albrecht_Du╠êrer_26.jpg,Albrecht_Dürer,Albrecht_Dürer,0,remove,False
Albrecht_Dürer_26.jpg,Albrecht_Dürer_26.jpg,Albrecht_Dürer,Albrecht_Dürer,0,keep,False
Albrecht_Du╠êrer_15.jpg,Albrecht_Dürer_15.jpg,Albrecht_Dürer,Albrecht_Dürer,0,remove,False
Albrecht_Du╠êrer_15.jpg,Albrecht_Du╠êrer_15.jpg,Albrecht_Dürer,Albrecht_Dürer,0,keep,False
Albrecht_Du╠êrer_24.jpg,Albrecht_Dürer_24.jpg,Albrecht_Dürer,Albrecht_Dürer,0,remove,False
Albrecht_Du╠êrer_24.jpg,Albrecht_Du╠êrer_24.jpg,Albrecht_Dürer,Albrecht_Dürer,0,keep,False
Albrecht_Dürer_30.jpg,Albrecht_Du╠êrer_30.jpg,Albrecht_Dürer,Albrecht_Dürer,0,remove,False
Albrecht_Dürer_30.jpg,Albrecht_Dürer_30.jpg,Albrecht_Dürer,Albrecht_Dürer,0,keep,False
Pablo_Picasso_58.jpg,Pablo_Picasso_353.jpg,Pablo_Picasso,Pablo_Picasso,10,remove,False
Pablo_Picasso_58.jpg,Pablo_Picasso_58.jpg,Pablo_Picasso,Pablo_Picasso,0,keep,False
Albrecht_Du╠êrer_293.jpg,Albrecht_Dürer_293.jpg,Albrecht_Dürer,Albrecht_Dürer,0,remove,False
Albrecht_Du╠êrer_293.jpg,Albrecht_Du╠êrer_293.jpg,Albrecht_Dürer,Albrecht_Dürer,0,keep,False
Albrecht_Du╠êrer_84.jpg,Albrecht_Dürer_84.jpg,Albrecht_Dürer,Albrecht_Dürer,0,remove,False
Albrecht_Du╠êrer_84.jpg,Albrecht_Du╠êrer_84.jpg,Albrecht_Dürer,Albrecht_Dürer,0,keep,False
Edgar_Degas_627.jpg,Edgar_Degas_289.jpg,Edgar_Degas,Edgar_Degas,6,remove,False
Edgar_Degas_627.jpg,Edgar_Degas_627.jpg,Edgar_Degas,Edgar_Degas,0,keep,False
Vincent_van_Gogh_619.jpg,Vincent_van_Gogh_359.jpg,Vincent_van_Gogh,Vincent_van_Gogh,4,remove,False
Vincent_van_Gogh_619.jpg,Vincent_van_Gogh_619.jpg,Vincent_van_Gogh,Vincent_van_Gogh,0,keep,False
Albrecht_Du╠êrer_234.jpg,Albrecht_Dürer_234.jpg,Albrecht_Dürer,Albrecht_Dürer,0,remove,False
Albrecht_Du╠êrer_234.jpg,Albrecht_Du╠êrer_234.jpg,Albrecht_Dürer,Albrecht_Dürer,0,keep,False
Vincent_van_Gogh_297.jpg,Vincent_van_Gogh_683.jpg,Vincent_van_Gogh,Vincent_van_Gogh,10,remove,False
Vincent_van_Gogh_297.jpg,Vincent_van_Gogh_297.jpg,Vincent_van_Gogh,Vincent_van_Gogh,0,keep,False
Albrecht_Dürer_139.jpg,Albrecht_Du╠êrer_139.jpg,Albrecht_Dürer,Albrecht_Dürer,0,remove,False
Albrecht_Dürer_139.jpg,Albrecht_Dürer_139.jpg,Albrecht_Dürer,Albrecht_Dürer,0,keep,False
Albrecht_Du╠êrer_34.jpg,Albrecht_Dürer_34.jpg,Albrecht_Dürer,Albrecht_Dürer,0,remove,False
Albrecht_Du╠êrer_34.jpg,Albrecht_Du╠êrer_34.jpg,Albrecht_Dürer,Albrecht_Dürer,0,keep,False
Albrecht_Du╠êrer_21.jpg,Albrecht_Dürer_21.jpg,Albrecht_Dürer,Albrecht_Dürer,0,remove,False
Albrecht_Du╠êrer_21.jpg,Albrecht_Du╠êrer_21.jpg,Albrecht_Dürer,Albrecht_Dürer,0,keep,False
Pablo_Picasso_208.jpg,Pablo_Picasso_67.jpg,Pablo_Picasso,Pablo_Picasso,2,remove,False
Pablo_Picasso_208.jpg,Pablo_Picasso_208.jpg,Pablo_Picasso,Pablo_Picasso,0,keep,False
Vincent_van_Gogh_499.jpg,Vincent_van_Gogh_236.jpg,Vincent_van_Gogh,Vincent_van_Gogh,4,remove,False
Vincent_van_Gogh_499.jpg,Vincent_van_Gogh_499.jpg,Vincent_van_Gogh,Vincent_van_Gogh,0,keep,False
Vincent_van_Gogh_32.jpg,Vincent_van_Gogh_283.jpg,Vincent_van_Gogh,Vincent_van_Gogh,6,remove,False
Vincent_van_Gogh_32.jpg,Vincent_van_Gogh_32.jpg,Vincent_van_Gogh,Vincent_van_Gogh,0,keep,False
Albrecht_Du╠êrer_29.jpg,Albrecht_Dürer_29.jpg,Albrecht_Dürer,Albrecht_Dürer,0,remove,False
Albrecht_Du╠êrer_29.jpg,Albrecht_Du╠êrer_29.jpg,Albrecht_Dürer,Albrecht_Dürer,0,keep,False
Albrecht_Dürer_255.jpg,Albrecht_Du╠êrer_255.jpg,Albrecht_Dürer,Albrecht_Dürer,0,remove,False
Albrecht_Dürer_255.jpg,Albrecht_Dürer_255.jpg,Albrecht_Dürer,Albrecht_Dürer,0,keep,False
Rembrandt_122.jpg,Rembrandt_110.jpg,Rembrandt,Rembrandt,10,remove,False
Rembrandt_122.jpg,Rembrandt_122.jpg,Rembrandt,Rembrandt,0,keep,False
Edgar_Degas_16.jpg,Edgar_Degas_369.jpg,Edgar_Degas,Edgar_Degas,8,remove,False
Edgar_Degas_16.jpg,Edgar_Degas_16.jpg,Edgar_Degas,Edgar_Degas,0,keep,False
Albrecht_Du╠êrer_140.jpg,Albrecht_Dürer_140.jpg,Albrecht_Dürer,Albrecht_Dürer,0,remove,False
Albrecht_Du╠êrer_140.jpg,Albrecht_Du╠êrer_140.jpg,Albrecht_Dürer,Albrecht_Dürer,0,keep,False
