filename,artist,phash,retained
Albrecht_Dürer_59.jpg,Albrecht_Dürer,e4a2925bda354bd8,False
Vincent_van_Gogh_586.jpg,Vincent_van_Gogh,b6f2480d69d313cd,True
Vincent_van_Gogh_559.jpg,Vincent_van_Gogh,b6f3c331887e8d03,True
Vincent_van_Gogh_804.jpg,Vincent_van_Gogh,da82b13d5c829c6f,False
Albrecht_Dürer_307.jpg,Albrecht_Dürer,8d39f4e68759cc84,False
Paul_Gauguin_132.jpg,Paul_Gauguin,d33724d3a189bccc,True
Albrecht_Du╠êrer_93.jpg,Albrecht_Dürer,e4b69b49946a69cc,False
Pierre-Auguste_Renoir_221.jpg,Pierre-Auguste_Renoir,c6192bb67919ec26,True
Albrecht_Dürer_28.jpg,Albrecht_Dürer,ebb4334e8839a566,False
Titian_235.jpg,Titian,8fbc30c763796684,False
Edgar_Degas_390.jpg,Edgar_Degas,aca4df7261331751,True
Alfred_Sisley_53.jpg,Alfred_Sisley,b9eed3e46a841259,True
Pablo_Picasso_319.jpg,Pablo_Picasso,e92d4437d4963497,True
Vincent_van_Gogh_259.jpg,Vincent_van_Gogh,b3e8e9f3d0e09419,True
Albrecht_Dürer_11.jpg,Albrecht_Dürer,ff17a0c691b8c1e1,False
Francisco_Goya_91.jpg,Francisco_Goya,d98937d68c387983,True
Paul_Gauguin_17.jpg,Paul_Gauguin,940ce372fc359c96,True
Albrecht_Dürer_58.jpg,Albrecht_Dürer,e2b7925e2d60a61b,False
Edgar_Degas_3.jpg,Edgar_Degas,dada9d29f206e342,False
Edgar_Degas_333.jpg,Edgar_Degas,9aec35867a992798,True
Pierre-Auguste_Renoir_8.jpg,Pierre-Auguste_Renoir,ba30a1cfc598939b,True
Pablo_Picasso_432.jpg,Pablo_Picasso,b3e544d867d2c2d4,True
Pablo_Picasso_308.jpg,Pablo_Picasso,fbc9166296629c59,True
Pierre-Auguste_Renoir_58.jpg,Pierre-Auguste_Renoir,afaad8d4703cf061,True
Albrecht_Dürer_27.jpg,Albrecht_Dürer,ecccc3b196475872,False
Edgar_Degas_490.jpg,Edgar_Degas,a3d04a95e35d8d8e,True
Pierre-Auguste_Renoir_153.jpg,Pierre-Auguste_Renoir,b94a45f1b0b79a8c,True
Alfred_Sisley_241.jpg,Alfred_Sisley,a7b496d26b0e24cb,True
Albrecht_Dürer_198.jpg,Albrecht_Dürer,bb80e138c4c3cf1f,False
Pablo_Picasso_316.jpg,Pablo_Picasso,bf2546f3b098b183,True
Paul_Gauguin_80.jpg,Paul_Gauguin,8163784e5b1b3735,True
Pierre-Auguste_Renoir_45.jpg,Pierre-Auguste_Renoir,8bd9ac0f1b74a4b1,True
Edgar_Degas_531.jpg,Edgar_Degas,896e8619ad95579a,True
Vincent_van_Gogh_630.jpg,Vincent_van_Gogh,aa05d5d3967a4b62,True
Albrecht_Du╠êrer_32.jpg,Albrecht_Dürer,b29bc4d6d9d9038c,False
Paul_Gauguin_5.jpg,Paul_Gauguin,b8cb65b4b2328bc9,True
Francisco_Goya_24.jpg,Francisco_Goya,d4b324d9dc2fc660,True
Pablo_Picasso_315.jpg,Pablo_Picasso,caf98d6cb1469634,True
Paul_Gauguin_244.jpg,Paul_Gauguin,b013837b10ebb2cf,True
Rembrandt_66.jpg,Rembrandt,db273c38c3e1311e,True
Vincent_van_Gogh_636.jpg,Vincent_van_Gogh,fe5649c932642ba5,False
Vincent_van_Gogh_520.jpg,Vincent_van_Gogh,d4acb2ad7442336e,True
Edgar_Degas_484.jpg,Edgar_Degas,b88f6f3cc0379318,True
Albrecht_Du╠êrer_136.jpg,Albrecht_Dürer,eb97b099866d8c86,False
Albrecht_Dürer_325.jpg,Albrecht_Dürer,d0a97ad5aad120dd,False
Vincent_van_Gogh_779.jpg,Vincent_van_Gogh,e1738d469a0c4fad,True
Vincent_van_Gogh_231.jpg,Vincent_van_Gogh,fdd1a44a933e1a34,False
Pierre-Auguste_Renoir_156.jpg,Pierre-Auguste_Renoir,b1ff3701c50e1a1e,True
Pierre-Auguste_Renoir_61.jpg,Pierre-Auguste_Renoir,cf2b63b31a91c585,True
Vincent_van_Gogh_315.jpg,Vincent_van_Gogh,8cee70c4dfc8a1e2,True
Pablo_Picasso_421.jpg,Pablo_Picasso,ad72115e87cf416c,True
Edgar_Degas_207.jpg,Edgar_Degas,ed34dbcdd6498442,True
Albrecht_Du╠êrer_48.jpg,Albrecht_Dürer,b6f3a2dcc78c460c,False
Francisco_Goya_75.jpg,Francisco_Goya,a1aa9f57de2c8831,True
Vincent_van_Gogh_825.jpg,Vincent_van_Gogh,b6b3c1518d415f59,True
Vincent_van_Gogh_130.jpg,Vincent_van_Gogh,ec1bc1e4c8cbb30b,True
Pierre-Auguste_Renoir_286.jpg,Pierre-Auguste_Renoir,9922cca798dd8dd1,True
Titian_201.jpg,Titian,8d4b7665b93ac1a8,False
Francisco_Goya_265.jpg,Francisco_Goya,eeabb3e8a8a5b030,True
Alfred_Sisley_257.jpg,Alfred_Sisley,c3bce200fde1d817,True
Albrecht_Du╠êrer_62.jpg,Albrecht_Dürer,cdf297c111c6a45b,False
Francisco_Goya_111.jpg,Francisco_Goya,bc8153a7699cc533,True
Pablo_Picasso_259.jpg,Pablo_Picasso,eac1913d6d6c7461,False
Paul_Gauguin_199.jpg,Paul_Gauguin,e1c35f1c8e32a0cf,True
Alfred_Sisley_23.jpg,Alfred_Sisley,e3f89c0631f1476c,False
Paul_Gauguin_254.jpg,Paul_Gauguin,aea7d148a65e2b92,True
Edgar_Degas_645.jpg,Edgar_Degas,9429e886714c377f,False
Pablo_Picasso_113.jpg,Pablo_Picasso,bae00d6f674c8c95,True
Pierre-Auguste_Renoir_327.jpg,Pierre-Auguste_Renoir,b869fb3a85969609,True
Rembrandt_12.jpg,Rembrandt,b4ec92a14393cdcb,True
Vincent_van_Gogh_149.jpg,Vincent_van_Gogh,f1848da659cca6a7,True
Albrecht_Dürer_176.jpg,Albrecht_Dürer,eca5935ae156a459,False
Paul_Gauguin_44.jpg,Paul_Gauguin,c31e1f81eac61d33,True
Edgar_Degas_300.jpg,Edgar_Degas,f20f08cbe99e0fb0,True
Paul_Gauguin_224.jpg,Paul_Gauguin,f152d38152259d3f,True
Titian_73.jpg,Titian,cc8c6037d39b3372,True
Albrecht_Du╠êrer_96.jpg,Albrecht_Dürer,f41b83c978850fce,False
Titian_84.jpg,Titian,cc1e7cc172793632,True
Albrecht_Dürer_51.jpg,Albrecht_Dürer,cab4d1a9515cd276,False
Vincent_van_Gogh_369.jpg,Vincent_van_Gogh,e564d29a7b247871,False
Albrecht_Du╠êrer_117.jpg,Albrecht_Dürer,f496c3ce9c199949,False
Albrecht_Dürer_282.jpg,Albrecht_Dürer,ee4aa5bd94c049b3,False
Edgar_Degas_166.jpg,Edgar_Degas,97015e168669f98f,True
Paul_Gauguin_263.jpg,Paul_Gauguin,aae0b6a2666bd625,True
Francisco_Goya_238.jpg,Francisco_Goya,fa8c8593c6c2953d,True
Paul_Gauguin_161.jpg,Paul_Gauguin,ab63c4b5914eb493,True
Rembrandt_225.jpg,Rembrandt,99396693996c943b,True
Titian_123.jpg,Titian,c9ec6e613716d249,True
Edgar_Degas_483.jpg,Edgar_Degas,f3690d3df4a81c1c,True
Vincent_van_Gogh_459.jpg,Vincent_van_Gogh,b8c6c3faa09c9a95,True
Rembrandt_166.jpg,Rembrandt,d5e2a694689e36b8,True
Edgar_Degas_571.jpg,Edgar_Degas,b64925d61b6e8cd8,False
Francisco_Goya_150.jpg,Francisco_Goya,cf3868cd946639c6,True
Edgar_Degas_523.jpg,Edgar_Degas,e79fdd40c8879198,True
Edgar_Degas_70.jpg,Edgar_Degas,fbd8e0c3532501fc,True
Rembrandt_87.jpg,Rembrandt,ecaeb3b1b4f4c0c0,True
Edgar_Degas_222.jpg,Edgar_Degas,c03c39f221733737,True
Rembrandt_233.jpg,Rembrandt,992c26f3936ed819,True
Edgar_Degas_234.jpg,Edgar_Degas,e4a4f1f19293c3c3,True
Albrecht_Dürer_46.jpg,Albrecht_Dürer,dd96cd62828cb0f9,False
Vincent_van_Gogh_214.jpg,Vincent_van_Gogh,d2aff0540fc3b470,False
Vincent_van_Gogh_591.jpg,Vincent_van_Gogh,89b2eda7751b2419,True
Edgar_Degas_435.jpg,Edgar_Degas,897b0709b8e1157f,False
Francisco_Goya_14.jpg,Francisco_Goya,817c5cb54335aed8,True
Pablo_Picasso_122.jpg,Pablo_Picasso,c6642c1b7b3c3a3a,True
Pierre-Auguste_Renoir_206.jpg,Pierre-Auguste_Renoir,d3bce990b6eda00c,True
Edgar_Degas_324.jpg,Edgar_Degas,aeefce82c852e0f0,True
Pablo_Picasso_415.jpg,Pablo_Picasso,92524fee91966669,True
Edgar_Degas_428.jpg,Edgar_Degas,dbf4b42b294ab2c4,True
Edgar_Degas_247.jpg,Edgar_Degas,8e4b3378cccb8366,True
Albrecht_Du╠êrer_42.jpg,Albrecht_Dürer,e7909c3d619774c8,False
Alfred_Sisley_187.jpg,Alfred_Sisley,9a9bada4c7d94446,True
Vincent_van_Gogh_493.jpg,Vincent_van_Gogh,ebeb89889017b752,True
Albrecht_Du╠êrer_190.jpg,Albrecht_Dürer,9f8cc753a155e270,False
Titian_227.jpg,Titian,dbbcbc2366d9c0c0,True
Vincent_van_Gogh_469.jpg,Vincent_van_Gogh,bbb4c46a25b2d20f,True
Pierre-Auguste_Renoir_75.jpg,Pierre-Auguste_Renoir,df19246103fee30b,True
Edgar_Degas_184.jpg,Edgar_Degas,f1686834b9399ee1,True
Rembrandt_154.jpg,Rembrandt,efa7303898e1c8cb,True
Francisco_Goya_239.jpg,Francisco_Goya,ba3f85c2d09d8dc4,True
Titian_130.jpg,Titian,aec31119748edb65,True
Pablo_Picasso_43.jpg,Pablo_Picasso,d961366603b67399,True
Titian_238.jpg,Titian,ce3c3ce673336418,True
Francisco_Goya_179.jpg,Francisco_Goya,994b966626b3cc2b,True
Pablo_Picasso_100.jpg,Pablo_Picasso,bba499dc9ad68a81,True
Vincent_van_Gogh_376.jpg,Vincent_van_Gogh,fb80b8a99456b1e9,True
Alfred_Sisley_177.jpg,Alfred_Sisley,a4c6d23d8ef34986,True
Vincent_van_Gogh_747.jpg,Vincent_van_Gogh,92eaea38a5b5f04c,True
Vincent_van_Gogh_326.jpg,Vincent_van_Gogh,c9c6d6c6687a7311,False
Pablo_Picasso_349.jpg,Pablo_Picasso,e997362fc1388479,True
Francisco_Goya_132.jpg,Francisco_Goya,be90c14ec4333377,True
Vincent_van_Gogh_706.jpg,Vincent_van_Gogh,d6617b9cdc12247c,True
Paul_Gauguin_148.jpg,Paul_Gauguin,9f18f0e7e2ecc0c4,True
Pablo_Picasso_222.jpg,Pablo_Picasso,a3dd5863958e32b4,True
Edgar_Degas_447.jpg,Edgar_Degas,b87c2869d5047e6e,False
Pablo_Picasso_111.jpg,Pablo_Picasso,aee8dacce9b491c0,True
Francisco_Goya_89.jpg,Francisco_Goya,be2fc19ac46b90cc,True
Pablo_Picasso_372.jpg,Pablo_Picasso,9abad15203d577c2,True
Vincent_van_Gogh_599.jpg,Vincent_van_Gogh,b3bec3e3cc5c0c18,True
Vincent_van_Gogh_189.jpg,Vincent_van_Gogh,fbc8c2a7c4711c6a,True
Pablo_Picasso_142.jpg,Pablo_Picasso,884327f14958fb4f,True
Alfred_Sisley_174.jpg,Alfred_Sisley,e1e81cc67344af1e,True
Pierre-Auguste_Renoir_323.jpg,Pierre-Auguste_Renoir,ae61b386c225719f,True
Albrecht_Dürer_186.jpg,Albrecht_Dürer,ee3b0760b988b743,False
Pablo_Picasso_412.jpg,Pablo_Picasso,88f9f3e4e1063cd1,True
Albrecht_Dürer_78.jpg,Albrecht_Dürer,ae90d26e95c278b5,False
Albrecht_Dürer_183.jpg,Albrecht_Dürer,eff210a74b41cc53,False
Vincent_van_Gogh_751.jpg,Vincent_van_Gogh,ef731748a75b080b,True
Vincent_van_Gogh_614.jpg,Vincent_van_Gogh,eb3af0658d58b066,True
Paul_Gauguin_181.jpg,Paul_Gauguin,c70609f80b9cf86f,True
Albrecht_Du╠êrer_316.jpg,Albrecht_Dürer,bfe29658d101dc4b,False
Edgar_Degas_411.jpg,Edgar_Degas,e0c20f893b06c7df,True
Vincent_van_Gogh_521.jpg,Vincent_van_Gogh,edd21a6d965b8864,True
Albrecht_Du╠êrer_317.jpg,Albrecht_Dürer,958767e17c7870c1,False
Francisco_Goya_38.jpg,Francisco_Goya,c31e3cf0c60bd98e,True
Rembrandt_5.jpg,Rembrandt,ccbd236338cccc69,True
Rembrandt_140.jpg,Rembrandt,9b716486b223676d,True
Vincent_van_Gogh_303.jpg,Vincent_van_Gogh,c2352d9f86c4957a,True
Francisco_Goya_177.jpg,Francisco_Goya,86b7594d23b65916,True
Paul_Gauguin_87.jpg,Paul_Gauguin,e9165ce3a2629e59,True
Edgar_Degas_640.jpg,Edgar_Degas,f04e45cb34b1bbc8,False
Pierre-Auguste_Renoir_182.jpg,Pierre-Auguste_Renoir,db61f049847e897a,True
Pablo_Picasso_428.jpg,Pablo_Picasso,e49c1f56565b68a1,True
Edgar_Degas_167.jpg,Edgar_Degas,fbd20c43b1a5c5c6,True
Francisco_Goya_243.jpg,Francisco_Goya,85e54e983e3b906b,True
Edgar_Degas_271.jpg,Edgar_Degas,decba9c0969e92c2,True
Pablo_Picasso_195.jpg,Pablo_Picasso,eb68e69216a5919e,True
Vincent_van_Gogh_844.jpg,Vincent_van_Gogh,eee7811d3a62c41d,True
Albrecht_Dürer_241.jpg,Albrecht_Dürer,ee09a0289b1697f7,False
Vincent_van_Gogh_872.jpg,Vincent_van_Gogh,99a2f69d8245ac9b,True
Albrecht_Du╠êrer_55.jpg,Albrecht_Dürer,f3610c9637795887,False
Albrecht_Du╠êrer_224.jpg,Albrecht_Dürer,9ac18978f71ae44e,False
Alfred_Sisley_162.jpg,Alfred_Sisley,d9ccb4306f699856,True
Alfred_Sisley_66.jpg,Alfred_Sisley,d1a5256b5ba4299b,True
Francisco_Goya_169.jpg,Francisco_Goya,8f3472832d581b9f,True
Alfred_Sisley_137.jpg,Alfred_Sisley,ccece6e1e1996492,True
Pierre-Auguste_Renoir_287.jpg,Pierre-Auguste_Renoir,f2bc82ba331f4c26,True
Edgar_Degas_642.jpg,Edgar_Degas,f2f2315adc183c56,False
Albrecht_Dürer_136.jpg,Albrecht_Dürer,eb97b099866d8c86,True
Pierre-Auguste_Renoir_177.jpg,Pierre-Auguste_Renoir,9098bee56947434f,True
Albrecht_Dürer_92.jpg,Albrecht_Dürer,b38cc8bfc6678c21,False
Edgar_Degas_427.jpg,Edgar_Degas,d18c1ceb875439e3,False
Francisco_Goya_251.jpg,Francisco_Goya,911be624db72c837,True
Albrecht_Dürer_17.jpg,Albrecht_Dürer,8acb95a4b9265cb3,False
Albrecht_Du╠êrer_157.jpg,Albrecht_Dürer,bf3fe4b0b0c3c281,False
Vincent_van_Gogh_490.jpg,Vincent_van_Gogh,c9ce05749ef838a3,True
Vincent_van_Gogh_681.jpg,Vincent_van_Gogh,c70ada798333356a,True
Rembrandt_196.jpg,Rembrandt,c33c2593dc67934c,True
Albrecht_Dürer_328.jpg,Albrecht_Dürer,bfd4a1e4f2926113,False
Vincent_van_Gogh_7.jpg,Vincent_van_Gogh,c3ac19e336c6bc98,False
Titian_191.jpg,Titian,8c9c29c75e51c72e,True
Edgar_Degas_210.jpg,Edgar_Degas,eab015dd83dad08b,False
Titian_103.jpg,Titian,e8dcc5633663301f,True
Pierre-Auguste_Renoir_122.jpg,Pierre-Auguste_Renoir,caafead1a435d288,True
Francisco_Goya_246.jpg,Francisco_Goya,fa0ecf64915ac8e4,True
Rembrandt_123.jpg,Rembrandt,cecc3133c61cd8ce,False
Pierre-Auguste_Renoir_11.jpg,Pierre-Auguste_Renoir,b8cfb473b042a35a,True
Albrecht_Du╠êrer_71.jpg,Albrecht_Dürer,b2dcacc48706f3ca,False
Albrecht_Dürer_322.jpg,Albrecht_Dürer,bb029a4acd4cee6a,False
Albrecht_Dürer_306.jpg,Albrecht_Dürer,cfa803c7bc3e9341,False
Vincent_van_Gogh_611.jpg,Vincent_van_Gogh,cbdb246532d69b88,True
Edgar_Degas_359.jpg,Edgar_Degas,8a94d4c2eff17226,False
Edgar_Degas_637.jpg,Edgar_Degas,90fbb171824975ae,True
Albrecht_Du╠êrer_273.jpg,Albrecht_Dürer,bebcc363e4c0131e,False
Edgar_Degas_362.jpg,Edgar_Degas,bebde9ce90b0a0c1,False
Edgar_Degas_357.jpg,Edgar_Degas,b0e09f9d88c3d3d4,True
Albrecht_Du╠êrer_308.jpg,Albrecht_Dürer,ac9b93a6b432e29c,False
Francisco_Goya_269.jpg,Francisco_Goya,eabd81d2e4299a66,True
Vincent_van_Gogh_175.jpg,Vincent_van_Gogh,be2a674658b99925,True
Francisco_Goya_183.jpg,Francisco_Goya,9e9721224e4fba3c,True
Alfred_Sisley_57.jpg,Alfred_Sisley,f1ce0e31ce3861e6,True
Paul_Gauguin_71.jpg,Paul_Gauguin,e4ebc59dc90dc618,True
Alfred_Sisley_259.jpg,Alfred_Sisley,818f0b63f1797f80,True
Vincent_van_Gogh_598.jpg,Vincent_van_Gogh,afd495ca0b1eb191,True
Edgar_Degas_371.jpg,Edgar_Degas,f6c611ccd8b24739,True
Edgar_Degas_598.jpg,Edgar_Degas,abca36a5bd252217,False
Pierre-Auguste_Renoir_232.jpg,Pierre-Auguste_Renoir,9a11e3917cf1075e,True
Pierre-Auguste_Renoir_148.jpg,Pierre-Auguste_Renoir,cf6db43078c66626,True
Albrecht_Du╠êrer_195.jpg,Albrecht_Dürer,b1138ef74cc4c6ca,False
Albrecht_Dürer_12.jpg,Albrecht_Dürer,b0a592f64bc41ba7,False
Vincent_van_Gogh_256.jpg,Vincent_van_Gogh,b9e3923d245be894,True
Titian_38.jpg,Titian,ebc2a6bad8a1a20f,True
Rembrandt_238.jpg,Rembrandt,9f7928c7369ac630,True
Francisco_Goya_234.jpg,Francisco_Goya,863e69833ae34cb3,True
Francisco_Goya_291.jpg,Francisco_Goya,9b64399b6c387269,True
Pablo_Picasso_348.jpg,Pablo_Picasso,afaf088c316e2771,True
Pablo_Picasso_342.jpg,Pablo_Picasso,a92e0f124ff44d4b,True
Alfred_Sisley_194.jpg,Alfred_Sisley,a3c9f7194330d8d6,True
Albrecht_Du╠êrer_214.jpg,Albrecht_Dürer,dca41f508a5f81d7,False
Vincent_van_Gogh_572.jpg,Vincent_van_Gogh,b3f5a3e148406b9b,True
Albrecht_Dürer_261.jpg,Albrecht_Dürer,ed96d0c993339178,False
Vincent_van_Gogh_632.jpg,Vincent_van_Gogh,ef90e6c30d6a9668,True
Albrecht_Du╠êrer_22.jpg,Albrecht_Dürer,d6d5ab88aed15027,False
Edgar_Degas_136.jpg,Edgar_Degas,a47632cdce36d914,True
Albrecht_Du╠êrer_266.jpg,Albrecht_Dürer,bae11295a5389acf,False
Vincent_van_Gogh_808.jpg,Vincent_van_Gogh,da1325e40ddb30cf,True
Francisco_Goya_2.jpg,Francisco_Goya,a2835d3c8f64f459,True
Pierre-Auguste_Renoir_228.jpg,Pierre-Auguste_Renoir,c3f9608c79271e39,True
Francisco_Goya_181.jpg,Francisco_Goya,933964ca1be137cc,True
Vincent_van_Gogh_373.jpg,Vincent_van_Gogh,b1d3f2adcc482d34,True
Vincent_van_Gogh_654.jpg,Vincent_van_Gogh,eda6cd7052097167,True
Francisco_Goya_80.jpg,Francisco_Goya,f6b11cce4e8549e1,True
Rembrandt_151.jpg,Rembrandt,8e3931c62d9897c7,True
Pablo_Picasso_292.jpg,Pablo_Picasso,caed333a74e1c906,True
Edgar_Degas_59.jpg,Edgar_Degas,cf34531a74698ad3,False
Edgar_Degas_594.jpg,Edgar_Degas,b9f41e9964218d9e,True
Vincent_van_Gogh_674.jpg,Vincent_van_Gogh,ff54e129279d6212,True
Rembrandt_172.jpg,Rembrandt,96e83137ca8ecd31,True
Francisco_Goya_155.jpg,Francisco_Goya,e4871b3d6e322b4c,True
Titian_13.jpg,Titian,c03f74e31b30c9c7,True
Vincent_van_Gogh_564.jpg,Vincent_van_Gogh,8be15d2af27e812c,True
Albrecht_Dürer_70.jpg,Albrecht_Dürer,bdd20c7e71493cd0,False
Vincent_van_Gogh_41.jpg,Vincent_van_Gogh,eee49432cb45a94d,True
Albrecht_Dürer_172.jpg,Albrecht_Dürer,bf98c00fc6713963,False
Edgar_Degas_497.jpg,Edgar_Degas,d99daea6b1c1c454,True
Vincent_van_Gogh_671.jpg,Vincent_van_Gogh,aa9bd5c2f233a1e0,False
Vincent_van_Gogh_466.jpg,Vincent_van_Gogh,93d70d27ab3058f2,True
Pierre-Auguste_Renoir_12.jpg,Pierre-Auguste_Renoir,9b8fa166da266d90,True
Vincent_van_Gogh_684.jpg,Vincent_van_Gogh,ffd43c498ace8252,True
Pierre-Auguste_Renoir_218.jpg,Pierre-Auguste_Renoir,fd25a67bf1c008b1,True
Titian_150.jpg,Titian,d20d1f33305934fb,True
Pablo_Picasso_335.jpg,Pablo_Picasso,9a9c9e3e7965c1a0,True
Albrecht_Du╠êrer_112.jpg,Albrecht_Dürer,a61d999b9966e14c,False
Pierre-Auguste_Renoir_320.jpg,Pierre-Auguste_Renoir,bc98ed6233b40be1,True
Paul_Gauguin_142.jpg,Paul_Gauguin,e93696da4949c665,True
Albrecht_Dürer_85.jpg,Albrecht_Dürer,ba2dc930f27e7680,False
Edgar_Degas_29.jpg,Edgar_Degas,dac325c969b307d1,False
Rembrandt_48.jpg,Rembrandt,8fd3a295e5ae3106,True
Paul_Gauguin_136.jpg,Paul_Gauguin,ce4cecc063d0b3f1,True
Albrecht_Du╠êrer_123.jpg,Albrecht_Dürer,d7e9a526d8a19334,False
Albrecht_Dürer_94.jpg,Albrecht_Dürer,eea596d398929156,False
Alfred_Sisley_147.jpg,Alfred_Sisley,d6d82d26d218cce7,True
Albrecht_Dürer_31.jpg,Albrecht_Dürer,aecff09e21d800db,False
Rembrandt_1.jpg,Rembrandt,93c7c68395ba3a1c,True
Edgar_Degas_495.jpg,Edgar_Degas,a3c2e80f6939dad2,True
Pablo_Picasso_56.jpg,Pablo_Picasso,8ef772e897416407,True
Francisco_Goya_231.jpg,Francisco_Goya,bbcf8630c98cf194,True
Paul_Gauguin_41.jpg,Paul_Gauguin,bbb3c46c948c9593,True
Paul_Gauguin_38.jpg,Paul_Gauguin,dfbe54306d616066,True
Edgar_Degas_32.jpg,Edgar_Degas,853693a9e2ca5fe0,False
Albrecht_Du╠êrer_183.jpg,Albrecht_Dürer,eff210a74b41cc53,True
Albrecht_Dürer_240.jpg,Albrecht_Dürer,a4db9b2cd9260cb3,False
Edgar_Degas_86.jpg,Edgar_Degas,8aba6236ccab2bc9,True
Edgar_Degas_356.jpg,Edgar_Degas,f5dbe094932715e0,True
Rembrandt_34.jpg,Rembrandt,d9482676b1cdcf24,True
Vincent_van_Gogh_582.jpg,Vincent_van_Gogh,da9e296966646366,True
Rembrandt_191.jpg,Rembrandt,c98d363262c9c99f,True
Pablo_Picasso_414.jpg,Pablo_Picasso,de4d2632c986f24d,True
Titian_217.jpg,Titian,c13c9ecce1239b2b,True
Pierre-Auguste_Renoir_132.jpg,Pierre-Auguste_Renoir,a2cdadd13f9a8291,True
Vincent_van_Gogh_768.jpg,Vincent_van_Gogh,e8cc9313f4f44e0b,True
Albrecht_Dürer_123.jpg,Albrecht_Dürer,d7e9a526d8a19334,True
Albrecht_Du╠êrer_302.jpg,Albrecht_Dürer,c5be9e21cbc1f421,False
Edgar_Degas_96.jpg,Edgar_Degas,9e58578781b88f93,True
Pierre-Auguste_Renoir_259.jpg,Pierre-Auguste_Renoir,f885c7da9d5c2065,True
Albrecht_Du╠êrer_201.jpg,Albrecht_Dürer,b3f1cc04cd4a83bd,False
Pablo_Picasso_61.jpg,Pablo_Picasso,eb86149e99796266,True
Rembrandt_8.jpg,Rembrandt,8cd11e3273868fcd,True
Titian_174.jpg,Titian,9b906c6d261669db,True
Vincent_van_Gogh_164.jpg,Vincent_van_Gogh,b9f1da4136be5148,True
Albrecht_Du╠êrer_268.jpg,Albrecht_Dürer,f9c59e61468a3336,False
Paul_Gauguin_180.jpg,Paul_Gauguin,dfe8a75806875827,True
Edgar_Degas_329.jpg,Edgar_Degas,9a10e96de12e64e7,True
Alfred_Sisley_185.jpg,Alfred_Sisley,ade86f3462bd5228,True
Paul_Gauguin_195.jpg,Paul_Gauguin,ab1f16e0e10db3b2,True
Vincent_van_Gogh_255.jpg,Vincent_van_Gogh,8fac61263e3939c3,True
Pablo_Picasso_108.jpg,Pablo_Picasso,d99ea1b53036326d,True
Vincent_van_Gogh_322.jpg,Vincent_van_Gogh,d387457d1e02336d,True
Rembrandt_190.jpg,Rembrandt,cccc333362393bc3,False
Vincent_van_Gogh_11.jpg,Vincent_van_Gogh,8ee1f00fa395e853,True
Francisco_Goya_206.jpg,Francisco_Goya,89ce33659c67913a,True
Vincent_van_Gogh_721.jpg,Vincent_van_Gogh,ee48dd19a3a6923a,True
Francisco_Goya_8.jpg,Francisco_Goya,c3ca4c3db032b74e,True
Pablo_Picasso_406.jpg,Pablo_Picasso,d780d45e0c02bbf7,True
Paul_Gauguin_43.jpg,Paul_Gauguin,f09dc3298edc8c3c,True
Vincent_van_Gogh_203.jpg,Vincent_van_Gogh,e6b3d1cd0c0cb0f6,True
Albrecht_Du╠êrer_314.jpg,Albrecht_Dürer,a41b9b24eb4ee698,False
Rembrandt_230.jpg,Rembrandt,ece813874c3a2779,True
Francisco_Goya_48.jpg,Francisco_Goya,f1781c03fd2f0f0c,True
Edgar_Degas_150.jpg,Edgar_Degas,ea4c9c2dcacab48d,True
Vincent_van_Gogh_178.jpg,Vincent_van_Gogh,95363b59634e64c9,False
Vincent_van_Gogh_822.jpg,Vincent_van_Gogh,b2be8391c4f05e4d,False
Alfred_Sisley_90.jpg,Alfred_Sisley,d87d6ed0836d04f2,True
Vincent_van_Gogh_816.jpg,Vincent_van_Gogh,fbd2c49e8ac4f890,True
Titian_41.jpg,Titian,b5822ead3416dae9,True
Vincent_van_Gogh_104.jpg,Vincent_van_Gogh,cc85da9b9b622e64,True
Edgar_Degas_33.jpg,Edgar_Degas,cae3d02ceed8c866,True
Alfred_Sisley_230.jpg,Alfred_Sisley,b393928d8e307997,True
Paul_Gauguin_249.jpg,Paul_Gauguin,817e688795506bed,True
Albrecht_Dürer_50.jpg,Albrecht_Dürer,e3c39af86cc3330c,False
Vincent_van_Gogh_55.jpg,Vincent_van_Gogh,e1a5d698da58cc72,True
Paul_Gauguin_168.jpg,Paul_Gauguin,bd7c98074683676a,True
Albrecht_Du╠êrer_105.jpg,Albrecht_Dürer,fea23013b949f49c,False
Pablo_Picasso_397.jpg,Pablo_Picasso,d6de3850a7e950d1,False
Albrecht_Dürer_138.jpg,Albrecht_Dürer,a708383dddc2e751,False
Edgar_Degas_513.jpg,Edgar_Degas,fbb4c46b618415f2,True
Edgar_Degas_225.jpg,Edgar_Degas,fc1f23328a6195b6,True
Albrecht_Dürer_201.jpg,Albrecht_Dürer,b3f1cc04cd4a83bd,True
Alfred_Sisley_202.jpg,Alfred_Sisley,92cca1b15e3cbb86,True
Alfred_Sisley_39.jpg,Alfred_Sisley,bdbf728dba430091,True
Pablo_Picasso_280.jpg,Pablo_Picasso,cebb052eb0c47a96,True
Edgar_Degas_517.jpg,Edgar_Degas,c3d3fcd851271519,True
Alfred_Sisley_186.jpg,Alfred_Sisley,9a9ab9a562a61d9c,True
Vincent_van_Gogh_770.jpg,Vincent_van_Gogh,b5f0460f98c28fec,True
Pablo_Picasso_423.jpg,Pablo_Picasso,89db951cb66cc646,True
Rembrandt_121.jpg,Rembrandt,9c6c61933769c69c,True
Albrecht_Du╠êrer_5.jpg,Albrecht_Dürer,cf56ca3d1a61e464,False
Albrecht_Dürer_211.jpg,Albrecht_Dürer,bef09c236e89f106,False
Francisco_Goya_55.jpg,Francisco_Goya,cd3c63366433ccc9,True
Paul_Gauguin_276.jpg,Paul_Gauguin,e87b37203d995ac2,True
Edgar_Degas_564.jpg,Edgar_Degas,e6e6edc45c145cc4,True
Albrecht_Dürer_39.jpg,Albrecht_Dürer,bdb2d09bc90e8c6c,False
Francisco_Goya_92.jpg,Francisco_Goya,bf3fc06cc0c3c495,True
Vincent_van_Gogh_38.jpg,Vincent_van_Gogh,a6c78a58d930c767,True
Vincent_van_Gogh_857.jpg,Vincent_van_Gogh,c4ccb56b38c24a9f,False
Titian_197.jpg,Titian,8fc5489a26ce55ab,False
Pierre-Auguste_Renoir_285.jpg,Pierre-Auguste_Renoir,af00fc2ad529867d,True
Pablo_Picasso_314.jpg,Pablo_Picasso,cb37351ec4269393,False
Francisco_Goya_141.jpg,Francisco_Goya,b66d4996b12ca39a,True
Vincent_van_Gogh_500.jpg,Vincent_van_Gogh,83097c37c3926dcb,True
Titian_74.jpg,Titian,949649ed364e0cf9,True
Albrecht_Dürer_68.jpg,Albrecht_Dürer,d320573686e29bd9,False
Vincent_van_Gogh_312.jpg,Vincent_van_Gogh,aaa6d32b99958536,True
Vincent_van_Gogh_342.jpg,Vincent_van_Gogh,ef8e46419cfcc862,True
Alfred_Sisley_180.jpg,Alfred_Sisley,a098efb65c6a1723,True
Edgar_Degas_108.jpg,Edgar_Degas,dca3c30d9d0ca2d7,False
Alfred_Sisley_249.jpg,Alfred_Sisley,ec9813843a5b3b75,True
Edgar_Degas_685.jpg,Edgar_Degas,e2add1d63a2195c6,True
Paul_Gauguin_248.jpg,Paul_Gauguin,be5dd327c126c1d0,True
Paul_Gauguin_175.jpg,Paul_Gauguin,a897cf22b4a955a5,True
Edgar_Degas_262.jpg,Edgar_Degas,aaea2eecf6c28138,True
Edgar_Degas_652.jpg,Edgar_Degas,f926279b32196cd2,True
Albrecht_Du╠êrer_39.jpg,Albrecht_Dürer,bdb2d09bc90e8c6c,True
Rembrandt_128.jpg,Rembrandt,a9fbf3e4a0b1d180,True
Pierre-Auguste_Renoir_291.jpg,Pierre-Auguste_Renoir,b9d9a552a4ed922a,True
Edgar_Degas_232.jpg,Edgar_Degas,cac898d4e5b331b5,True
Titian_148.jpg,Titian,949e9cbcc1e1ad86,True
Paul_Gauguin_207.jpg,Paul_Gauguin,a6ee2de5d8426835,True
Albrecht_Dürer_86.jpg,Albrecht_Dürer,b2a60c188f5ef867,False
Alfred_Sisley_3.jpg,Alfred_Sisley,d5e4ac33c4b136d2,True
Albrecht_Du╠êrer_222.jpg,Albrecht_Dürer,f91ece638362b930,False
Francisco_Goya_145.jpg,Francisco_Goya,e3949e6b65929549,True
Francisco_Goya_33.jpg,Francisco_Goya,95063cb978e607e3,True
Edgar_Degas_463.jpg,Edgar_Degas,ff1f64f059211263,False
Edgar_Degas_213.jpg,Edgar_Degas,8cedcdcb923a303a,True
Edgar_Degas_383.jpg,Edgar_Degas,e2c49d9bcab13561,True
Edgar_Degas_30.jpg,Edgar_Degas,f4349959d9a5874a,True
Paul_Gauguin_261.jpg,Paul_Gauguin,cfdbe0889890d5b5,True
Albrecht_Dürer_79.jpg,Albrecht_Dürer,a8a6b5039e687dcc,False
Vincent_van_Gogh_868.jpg,Vincent_van_Gogh,bce7478c7318e624,False
Edgar_Degas_35.jpg,Edgar_Degas,dca861c676b93bc0,False
Paul_Gauguin_138.jpg,Paul_Gauguin,d0d03f15a756c13e,True
Albrecht_Dürer_313.jpg,Albrecht_Dürer,f53958c648ddc9c2,False
Alfred_Sisley_56.jpg,Alfred_Sisley,9cffa2547883722c,True
Albrecht_Dürer_47.jpg,Albrecht_Dürer,e9e49638676d1994,False
Vincent_van_Gogh_438.jpg,Vincent_van_Gogh,891d66e6d86c9699,True
Pablo_Picasso_5.jpg,Pablo_Picasso,d2c627145b513d6e,True
Edgar_Degas_69.jpg,Edgar_Degas,bfdca063e2d054a5,True
Rembrandt_96.jpg,Rembrandt,ae8c633b24c6cc6d,True
Francisco_Goya_165.jpg,Francisco_Goya,97e56892936f6494,True
Edgar_Degas_131.jpg,Edgar_Degas,9d25388c799b6197,True
Vincent_van_Gogh_269.jpg,Vincent_van_Gogh,f2f3d4c421196e36,True
Vincent_van_Gogh_71.jpg,Vincent_van_Gogh,c5f08b5b6a64a791,True
Edgar_Degas_434.jpg,Edgar_Degas,92fa37c3a83e4929,True
Edgar_Degas_127.jpg,Edgar_Degas,b28e99c1c1de6636,True
Paul_Gauguin_4.jpg,Paul_Gauguin,a9eaaea9d3559058,True
Pierre-Auguste_Renoir_38.jpg,Pierre-Auguste_Renoir,9577e048b4274d37,True
Vincent_van_Gogh_5.jpg,Vincent_van_Gogh,86c9f1dc39364b13,True
Vincent_van_Gogh_497.jpg,Vincent_van_Gogh,c4c8c7cd4a1e593b,True
Vincent_van_Gogh_584.jpg,Vincent_van_Gogh,bbca4927a35aa385,True
Edgar_Degas_236.jpg,Edgar_Degas,e79392e5655a3225,True
Edgar_Degas_559.jpg,Edgar_Degas,fa6aaa1ac9e99458,True
Edgar_Degas_117.jpg,Edgar_Degas,95689a74ce619e33,False
Paul_Gauguin_124.jpg,Paul_Gauguin,d4841d7fe407ecd0,True
Paul_Gauguin_139.jpg,Paul_Gauguin,af47947a56746825,True
Pierre-Auguste_Renoir_93.jpg,Pierre-Auguste_Renoir,a1b756023fc99a0f,True
Edgar_Degas_350.jpg,Edgar_Degas,dc828e878ccc93fc,False
Vincent_van_Gogh_725.jpg,Vincent_van_Gogh,dc662b9c2609b46f,True
Edgar_Degas_325.jpg,Edgar_Degas,9dd46e2bd53424e8,False
Pablo_Picasso_238.jpg,Pablo_Picasso,ebdf361099c80c7a,True
Pablo_Picasso_375.jpg,Pablo_Picasso,92c1666a69a559db,False
Paul_Gauguin_251.jpg,Paul_Gauguin,d43bc9d13a266cc9,True
Alfred_Sisley_44.jpg,Alfred_Sisley,d1d5ea0a74a8277c,True
Rembrandt_22.jpg,Rembrandt,f0f0371ac0d42f73,True
Albrecht_Dürer_91.jpg,Albrecht_Dürer,cb40a2282b1fe37f,False
Vincent_van_Gogh_659.jpg,Vincent_van_Gogh,e3219116de49fa6c,True
Titian_93.jpg,Titian,842e1df34397b81d,True
Vincent_van_Gogh_677.jpg,Vincent_van_Gogh,d15b2f26b6712136,True
Pablo_Picasso_93.jpg,Pablo_Picasso,a7b5559a9a8a8b89,True
Albrecht_Du╠êrer_295.jpg,Albrecht_Dürer,8f0ff0303be93117,False
Albrecht_Dürer_280.jpg,Albrecht_Dürer,9795e06c8b89d86b,False
Francisco_Goya_254.jpg,Francisco_Goya,ee3b904a853fc0e6,True
Albrecht_Dürer_195.jpg,Albrecht_Dürer,b1138ef74cc4c6ca,True
Rembrandt_86.jpg,Rembrandt,c55cb063b6c09d9b,True
Vincent_van_Gogh_742.jpg,Vincent_van_Gogh,b0151df167cdc564,False
Vincent_van_Gogh_423.jpg,Vincent_van_Gogh,b7d04a2d8e8e7863,True
Albrecht_Du╠êrer_265.jpg,Albrecht_Dürer,bab5cf4ae40c8479,False
Titian_247.jpg,Titian,988d2e76b1037f70,True
Alfred_Sisley_163.jpg,Alfred_Sisley,e2ea8e091570774f,True
Paul_Gauguin_185.jpg,Paul_Gauguin,a2d285d6ff5c4491,True
Paul_Gauguin_274.jpg,Paul_Gauguin,abaa2b0ecf12d692,True
Albrecht_Dürer_128.jpg,Albrecht_Dürer,e1d6993b26c1cc4d,False
Vincent_van_Gogh_554.jpg,Vincent_van_Gogh,c6976e9388b21975,False
Albrecht_Du╠êrer_138.jpg,Albrecht_Dürer,a708383dddc2e751,True
Titian_162.jpg,Titian,d7f499612e51489b,True
Edgar_Degas_306.jpg,Edgar_Degas,ece4b49b0b0b1e56,True
Pierre-Auguste_Renoir_176.jpg,Pierre-Auguste_Renoir,bbf8b307d444c199,True
Albrecht_Du╠êrer_124.jpg,Albrecht_Dürer,f42763570e4e9730,False
Pierre-Auguste_Renoir_278.jpg,Pierre-Auguste_Renoir,cdd2b1d8c4a8ce47,True
Francisco_Goya_261.jpg,Francisco_Goya,9a7aec25639358ac,True
Francisco_Goya_284.jpg,Francisco_Goya,eb3791ca906e85b1,True
Albrecht_Du╠êrer_239.jpg,Albrecht_Dürer,b131c7c385cd8c5e,False
Vincent_van_Gogh_474.jpg,Vincent_van_Gogh,fdc1c233c78e7181,True
Francisco_Goya_82.jpg,Francisco_Goya,a4dc35324b49ade5,True
Albrecht_Dürer_133.jpg,Albrecht_Dürer,d9f1b4c686696195,False
Titian_68.jpg,Titian,8c4c9ce76b31e389,True
Titian_234.jpg,Titian,87ac34c3731d2cce,True
Alfred_Sisley_188.jpg,Alfred_Sisley,b985d0cacf3cc46a,True
Paul_Gauguin_232.jpg,Paul_Gauguin,cbf0a691c46727c5,True
Vincent_van_Gogh_10.jpg,Vincent_van_Gogh,d8c55ad697b82463,True
Edgar_Degas_178.jpg,Edgar_Degas,ed2d096b923b096b,True
Vincent_van_Gogh_135.jpg,Vincent_van_Gogh,d1b6a699b2e31658,False
Pablo_Picasso_197.jpg,Pablo_Picasso,a4a7f3d2db10960d,True
Vincent_van_Gogh_625.jpg,Vincent_van_Gogh,9bc7e0505b1fc691,False
Rembrandt_213.jpg,Rembrandt,99076f929a6f2532,True
Vincent_van_Gogh_138.jpg,Vincent_van_Gogh,bef1c02f1b6c948c,True
Albrecht_Du╠êrer_300.jpg,Albrecht_Dürer,e9a64a9b86919c9d,False
Paul_Gauguin_218.jpg,Paul_Gauguin,ee3e94d081cdc3e2,True
Edgar_Degas_76.jpg,Edgar_Degas,cb94fa29443ec1f4,False
Edgar_Degas_143.jpg,Edgar_Degas,ccac50399dd42eae,True
Vincent_van_Gogh_535.jpg,Vincent_van_Gogh,d7f4e8089f932362,True
Pablo_Picasso_119.jpg,Pablo_Picasso,f06d01160d9e2dbf,True
Vincent_van_Gogh_258.jpg,Vincent_van_Gogh,8978259bc26cb766,True
Rembrandt_209.jpg,Rembrandt,96f468a19a5a666d,True
Paul_Gauguin_6.jpg,Paul_Gauguin,b71be0871b653d24,True
Vincent_van_Gogh_304.jpg,Vincent_van_Gogh,eca232589993cccf,True
Pierre-Auguste_Renoir_209.jpg,Pierre-Auguste_Renoir,bc6388c225a9fb6a,True
Pablo_Picasso_268.jpg,Pablo_Picasso,efa20839b7dc31c4,True
Edgar_Degas_45.jpg,Edgar_Degas,afe05e8da9a1b415,True
Rembrandt_226.jpg,Rembrandt,a85a3f31e833f1c4,True
Albrecht_Du╠êrer_225.jpg,Albrecht_Dürer,f730c7c7d8564168,False
Francisco_Goya_10.jpg,Francisco_Goya,c9bce4b25f6883c2,True
Albrecht_Du╠êrer_299.jpg,Albrecht_Dürer,8618f8b862ff1f22,False
Vincent_van_Gogh_672.jpg,Vincent_van_Gogh,b425c3939ecd4ccc,True
Vincent_van_Gogh_491.jpg,Vincent_van_Gogh,c0b37e49b102e33f,True
Edgar_Degas_389.jpg,Edgar_Degas,a06f96935ec85b34,True
Edgar_Degas_471.jpg,Edgar_Degas,d78da2b629703e45,True
Rembrandt_71.jpg,Rembrandt,c66f2fb0704c9933,True
Titian_163.jpg,Titian,878a88e3736887cf,True
Vincent_van_Gogh_842.jpg,Vincent_van_Gogh,d63956a8189fe4d2,True
Edgar_Degas_118.jpg,Edgar_Degas,d906a630a52d9f73,True
Albrecht_Du╠êrer_198.jpg,Albrecht_Dürer,bb80e138c4c3cf1f,True
Francisco_Goya_274.jpg,Francisco_Goya,d8b5264cad63b24e,True
Vincent_van_Gogh_261.jpg,Vincent_van_Gogh,d042d3df58e8c92b,False
Edgar_Degas_149.jpg,Edgar_Degas,9dba25866a7b9614,True
Pierre-Auguste_Renoir_271.jpg,Pierre-Auguste_Renoir,9c76e862a52193ee,True
Albrecht_Dürer_150.jpg,Albrecht_Dürer,a5a3f3e06fa8550c,False
Pablo_Picasso_382.jpg,Pablo_Picasso,aaeec5a825f1d407,True
Albrecht_Du╠êrer_50.jpg,Albrecht_Dürer,e3c39af86cc3330c,True
Albrecht_Dürer_75.jpg,Albrecht_Dürer,e6b2cbc6a9788057,False
Albrecht_Dürer_184.jpg,Albrecht_Dürer,a253dbc2a53cb1e1,False
Albrecht_Dürer_247.jpg,Albrecht_Dürer,bfc0c03f897662cc,False
Edgar_Degas_558.jpg,Edgar_Degas,b0e0f78c787e6096,True
Paul_Gauguin_288.jpg,Paul_Gauguin,aef0b90b5a1ee185,True
Titian_133.jpg,Titian,b6b24989b3cda32a,True
Pablo_Picasso_18.jpg,Pablo_Picasso,ca750ee45ba64599,True
Alfred_Sisley_123.jpg,Alfred_Sisley,9aa50536d32d16f9,True
Francisco_Goya_40.jpg,Francisco_Goya,bf6fc03891c9c585,True
Alfred_Sisley_207.jpg,Alfred_Sisley,d2f29d06f038cf83,True
Albrecht_Dürer_93.jpg,Albrecht_Dürer,e4b69b49946a69cc,False
Pablo_Picasso_189.jpg,Pablo_Picasso,c51c7f69e2859d30,True
Edgar_Degas_24.jpg,Edgar_Degas,b6bde9ce80b0a0c7,True
Alfred_Sisley_155.jpg,Alfred_Sisley,ebb5846b912bd4c4,True
Rembrandt_229.jpg,Rembrandt,bbb624d89b264cc9,True
Albrecht_Dürer_142.jpg,Albrecht_Dürer,ea689294b5c5cb63,False
Francisco_Goya_81.jpg,Francisco_Goya,c0783717ab6473c6,True
Rembrandt_235.jpg,Rembrandt,c8e8a737959c9a98,True
Titian_75.jpg,Titian,948c964b2b3b3772,True
Pierre-Auguste_Renoir_329.jpg,Pierre-Auguste_Renoir,b940e0b5c4adaf1b,True
Edgar_Degas_9.jpg,Edgar_Degas,ad9d50f90de628d4,False
Albrecht_Dürer_297.jpg,Albrecht_Dürer,a5c4a6a3d94999f4,False
Vincent_van_Gogh_432.jpg,Vincent_van_Gogh,aeb7582db148cdd0,False
Albrecht_Du╠êrer_20.jpg,Albrecht_Dürer,ee95b062a69e1939,False
Titian_72.jpg,Titian,e08dd02f7137621f,True
Titian_20.jpg,Titian,82ccd1f1e1b361f1,True
Vincent_van_Gogh_471.jpg,Vincent_van_Gogh,a3b3d9598d30d8f0,False
Alfred_Sisley_145.jpg,Alfred_Sisley,d3d3ccac8c94a2ad,True
Paul_Gauguin_21.jpg,Paul_Gauguin,969681d18f5676e2,True
Rembrandt_108.jpg,Rembrandt,fb64181b28df04de,True
Albrecht_Du╠êrer_238.jpg,Albrecht_Dürer,970a8bac2c52f6f2,False
Alfred_Sisley_27.jpg,Alfred_Sisley,9fe1900f789219cf,True
Pierre-Auguste_Renoir_115.jpg,Pierre-Auguste_Renoir,f83ec5849b924abc,True
Edgar_Degas_157.jpg,Edgar_Degas,aa2a66d39831b7c6,True
Vincent_van_Gogh_250.jpg,Vincent_van_Gogh,e788e74e335da086,True
Francisco_Goya_178.jpg,Francisco_Goya,87c13d3f3838c1e3,True
Vincent_van_Gogh_576.jpg,Vincent_van_Gogh,b99ec1689f976211,True
Pierre-Auguste_Renoir_325.jpg,Pierre-Auguste_Renoir,e66e79746233a50c,True
Pierre-Auguste_Renoir_275.jpg,Pierre-Auguste_Renoir,9fb4b9c2118c6b55,True
Edgar_Degas_311.jpg,Edgar_Degas,aaadea6665626649,True
Paul_Gauguin_118.jpg,Paul_Gauguin,97e5e8bb433049b1,True
Vincent_van_Gogh_762.jpg,Vincent_van_Gogh,e0429f6a9d21fc59,True
Alfred_Sisley_149.jpg,Alfred_Sisley,e1d28ed28e98f18d,True
Albrecht_Du╠êrer_327.jpg,Albrecht_Dürer,bee0c60dad16d893,False
Albrecht_Du╠êrer_305.jpg,Albrecht_Dürer,ee80b64bd979854c,False
Francisco_Goya_190.jpg,Francisco_Goya,da3d6e918cc2671c,True
Pierre-Auguste_Renoir_273.jpg,Pierre-Auguste_Renoir,bf2aaf3cd820e416,True
Vincent_van_Gogh_577.jpg,Vincent_van_Gogh,812b7ecb5b7282c3,True
Titian_52.jpg,Titian,fae6102ee3cb280f,True
Edgar_Degas_318.jpg,Edgar_Degas,d911b6e398dc4279,True
Edgar_Degas_536.jpg,Edgar_Degas,994a664697b67169,False
Francisco_Goya_144.jpg,Francisco_Goya,ae9c11676718d8c7,True
Edgar_Degas_492.jpg,Edgar_Degas,a5f4949eda9889c9,True
Rembrandt_82.jpg,Rembrandt,f2e11e106bbeac61,True
Edgar_Degas_602.jpg,Edgar_Degas,f294ec9e9561cbc0,True
Edgar_Degas_280.jpg,Edgar_Degas,e0371bf9866633c1,True
Albrecht_Dürer_303.jpg,Albrecht_Dürer,da253026e75e32e6,False
Paul_Gauguin_23.jpg,Paul_Gauguin,baa2a44df4add740,True
Edgar_Degas_407.jpg,Edgar_Degas,a02dbae0a535dfc8,True
Pierre-Auguste_Renoir_205.jpg,Pierre-Auguste_Renoir,e65b8d6ae68c910b,True
Edgar_Degas_249.jpg,Edgar_Degas,b4ec8180b1dbcedc,True
Rembrandt_32.jpg,Rembrandt,cc30237eb36ccc93,True
Pablo_Picasso_434.jpg,Pablo_Picasso,b2be81395b223ee4,True
Edgar_Degas_216.jpg,Edgar_Degas,f0e189d9cc192b3e,True
Albrecht_Dürer_180.jpg,Albrecht_Dürer,bf2fa96ce062809e,False
Pablo_Picasso_380.jpg,Pablo_Picasso,faab291c1ed2e129,True
Vincent_van_Gogh_82.jpg,Vincent_van_Gogh,e8a097de9e5a0b23,True
Pablo_Picasso_416.jpg,Pablo_Picasso,9ee965916126ce3c,True
Pierre-Auguste_Renoir_192.jpg,Pierre-Auguste_Renoir,cdcc1b98b69ec143,True
Rembrandt_6.jpg,Rembrandt,f8e30f3e61077e80,True
Albrecht_Dürer_223.jpg,Albrecht_Dürer,b2b7c15dcf4082e9,False
Edgar_Degas_340.jpg,Edgar_Degas,cd19230e7ce1b746,True
Vincent_van_Gogh_754.jpg,Vincent_van_Gogh,ad39f466982446bb,True
Pierre-Auguste_Renoir_129.jpg,Pierre-Auguste_Renoir,9ebf86442f43e11a,True
Paul_Gauguin_286.jpg,Paul_Gauguin,8c5e6e38f647232a,True
Francisco_Goya_148.jpg,Francisco_Goya,fe6ac19f84e09985,False
Alfred_Sisley_118.jpg,Alfred_Sisley,8f00597b666cbd49,True
Edgar_Degas_202.jpg,Edgar_Degas,f4e494f8c9494f07,True
Alfred_Sisley_68.jpg,Alfred_Sisley,c996f9761e0944b6,True
Paul_Gauguin_257.jpg,Paul_Gauguin,8b29a7f696561c8c,True
Paul_Gauguin_7.jpg,Paul_Gauguin,9c56cb293c1f39e0,True
Francisco_Goya_266.jpg,Francisco_Goya,af969069e43cd8d2,True
Pierre-Auguste_Renoir_20.jpg,Pierre-Auguste_Renoir,a99cc26f51902bed,True
Francisco_Goya_208.jpg,Francisco_Goya,c93966c638c9c36d,True
Alfred_Sisley_91.jpg,Alfred_Sisley,aed1d924c3996ca6,True
Paul_Gauguin_49.jpg,Paul_Gauguin,9de26f99345b9222,True
Francisco_Goya_47.jpg,Francisco_Goya,a18e1e315a3fc43b,True
Vincent_van_Gogh_675.jpg,Vincent_van_Gogh,eb1a90c5b6b24bb8,True
Vincent_van_Gogh_694.jpg,Vincent_van_Gogh,c868379e661d8667,True
Pablo_Picasso_266.jpg,Pablo_Picasso,89a82fd73269b478,True
Albrecht_Du╠êrer_307.jpg,Albrecht_Dürer,8d39f4e68759cc84,True
Edgar_Degas_527.jpg,Edgar_Degas,9df0f1fcce03c023,True
Vincent_van_Gogh_458.jpg,Vincent_van_Gogh,c3ae19e314c6bd98,True
Paul_Gauguin_183.jpg,Paul_Gauguin,e179beaea8384ac2,True
Paul_Gauguin_143.jpg,Paul_Gauguin,ebce9084c3579c6a,True
Francisco_Goya_49.jpg,Francisco_Goya,fb3b842e91918dd1,True
Rembrandt_119.jpg,Rembrandt,be84e97bb0ccc518,False
Albrecht_Dürer_301.jpg,Albrecht_Dürer,c024f7c887d83c7b,False
Paul_Gauguin_250.jpg,Paul_Gauguin,c43a03fbf1d0096f,True
Pablo_Picasso_230.jpg,Pablo_Picasso,eb85b6920e918df2,True
Albrecht_Dürer_160.jpg,Albrecht_Dürer,9e8e8c8ac3792fc2,False
Pierre-Auguste_Renoir_333.jpg,Pierre-Auguste_Renoir,8c0c739387d9cdcc,True
Pierre-Auguste_Renoir_316.jpg,Pierre-Auguste_Renoir,da2df4c39c796184,True
Vincent_van_Gogh_355.jpg,Vincent_van_Gogh,adadad1f6501caa1,True
Vincent_van_Gogh_812.jpg,Vincent_van_Gogh,c4c72bb40e557a8e,True
Paul_Gauguin_172.jpg,Paul_Gauguin,feee89d388e1c08c,True
Pierre-Auguste_Renoir_294.jpg,Pierre-Auguste_Renoir,a285badc517a5da1,True
Rembrandt_249.jpg,Rembrandt,dd7a64961a31c59c,True
Francisco_Goya_41.jpg,Francisco_Goya,c7cc8c33332c7666,True
Pierre-Auguste_Renoir_225.jpg,Pierre-Auguste_Renoir,b5a5bffef840000b,True
Vincent_van_Gogh_665.jpg,Vincent_van_Gogh,8bd3e1fa9c84b036,True
Vincent_van_Gogh_652.jpg,Vincent_van_Gogh,efdace669ae20118,True
Edgar_Degas_689.jpg,Edgar_Degas,b2bdd4aa92d4ccc4,False
Titian_213.jpg,Titian,dd931bd8b3a4d203,True
Francisco_Goya_262.jpg,Francisco_Goya,ec89c36e9dd170c4,True
Pablo_Picasso_123.jpg,Pablo_Picasso,9d9223d152a91f7c,True
Titian_53.jpg,Titian,e19f04e6f666060f,True
Vincent_van_Gogh_124.jpg,Vincent_van_Gogh,e390ed8fc5338ce0,True
Pierre-Auguste_Renoir_131.jpg,Pierre-Auguste_Renoir,e8c027d78d66cda1,True
Vincent_van_Gogh_169.jpg,Vincent_van_Gogh,e77a96e425594e03,True
Paul_Gauguin_54.jpg,Paul_Gauguin,bace86d84e27d06a,True
Paul_Gauguin_302.jpg,Paul_Gauguin,b2bf8078ce24fd06,True
Rembrandt_124.jpg,Rembrandt,9a6d659298c9b666,True
Rembrandt_220.jpg,Rembrandt,c88c3673e38ccccb,False
Vincent_van_Gogh_168.jpg,Vincent_van_Gogh,82430d99197fe7c6,True
Pablo_Picasso_132.jpg,Pablo_Picasso,d1e16f6f30e09343,True
Titian_43.jpg,Titian,839a3fa76c252e38,True
Albrecht_Dürer_127.jpg,Albrecht_Dürer,ee6b953d52261649,False
Francisco_Goya_126.jpg,Francisco_Goya,872b81d4468a7f3d,True
Pablo_Picasso_153.jpg,Pablo_Picasso,bce0c396e6674338,False
Pablo_Picasso_7.jpg,Pablo_Picasso,b9c43679cc37422d,True
Pierre-Auguste_Renoir_296.jpg,Pierre-Auguste_Renoir,9e3963e60638616f,True
Edgar_Degas_245.jpg,Edgar_Degas,f98d84e42c16fa93,False
Albrecht_Dürer_45.jpg,Albrecht_Dürer,e4929a4d9b769169,False
Vincent_van_Gogh_110.jpg,Vincent_van_Gogh,cde430c3d69c5731,True
Pablo_Picasso_383.jpg,Pablo_Picasso,f5c2669938d3c94c,False
Alfred_Sisley_181.jpg,Alfred_Sisley,87859a6365709be3,True
Pierre-Auguste_Renoir_334.jpg,Pierre-Auguste_Renoir,bfbe818305f3d620,True
Vincent_van_Gogh_680.jpg,Vincent_van_Gogh,fc93c2c889db9235,True
Vincent_van_Gogh_712.jpg,Vincent_van_Gogh,982c6f53f41fa14a,True
Paul_Gauguin_267.jpg,Paul_Gauguin,8efb3458c8798497,True
Edgar_Degas_542.jpg,Edgar_Degas,dc817eaca9f603c8,True
Vincent_van_Gogh_502.jpg,Vincent_van_Gogh,9819c646e9aba55d,True
Vincent_van_Gogh_49.jpg,Vincent_van_Gogh,ff7ee060f0a5c0c2,True
Pierre-Auguste_Renoir_47.jpg,Pierre-Auguste_Renoir,9d7c7027964e289d,True
Francisco_Goya_107.jpg,Francisco_Goya,ab6fed9084cfd048,False
Pierre-Auguste_Renoir_59.jpg,Pierre-Auguste_Renoir,a994aa27328fd8cd,True
Pablo_Picasso_436.jpg,Pablo_Picasso,c5993d4cc07233eb,True
Pablo_Picasso_141.jpg,Pablo_Picasso,8a652d8d3c4ec73c,True
Vincent_van_Gogh_648.jpg,Vincent_van_Gogh,ecb712fe48e91c60,True
Vincent_van_Gogh_790.jpg,Vincent_van_Gogh,fac1ceda9914b232,True
Vincent_van_Gogh_596.jpg,Vincent_van_Gogh,d56aa29cdec25c0d,True
Edgar_Degas_429.jpg,Edgar_Degas,d51a3a253cf53d14,False
Edgar_Degas_553.jpg,Edgar_Degas,da8365c969930fd1,True
Albrecht_Du╠êrer_272.jpg,Albrecht_Dürer,ac4f9232967cda83,False
Paul_Gauguin_241.jpg,Paul_Gauguin,bb27879698f8c8c4,True
Titian_157.jpg,Titian,a1764daa62758d4e,True
Pablo_Picasso_386.jpg,Pablo_Picasso,a1dad4a907b9c794,True
Rembrandt_246.jpg,Rembrandt,ccce333333cc86a6,False
Paul_Gauguin_309.jpg,Paul_Gauguin,fa30b47cc83c4be8,True
Vincent_van_Gogh_693.jpg,Vincent_van_Gogh,984f9d300f3f446d,True
Albrecht_Dürer_170.jpg,Albrecht_Dürer,abd293a52cd8523d,False
Edgar_Degas_334.jpg,Edgar_Degas,bf52a62dd9b4e440,True
Pierre-Auguste_Renoir_54.jpg,Pierre-Auguste_Renoir,ad873030cfcf1578,True
Rembrandt_171.jpg,Rembrandt,9d6a6691c84cb763,True
Edgar_Degas_217.jpg,Edgar_Degas,d9d63ea1b968061b,False
Albrecht_Dürer_54.jpg,Albrecht_Dürer,ed50d26bcb3e2d01,False
Alfred_Sisley_34.jpg,Alfred_Sisley,b1d0867675363f22,True
Albrecht_Du╠êrer_196.jpg,Albrecht_Dürer,e9b2d4d8996b9494,False
Edgar_Degas_381.jpg,Edgar_Degas,e663954ad4cac23d,True
Francisco_Goya_257.jpg,Francisco_Goya,d1c7af99c231c43c,True
Vincent_van_Gogh_34.jpg,Vincent_van_Gogh,95f4006c378e4ef3,True
Pablo_Picasso_403.jpg,Pablo_Picasso,887fa06639835bab,True
Vincent_van_Gogh_563.jpg,Vincent_van_Gogh,dbd5d49433306e62,True
Francisco_Goya_96.jpg,Francisco_Goya,c0a61ec3f278cc8f,True
Albrecht_Du╠êrer_277.jpg,Albrecht_Dürer,a4678694cb99d996,False
Rembrandt_55.jpg,Rembrandt,8e4c7333319accce,True
Pablo_Picasso_300.jpg,Pablo_Picasso,e98dc466969a6b31,True
Rembrandt_47.jpg,Rembrandt,ce71268c73c698c7,True
Paul_Gauguin_93.jpg,Paul_Gauguin,eb94c92a6ecbf024,True
Pablo_Picasso_92.jpg,Pablo_Picasso,bf90d01349e5d70b,True
Vincent_van_Gogh_734.jpg,Vincent_van_Gogh,ef60cfb26419c067,True
Alfred_Sisley_199.jpg,Alfred_Sisley,be2ffdfcc0087030,True
Rembrandt_17.jpg,Rembrandt,b6a2489b35ccd2f2,True
Titian_151.jpg,Titian,8f9c107373e54c59,True
Vincent_van_Gogh_421.jpg,Vincent_van_Gogh,9a1a656c9bb364c6,True
Paul_Gauguin_34.jpg,Paul_Gauguin,8e55b133c68d791a,True
Albrecht_Dürer_200.jpg,Albrecht_Dürer,a336cb954ccc42f3,False
Titian_114.jpg,Titian,c53032cf1ec4f49b,True
Vincent_van_Gogh_364.jpg,Vincent_van_Gogh,d2c2c13d4769366d,True
Vincent_van_Gogh_316.jpg,Vincent_van_Gogh,c3b4c03b87dc23da,True
Vincent_van_Gogh_876.jpg,Vincent_van_Gogh,ba3ec0a95d91b4a9,False
Albrecht_Dürer_268.jpg,Albrecht_Dürer,f9c59e61468a3336,True
Albrecht_Dürer_71.jpg,Albrecht_Dürer,b2dcacc48706f3ca,True
Rembrandt_133.jpg,Rembrandt,92b41df0ac33cd2b,True
Edgar_Degas_406.jpg,Edgar_Degas,b3bc3c06dad9c582,False
Francisco_Goya_46.jpg,Francisco_Goya,96b26dc93c9693a1,True
Vincent_van_Gogh_631.jpg,Vincent_van_Gogh,f67ffda400168159,True
Pablo_Picasso_274.jpg,Pablo_Picasso,eb94144fb34db445,True
Pierre-Auguste_Renoir_56.jpg,Pierre-Auguste_Renoir,b4491ae5735a61e6,True
Edgar_Degas_626.jpg,Edgar_Degas,fc8d8c9c49e15365,False
Edgar_Degas_590.jpg,Edgar_Degas,85343c17d2b46d79,True
Vincent_van_Gogh_597.jpg,Vincent_van_Gogh,9595d27d429705d9,True
Paul_Gauguin_171.jpg,Paul_Gauguin,b17c27a35ce0171e,True
Edgar_Degas_279.jpg,Edgar_Degas,b2969169ccde8971,True
Albrecht_Dürer_147.jpg,Albrecht_Dürer,cbe2bc8136316ecc,False
Paul_Gauguin_119.jpg,Paul_Gauguin,e26245693732d9e3,True
Pierre-Auguste_Renoir_300.jpg,Pierre-Auguste_Renoir,ea3d196cc4f2c2f0,True
Rembrandt_215.jpg,Rembrandt,a4aee8e8adacf085,True
Albrecht_Dürer_239.jpg,Albrecht_Dürer,b131c7c385cd8c5e,True
Albrecht_Du╠êrer_54.jpg,Albrecht_Dürer,ed50d26bcb3e2d01,True
Alfred_Sisley_184.jpg,Alfred_Sisley,8c9aae47c6bd5162,True
Vincent_van_Gogh_679.jpg,Vincent_van_Gogh,90a06f5f9463aed4,True
Alfred_Sisley_59.jpg,Alfred_Sisley,f0e726bcd819a958,True
Vincent_van_Gogh_802.jpg,Vincent_van_Gogh,99ea471f720c6365,True
Edgar_Degas_524.jpg,Edgar_Degas,dcdec2e22393db80,True
Rembrandt_74.jpg,Rembrandt,8cc4723bc2c79d3c,True
Vincent_van_Gogh_699.jpg,Vincent_van_Gogh,c985d6c6787a7131,True
Albrecht_Du╠êrer_310.jpg,Albrecht_Dürer,d61df26549712a66,False
Alfred_Sisley_171.jpg,Alfred_Sisley,e3e925737a4a1ca1,True
Albrecht_Dürer_209.jpg,Albrecht_Dürer,ff7f88c8d080e2e1,False
Vincent_van_Gogh_864.jpg,Vincent_van_Gogh,a9905e6ba5d21aa7,True
Pablo_Picasso_260.jpg,Pablo_Picasso,c1ec78374e1bcc62,True
Albrecht_Du╠êrer_160.jpg,Albrecht_Dürer,9e8e8c8ac3792fc2,True
Rembrandt_136.jpg,Rembrandt,fee82331dccec430,True
Vincent_van_Gogh_406.jpg,Vincent_van_Gogh,e89597e3883d7416,True
Vincent_van_Gogh_806.jpg,Vincent_van_Gogh,8793b828475eb378,True
Francisco_Goya_174.jpg,Francisco_Goya,bb7bc526d099c1c4,False
Pablo_Picasso_9.jpg,Pablo_Picasso,c86427b2c3d3671d,True
Albrecht_Dürer_191.jpg,Albrecht_Dürer,e4361b49346b4d6e,False
Rembrandt_35.jpg,Rembrandt,9a596da7964a68a5,True
Titian_70.jpg,Titian,b2f96d660a93b461,True
Vincent_van_Gogh_752.jpg,Vincent_van_Gogh,cc6fb36236136ab0,True
Pablo_Picasso_110.jpg,Pablo_Picasso,80ba3f057d0789fc,True
Rembrandt_18.jpg,Rembrandt,bab1656ddad2440d,True
Edgar_Degas_309.jpg,Edgar_Degas,ed366b498d2612d5,True
Vincent_van_Gogh_657.jpg,Vincent_van_Gogh,ea1eb8c9116af549,False
Pablo_Picasso_282.jpg,Pablo_Picasso,f619ee2a96189563,False
Paul_Gauguin_123.jpg,Paul_Gauguin,f5f6c24e34b83a81,True
Albrecht_Dürer_258.jpg,Albrecht_Dürer,c9b6076a952d5ab4,False
Edgar_Degas_370.jpg,Edgar_Degas,ebbe8086b4d1d1d4,True
Vincent_van_Gogh_702.jpg,Vincent_van_Gogh,eea09599a56b3750,True
Paul_Gauguin_39.jpg,Paul_Gauguin,c461d164b7b147f2,True
Pablo_Picasso_241.jpg,Pablo_Picasso,afcf94813d58029f,True
Pierre-Auguste_Renoir_127.jpg,Pierre-Auguste_Renoir,af4ee039b662c0c7,True
Francisco_Goya_99.jpg,Francisco_Goya,d08ffeb0c2965b21,True
Edgar_Degas_79.jpg,Edgar_Degas,a1c66ef9490d96b1,True
Edgar_Degas_656.jpg,Edgar_Degas,9a92973664696bc9,False
Albrecht_Dürer_300.jpg,Albrecht_Dürer,e9a64a9b86919c9d,True
Vincent_van_Gogh_111.jpg,Vincent_van_Gogh,d5f995a320ccca59,True
Francisco_Goya_149.jpg,Francisco_Goya,bae7c51bc6c0912d,True
Albrecht_Du╠êrer_65.jpg,Albrecht_Dürer,c6a4987c535fa471,False
Alfred_Sisley_15.jpg,Alfred_Sisley,c6bd8966da89017e,True
Vincent_van_Gogh_542.jpg,Vincent_van_Gogh,edb132cec3983c31,True
Titian_254.jpg,Titian,ca7d74c33198cc66,True
Vincent_van_Gogh_186.jpg,Vincent_van_Gogh,d548e4112e9f71c7,True
Vincent_van_Gogh_294.jpg,Vincent_van_Gogh,a6e2c91cd30db9b2,True
Edgar_Degas_28.jpg,Edgar_Degas,9028b7c3e80ed55f,True
Alfred_Sisley_28.jpg,Alfred_Sisley,d9fed4a06ac1385c,True
Pierre-Auguste_Renoir_175.jpg,Pierre-Auguste_Renoir,a2f3f1ea988c5199,True
Alfred_Sisley_125.jpg,Alfred_Sisley,95ea3a15c2b07bc5,True
Francisco_Goya_195.jpg,Francisco_Goya,cc9833667ccb98cc,True
Vincent_van_Gogh_524.jpg,Vincent_van_Gogh,e9cdcb0a391f6072,False
Alfred_Sisley_179.jpg,Alfred_Sisley,c0caef179e2ca1c6,True
Edgar_Degas_94.jpg,Edgar_Degas,c31bde2e9360a41f,True
Pierre-Auguste_Renoir_9.jpg,Pierre-Auguste_Renoir,866f38984d4266f7,True
Vincent_van_Gogh_437.jpg,Vincent_van_Gogh,91fbe38f9cb0a025,False
Edgar_Degas_189.jpg,Edgar_Degas,dd2a94c2b3917a1e,True
Rembrandt_221.jpg,Rembrandt,9b66769b284ab325,True
Edgar_Degas_664.jpg,Edgar_Degas,b5296a92d34ec399,False
Vincent_van_Gogh_122.jpg,Vincent_van_Gogh,e5839a5965ee1a91,False
Edgar_Degas_467.jpg,Edgar_Degas,edcce637342870d1,True
Rembrandt_106.jpg,Rembrandt,989d7762339346cc,True
Edgar_Degas_616.jpg,Edgar_Degas,b629e1ee9180aacf,True
Titian_137.jpg,Titian,f8fa2baca192e491,True
Alfred_Sisley_240.jpg,Alfred_Sisley,dc4f5620ab5ab515,True
Edgar_Degas_388.jpg,Edgar_Degas,8c8cdc3373336336,False
Vincent_van_Gogh_472.jpg,Vincent_van_Gogh,c2c59d1bd20dfd0a,True
Pierre-Auguste_Renoir_242.jpg,Pierre-Auguste_Renoir,a4dadbd9c0c50e1e,True
Alfred_Sisley_81.jpg,Alfred_Sisley,99cea6914fb28d16,True
Titian_206.jpg,Titian,d0cb4f36515267a5,True
Pablo_Picasso_304.jpg,Pablo_Picasso,bdb15078b272c743,True
Pierre-Auguste_Renoir_243.jpg,Pierre-Auguste_Renoir,f4b60a5b70d41df0,True
Vincent_van_Gogh_366.jpg,Vincent_van_Gogh,c767183da392699c,True
Vincent_van_Gogh_708.jpg,Vincent_van_Gogh,d5541c6aaeae691c,True
Vincent_van_Gogh_468.jpg,Vincent_van_Gogh,f1f78c68f2133660,True
Albrecht_Du╠êrer_159.jpg,Albrecht_Dürer,ab56e437961e8629,False
Pierre-Auguste_Renoir_203.jpg,Pierre-Auguste_Renoir,afa4591b0c3d7456,True
Paul_Gauguin_2.jpg,Paul_Gauguin,c6e22db4d9cb6924,True
Alfred_Sisley_109.jpg,Alfred_Sisley,d0d137463898673f,True
Edgar_Degas_491.jpg,Edgar_Degas,8a6ed4b94684997b,True
Vincent_van_Gogh_176.jpg,Vincent_van_Gogh,9998666bb9a56472,True
Rembrandt_109.jpg,Rembrandt,ac547923a7d33938,True
Edgar_Degas_181.jpg,Edgar_Degas,dd9263c6383bc12d,False
Pierre-Auguste_Renoir_118.jpg,Pierre-Auguste_Renoir,ea6ab5908387969b,True
Vincent_van_Gogh_454.jpg,Vincent_van_Gogh,8dc2f986907b78a3,True
Vincent_van_Gogh_847.jpg,Vincent_van_Gogh,eda592d1856f6924,True
Francisco_Goya_35.jpg,Francisco_Goya,9d373a4ca1601e77,True
Francisco_Goya_11.jpg,Francisco_Goya,9dfcf090206e5f45,True
Titian_233.jpg,Titian,f2d28ce4fe619909,True
Edgar_Degas_353.jpg,Edgar_Degas,ebcd9694c432d263,True
Pablo_Picasso_79.jpg,Pablo_Picasso,ffb8b0079192f858,True
Vincent_van_Gogh_133.jpg,Vincent_van_Gogh,fe90a86779408bbc,True
Edgar_Degas_250.jpg,Edgar_Degas,8fb04b0ee73f3118,True
Albrecht_Du╠êrer_309.jpg,Albrecht_Dürer,c49e9c9839797839,False
Rembrandt_36.jpg,Rembrandt,cc493337e067369c,False
Vincent_van_Gogh_264.jpg,Vincent_van_Gogh,cfcb9bdcc180133c,True
Pablo_Picasso_26.jpg,Pablo_Picasso,d7c482e0cda13ebc,True
Albrecht_Du╠êrer_279.jpg,Albrecht_Dürer,a48e12f3c5f0fa2c,False
Alfred_Sisley_70.jpg,Alfred_Sisley,9dc1b7504bfd240e,True
Paul_Gauguin_173.jpg,Paul_Gauguin,efca903477d21aa1,True
Albrecht_Dürer_106.jpg,Albrecht_Dürer,eb68979663305c4e,False
Pablo_Picasso_168.jpg,Pablo_Picasso,ce7c265b9941f309,True
Albrecht_Du╠êrer_184.jpg,Albrecht_Dürer,a253dbc2a53cb1e1,True
Pierre-Auguste_Renoir_297.jpg,Pierre-Auguste_Renoir,aff030c4669c9b33,True
Rembrandt_247.jpg,Rembrandt,cd34337bc0cec638,True
Vincent_van_Gogh_483.jpg,Vincent_van_Gogh,dca7667b278433a0,True
Pablo_Picasso_95.jpg,Pablo_Picasso,c8330de6363d27c3,True
Vincent_van_Gogh_761.jpg,Vincent_van_Gogh,bddd27bb04437481,False
Alfred_Sisley_210.jpg,Alfred_Sisley,82b4bd3bcb4911f2,True
Vincent_van_Gogh_696.jpg,Vincent_van_Gogh,8063346373427fcf,True
Edgar_Degas_330.jpg,Edgar_Degas,bfc80530b7c2ccd5,False
Titian_1.jpg,Titian,dbd0ce76206e43b8,True
Titian_222.jpg,Titian,82677a927d72861d,True
Edgar_Degas_473.jpg,Edgar_Degas,fa82137e64c56479,False
Pierre-Auguste_Renoir_217.jpg,Pierre-Auguste_Renoir,c83b37c2c64c9cd9,True
Vincent_van_Gogh_340.jpg,Vincent_van_Gogh,b1c9a47edc68e0c3,True
Albrecht_Dürer_2.jpg,Albrecht_Dürer,c9b34d4aa553895d,False
Titian_51.jpg,Titian,8ccc36333336cccd,True
Edgar_Degas_293.jpg,Edgar_Degas,e9e51662c69eb682,True
Vincent_van_Gogh_170.jpg,Vincent_van_Gogh,fab2b0c093ab593a,False
Pablo_Picasso_54.jpg,Pablo_Picasso,b6b5e54998273616,True
Pablo_Picasso_227.jpg,Pablo_Picasso,982d726bccdb246c,True
Rembrandt_157.jpg,Rembrandt,966e3ab94cc3a598,True
Albrecht_Dürer_248.jpg,Albrecht_Dürer,af6a949dd99d0780,False
Vincent_van_Gogh_173.jpg,Vincent_van_Gogh,c61d3872e1762f49,True
Rembrandt_222.jpg,Rembrandt,cba63c33c393641d,True
Alfred_Sisley_212.jpg,Alfred_Sisley,f495236d8d5b01a7,True
Pablo_Picasso_169.jpg,Pablo_Picasso,d6de38f0a76850d1,True
Paul_Gauguin_104.jpg,Paul_Gauguin,94c774f1ee82816e,True
Pablo_Picasso_130.jpg,Pablo_Picasso,8215f51a7a6a79a5,True
Titian_21.jpg,Titian,a8d5f32a1763388d,True
Edgar_Degas_683.jpg,Edgar_Degas,94ccc2a875f6ad94,True
Vincent_van_Gogh_289.jpg,Vincent_van_Gogh,aeb8c10f3b365466,True
Vincent_van_Gogh_867.jpg,Vincent_van_Gogh,90b0934b7a5b1b37,True
Titian_113.jpg,Titian,c04eb3763b9ce01b,True
Alfred_Sisley_7.jpg,Alfred_Sisley,c8b2a761d83e36e1,False
Edgar_Degas_482.jpg,Edgar_Degas,ee8578b2c219d58d,False
Vincent_van_Gogh_628.jpg,Vincent_van_Gogh,f9d4ef10a62aa239,True
Francisco_Goya_116.jpg,Francisco_Goya,b939c6c63b587065,True
Pierre-Auguste_Renoir_44.jpg,Pierre-Auguste_Renoir,f07c9703f8682ecc,True
Albrecht_Du╠êrer_7.jpg,Albrecht_Dürer,d30ebef58cd14858,False
Vincent_van_Gogh_331.jpg,Vincent_van_Gogh,a6a351ce906f077a,True
Francisco_Goya_43.jpg,Francisco_Goya,cc31f32665bb64a2,True
Paul_Gauguin_149.jpg,Paul_Gauguin,e5b4594dbc43529c,True
Edgar_Degas_283.jpg,Edgar_Degas,aff2708970f81533,False
Vincent_van_Gogh_35.jpg,Vincent_van_Gogh,f5b0899be8c06b95,True
Pierre-Auguste_Renoir_223.jpg,Pierre-Auguste_Renoir,8dace47263b32366,True
Pablo_Picasso_290.jpg,Pablo_Picasso,832885c7d69a5b4f,True
Titian_231.jpg,Titian,95366de91af06d11,True
Edgar_Degas_233.jpg,Edgar_Degas,bbb04db22d74b229,True
Vincent_van_Gogh_484.jpg,Vincent_van_Gogh,f1a40efa829d78c9,True
Francisco_Goya_74.jpg,Francisco_Goya,bf9d9073c160e496,True
Albrecht_Du╠êrer_186.jpg,Albrecht_Dürer,ee3b0760b988b743,True
Edgar_Degas_630.jpg,Edgar_Degas,cf2c731a34bc82d3,False
Paul_Gauguin_45.jpg,Paul_Gauguin,af3ed2e1908ec538,True
Vincent_van_Gogh_698.jpg,Vincent_van_Gogh,ea288f878436b579,True
Francisco_Goya_58.jpg,Francisco_Goya,c2ee3c31d3c55899,True
Titian_90.jpg,Titian,aa8c965e692a69b3,True
Vincent_van_Gogh_673.jpg,Vincent_van_Gogh,c3bfe4da310b146c,True
Vincent_van_Gogh_739.jpg,Vincent_van_Gogh,9ed4f08f87ae4a60,True
Pierre-Auguste_Renoir_62.jpg,Pierre-Auguste_Renoir,85fb32a7ed11cc18,True
Alfred_Sisley_198.jpg,Alfred_Sisley,87c07d1764b5cb64,True
Edgar_Degas_372.jpg,Edgar_Degas,ebb4e62aad751190,True
Edgar_Degas_638.jpg,Edgar_Degas,f984cc7385da3545,False
Titian_212.jpg,Titian,a2b65b4f1d92e06c,True
Paul_Gauguin_166.jpg,Paul_Gauguin,e30109f33fc42cbb,True
Albrecht_Dürer_245.jpg,Albrecht_Dürer,bf2394cccbc038d9,False
Albrecht_Dürer_151.jpg,Albrecht_Dürer,e96b84bc8791b1d2,False
Pablo_Picasso_329.jpg,Pablo_Picasso,97dacae4e810ee16,True
Pierre-Auguste_Renoir_292.jpg,Pierre-Auguste_Renoir,91195b609ccfbe19,True
Edgar_Degas_19.jpg,Edgar_Degas,df3c521e3438a2d3,True
Rembrandt_181.jpg,Rembrandt,cccf383343c23f38,True
Edgar_Degas_125.jpg,Edgar_Degas,e971fc3e160c710b,True
Francisco_Goya_30.jpg,Francisco_Goya,ea33a5cc91c2e98d,True
Titian_67.jpg,Titian,9b310d0e3176ee3a,True
Rembrandt_142.jpg,Rembrandt,ce8e3179e0273758,True
Edgar_Degas_177.jpg,Edgar_Degas,c9c9e750b62ec998,True
Albrecht_Dürer_316.jpg,Albrecht_Dürer,bfe29658d101dc4b,True
Vincent_van_Gogh_874.jpg,Vincent_van_Gogh,b81fc1ae55488df8,True
Titian_187.jpg,Titian,cb183ce3c32e4cb9,True
Vincent_van_Gogh_744.jpg,Vincent_van_Gogh,9a396fc63065c4ce,True
Pierre-Auguste_Renoir_96.jpg,Pierre-Auguste_Renoir,8e6f3934e11b9ce0,True
Vincent_van_Gogh_120.jpg,Vincent_van_Gogh,a4c6d03b4bf0e41f,True
Pierre-Auguste_Renoir_246.jpg,Pierre-Auguste_Renoir,9fd898b4aca0bc3c,True
Francisco_Goya_196.jpg,Francisco_Goya,cf7c31d3c3345891,True
Pierre-Auguste_Renoir_159.jpg,Pierre-Auguste_Renoir,b519aa3aa996c6e1,True
Albrecht_Dürer_105.jpg,Albrecht_Dürer,fea23013b949f49c,True
Vincent_van_Gogh_394.jpg,Vincent_van_Gogh,c6aaf573c4694315,True
Edgar_Degas_420.jpg,Edgar_Degas,d88ea7c13534d83e,False
Paul_Gauguin_101.jpg,Paul_Gauguin,f612023ac78f5a1f,True
Titian_139.jpg,Titian,89d0b9d622c9eec6,True
Vincent_van_Gogh_593.jpg,Vincent_van_Gogh,c79f596934271b30,True
Pierre-Auguste_Renoir_33.jpg,Pierre-Auguste_Renoir,f3f2ec8b9a18a306,True
Pierre-Auguste_Renoir_77.jpg,Pierre-Auguste_Renoir,83686d874a9d6576,True
Edgar_Degas_227.jpg,Edgar_Degas,fee0b1833c645365,True
Pablo_Picasso_164.jpg,Pablo_Picasso,ab85478e96c2d939,True
Rembrandt_16.jpg,Rembrandt,b4854bdaa52dda4a,True
Francisco_Goya_222.jpg,Francisco_Goya,c08632335cecef36,True
Vincent_van_Gogh_399.jpg,Vincent_van_Gogh,a8a3638d371cde49,True
Rembrandt_88.jpg,Rembrandt,ee857a62959c5865,True
Vincent_van_Gogh_700.jpg,Vincent_van_Gogh,ea08965e9979a5e1,True
Vincent_van_Gogh_561.jpg,Vincent_van_Gogh,efd4903a66e5d01a,True
Edgar_Degas_502.jpg,Edgar_Degas,cf833a78c239e147,True
Pierre-Auguste_Renoir_230.jpg,Pierre-Auguste_Renoir,fdfec2c0d8ad0249,True
Albrecht_Du╠êrer_262.jpg,Albrecht_Dürer,b3bec515ec5118e4,False
Alfred_Sisley_191.jpg,Alfred_Sisley,a0c6ff2985e2709b,True
Vincent_van_Gogh_830.jpg,Vincent_van_Gogh,a5f1b382974c0cfc,True
Albrecht_Dürer_235.jpg,Albrecht_Dürer,e8b25a8df49c85cc,False
Rembrandt_228.jpg,Rembrandt,eeda3133c3c2cc1c,True
Albrecht_Dürer_83.jpg,Albrecht_Dürer,ebd0ea2db192c46a,False
Titian_253.jpg,Titian,cfcf303886663939,True
Edgar_Degas_244.jpg,Edgar_Degas,92a60d32c4db795b,True
Pablo_Picasso_381.jpg,Pablo_Picasso,e03a53e38a345eae,True
Vincent_van_Gogh_786.jpg,Vincent_van_Gogh,8779b8749b824e63,True
Paul_Gauguin_42.jpg,Paul_Gauguin,f9322a4e2b1dc6b1,True
Paul_Gauguin_165.jpg,Paul_Gauguin,aace14c09d5893fb,True
Pablo_Picasso_336.jpg,Pablo_Picasso,a78cd6f0101f27ce,True
Paul_Gauguin_233.jpg,Paul_Gauguin,c3cce773cccaa821,True
Pablo_Picasso_187.jpg,Pablo_Picasso,d04ea774e3914e9c,True
Paul_Gauguin_298.jpg,Paul_Gauguin,e8f0b6428b6f7609,True
Pablo_Picasso_55.jpg,Pablo_Picasso,b6c3299dd263870e,True
Paul_Gauguin_188.jpg,Paul_Gauguin,ed6d05f09f847524,True
Edgar_Degas_105.jpg,Edgar_Degas,8ab4d4e2ecf56226,False
Paul_Gauguin_211.jpg,Paul_Gauguin,ed67f343c3a2e084,True
Pablo_Picasso_16.jpg,Pablo_Picasso,c491a7b499fc82d3,True
Pierre-Auguste_Renoir_144.jpg,Pierre-Auguste_Renoir,c889b06e49b733d6,True
Rembrandt_14.jpg,Rembrandt,c9b06633cfc60ec9,True
Albrecht_Du╠êrer_149.jpg,Albrecht_Dürer,fbc80ca651e6c237,False
Vincent_van_Gogh_384.jpg,Vincent_van_Gogh,b5fb1dae05848785,True
Vincent_van_Gogh_769.jpg,Vincent_van_Gogh,e41bd807f126c7f0,True
Vincent_van_Gogh_302.jpg,Vincent_van_Gogh,e6e4529b4dcb093c,False
Pablo_Picasso_305.jpg,Pablo_Picasso,eab595d299da0534,True
Vincent_van_Gogh_134.jpg,Vincent_van_Gogh,eee8e52f943482d2,True
Vincent_van_Gogh_350.jpg,Vincent_van_Gogh,ead5b64c21be5d40,True
Vincent_van_Gogh_449.jpg,Vincent_van_Gogh,dc83a57f0a30675a,False
Paul_Gauguin_214.jpg,Paul_Gauguin,aed2725848c9cbd9,True
Vincent_van_Gogh_865.jpg,Vincent_van_Gogh,8ad98567dab51866,True
Albrecht_Du╠êrer_235.jpg,Albrecht_Dürer,e8b25a8df49c85cc,True
Titian_132.jpg,Titian,be8c3823f3480dcf,True
Paul_Gauguin_107.jpg,Paul_Gauguin,8f497cf087c37930,True
Vincent_van_Gogh_307.jpg,Vincent_van_Gogh,d0522fedc7921a1d,False
Albrecht_Dürer_278.jpg,Albrecht_Dürer,d4b81b9ac387741d,False
Vincent_van_Gogh_73.jpg,Vincent_van_Gogh,b833c3699d3cc49c,True
Francisco_Goya_66.jpg,Francisco_Goya,edc8921b1de6469c,True
Paul_Gauguin_247.jpg,Paul_Gauguin,bcfec1a2e9950741,True
Edgar_Degas_451.jpg,Edgar_Degas,d3b507f381785c19,True
Pablo_Picasso_49.jpg,Pablo_Picasso,ea6a9595b59890f2,True
Alfred_Sisley_190.jpg,Alfred_Sisley,e1a51e0ab1eb0eda,True
Titian_181.jpg,Titian,c5b6c7686b3c1c15,True
Alfred_Sisley_108.jpg,Alfred_Sisley,8ee7b022e43f4ea4,True
Pierre-Auguste_Renoir_183.jpg,Pierre-Auguste_Renoir,f8b3bac8c9074b8c,True
Vincent_van_Gogh_246.jpg,Vincent_van_Gogh,f9d1878e2e8c431b,False
Edgar_Degas_612.jpg,Edgar_Degas,f2f2305acc193c57,False
Albrecht_Du╠êrer_28.jpg,Albrecht_Dürer,ebb4334e8839a566,True
Edgar_Degas_138.jpg,Edgar_Degas,80731f2fb0ba4a75,True
Vincent_van_Gogh_528.jpg,Vincent_van_Gogh,bcb4c8de921cdc91,True
Edgar_Degas_636.jpg,Edgar_Degas,805a3053bdc71f2f,True
Rembrandt_70.jpg,Rembrandt,e11f3e60ce24c32f,True
Albrecht_Du╠êrer_44.jpg,Albrecht_Dürer,a1b8d8422fac76e3,False
Rembrandt_155.jpg,Rembrandt,8ccd39303371e3e3,True
Pablo_Picasso_254.jpg,Pablo_Picasso,eff9b528c060b0e5,True
Vincent_van_Gogh_856.jpg,Vincent_van_Gogh,b3c09d176a71d1cc,True
Titian_88.jpg,Titian,84ac3a33714b757c,True
Alfred_Sisley_154.jpg,Alfred_Sisley,840f8331bccb2bfc,True
Vincent_van_Gogh_758.jpg,Vincent_van_Gogh,8e959e7cb9322c4c,True
Pablo_Picasso_196.jpg,Pablo_Picasso,89023e4d772dbd1a,True
Rembrandt_211.jpg,Rembrandt,ee32a8f9b6a4e0e0,True
Albrecht_Du╠êrer_248.jpg,Albrecht_Dürer,af6a949dd99d0780,True
Edgar_Degas_304.jpg,Edgar_Degas,bad2f223951a8b74,True
Alfred_Sisley_164.jpg,Alfred_Sisley,c6b2f0651b6f4ec0,True
Rembrandt_203.jpg,Rembrandt,c1c03e3fc7e1380f,True
Rembrandt_160.jpg,Rembrandt,cedc3133c60cd8cd,False
Vincent_van_Gogh_447.jpg,Vincent_van_Gogh,ba96c15af620534f,True
Edgar_Degas_430.jpg,Edgar_Degas,857d2d84641fbcc5,True
Albrecht_Dürer_205.jpg,Albrecht_Dürer,c106f8780f5f4d27,False
Francisco_Goya_229.jpg,Francisco_Goya,e98d9633c94f9423,True
Francisco_Goya_134.jpg,Francisco_Goya,848b2b94d1f9db83,True
Vincent_van_Gogh_90.jpg,Vincent_van_Gogh,edb5c20f232f8c52,True
Edgar_Degas_313.jpg,Edgar_Degas,89f6790140b9ded3,True
Paul_Gauguin_121.jpg,Paul_Gauguin,de5289da66ac522d,True
Paul_Gauguin_230.jpg,Paul_Gauguin,ba898db2f078693c,True
Pierre-Auguste_Renoir_258.jpg,Pierre-Auguste_Renoir,997622e55e8b3453,True
Albrecht_Dürer_244.jpg,Albrecht_Dürer,9aaa67da9394d630,False
Alfred_Sisley_200.jpg,Alfred_Sisley,81fa062dca966d9e,True
Albrecht_Du╠êrer_261.jpg,Albrecht_Dürer,ed96d0c993339178,True
Vincent_van_Gogh_210.jpg,Vincent_van_Gogh,8dc43631bb87ce98,True
Francisco_Goya_17.jpg,Francisco_Goya,be6bc12c9593c2c5,True
Albrecht_Du╠êrer_219.jpg,Albrecht_Dürer,8044e51d5f4eb97a,False
Rembrandt_236.jpg,Rembrandt,8ce43f7373430ccc,False
Francisco_Goya_255.jpg,Francisco_Goya,bbc69c696492334d,True
Edgar_Degas_506.jpg,Edgar_Degas,e5c60e1ebc291a3d,True
Edgar_Degas_687.jpg,Edgar_Degas,d8a7bee05c790392,False
Pablo_Picasso_265.jpg,Pablo_Picasso,c976e22b7684ae98,True
Edgar_Degas_201.jpg,Edgar_Degas,a869bd1384f91567,True
Vincent_van_Gogh_489.jpg,Vincent_van_Gogh,ae3539c607e811b7,True
Vincent_van_Gogh_732.jpg,Vincent_van_Gogh,93b26ce56cc99568,True
Albrecht_Dürer_216.jpg,Albrecht_Dürer,a3c996d98c11bc6d,False
Albrecht_Du╠êrer_59.jpg,Albrecht_Dürer,e4a2925bda354bd8,True
Edgar_Degas_168.jpg,Edgar_Degas,acdcf0a3e546c782,True
Albrecht_Dürer_254.jpg,Albrecht_Dürer,9c00c760f379bc5e,False
Edgar_Degas_266.jpg,Edgar_Degas,cda0bf93e8d0351a,True
Paul_Gauguin_31.jpg,Paul_Gauguin,f030cdc87b3326ce,True
Pablo_Picasso_185.jpg,Pablo_Picasso,cea136436db4ca27,True
Francisco_Goya_104.jpg,Francisco_Goya,bf35d0c3c44ab5c1,True
Pablo_Picasso_3.jpg,Pablo_Picasso,a35abc62d439c566,False
Pablo_Picasso_427.jpg,Pablo_Picasso,8f3634e3c68c99c9,True
Vincent_van_Gogh_718.jpg,Vincent_van_Gogh,d8f44961369e17d8,True
Vincent_van_Gogh_622.jpg,Vincent_van_Gogh,bcad9343e5d4809b,True
Titian_208.jpg,Titian,93c15c8d9d72c5c6,True
Alfred_Sisley_223.jpg,Alfred_Sisley,80f72b1a55ba671a,True
Pablo_Picasso_294.jpg,Pablo_Picasso,f23c946653969749,True
Vincent_van_Gogh_777.jpg,Vincent_van_Gogh,c3417817613c976f,True
Vincent_van_Gogh_738.jpg,Vincent_van_Gogh,9c93d2a66571fc48,False
Edgar_Degas_412.jpg,Edgar_Degas,b4f4f0b8290b8f8e,True
Vincent_van_Gogh_637.jpg,Vincent_van_Gogh,98cca46e8557add8,True
Vincent_van_Gogh_20.jpg,Vincent_van_Gogh,dcf6a183afc45249,True
Pierre-Auguste_Renoir_268.jpg,Pierre-Auguste_Renoir,e35c257899c06d8f,True
Rembrandt_175.jpg,Rembrandt,da674c9c67c29364,False
Albrecht_Du╠êrer_75.jpg,Albrecht_Dürer,e6b2cbc6a9788057,True
Edgar_Degas_589.jpg,Edgar_Degas,e3f027ce04cb9acc,True
Pierre-Auguste_Renoir_164.jpg,Pierre-Auguste_Renoir,8dbc62b419facd84,False
Edgar_Degas_395.jpg,Edgar_Degas,ca2e5e39b0d3334c,False
Vincent_van_Gogh_263.jpg,Vincent_van_Gogh,cde469652531d5c5,False
Vincent_van_Gogh_205.jpg,Vincent_van_Gogh,cb4f3664702e1e2e,False
Rembrandt_3.jpg,Rembrandt,c0063fe961339bce,True
Pablo_Picasso_224.jpg,Pablo_Picasso,f2fe4310bcc2ac2b,True
Paul_Gauguin_238.jpg,Paul_Gauguin,90bbb7d468dc22e4,True
Paul_Gauguin_285.jpg,Paul_Gauguin,b4a182b4cece8eea,True
Vincent_van_Gogh_422.jpg,Vincent_van_Gogh,bca76730c44bd60d,True
Vincent_van_Gogh_99.jpg,Vincent_van_Gogh,b8e7438cf318e634,True
Pablo_Picasso_128.jpg,Pablo_Picasso,c82e3f4932d30f78,True
Albrecht_Dürer_135.jpg,Albrecht_Dürer,ed6d93b20a83c46d,False
Vincent_van_Gogh_200.jpg,Vincent_van_Gogh,9db2e42c636a9b8c,True
Vincent_van_Gogh_565.jpg,Vincent_van_Gogh,c0ce2c11e73fe836,True
Francisco_Goya_23.jpg,Francisco_Goya,999d4c4c23b6d64d,True
Pierre-Auguste_Renoir_113.jpg,Pierre-Auguste_Renoir,fa2eb5789074e0a5,True
Rembrandt_156.jpg,Rembrandt,e8940b7973e31cd8,True
Titian_16.jpg,Titian,8c9e39e1ce5cc546,False
Pablo_Picasso_194.jpg,Pablo_Picasso,a3de9c60c439c727,True
Vincent_van_Gogh_621.jpg,Vincent_van_Gogh,edb452c28fc80f9c,True
Albrecht_Du╠êrer_275.jpg,Albrecht_Dürer,92bd40ba7c60c7f1,False
Titian_251.jpg,Titian,c1ac3cf0d32fa932,True
Vincent_van_Gogh_147.jpg,Vincent_van_Gogh,9582a59fa0a7c85f,False
Pierre-Auguste_Renoir_272.jpg,Pierre-Auguste_Renoir,848387de43b4f86e,True
Edgar_Degas_433.jpg,Edgar_Degas,83bb30c9cc5edcc2,True
Vincent_van_Gogh_724.jpg,Vincent_van_Gogh,eee4a26fe4378308,False
Pierre-Auguste_Renoir_5.jpg,Pierre-Auguste_Renoir,c63e2cf20f19f81c,True
Albrecht_Dürer_185.jpg,Albrecht_Dürer,bdb4c3198fe70c18,False
Pierre-Auguste_Renoir_335.jpg,Pierre-Auguste_Renoir,d78531169eb5a16c,True
Francisco_Goya_288.jpg,Francisco_Goya,941dc963a76e18cb,True
Alfred_Sisley_42.jpg,Alfred_Sisley,90a5cfb9241d7b62,True
Albrecht_Dürer_173.jpg,Albrecht_Dürer,ed9222ed920f843f,False
Pablo_Picasso_166.jpg,Pablo_Picasso,956b6aa58a95da34,True
Titian_35.jpg,Titian,b5de62035341baba,True
Rembrandt_26.jpg,Rembrandt,ecec323391cccccc,True
Vincent_van_Gogh_467.jpg,Vincent_van_Gogh,8b1ad4d09acfcb45,True
Pierre-Auguste_Renoir_81.jpg,Pierre-Auguste_Renoir,9edc85e39ca57304,True
Vincent_van_Gogh_292.jpg,Vincent_van_Gogh,90151cf3e7c5c764,True
Pablo_Picasso_36.jpg,Pablo_Picasso,ae6ac1e4649d95b1,True
Albrecht_Dürer_263.jpg,Albrecht_Dürer,90887e7375be901e,False
Paul_Gauguin_184.jpg,Paul_Gauguin,b39c8f0368b0f46d,True
Pablo_Picasso_325.jpg,Pablo_Picasso,eac72a6945ce3293,True
Francisco_Goya_20.jpg,Francisco_Goya,8d26333be3cc9c34,True
Vincent_van_Gogh_750.jpg,Vincent_van_Gogh,a8afd4d6d2653628,True
Titian_4.jpg,Titian,c3263e4fb0b14b4e,False
Titian_211.jpg,Titian,c38f3df03c0c701f,True
Paul_Gauguin_72.jpg,Paul_Gauguin,b02496bf85d6b607,True
Pablo_Picasso_250.jpg,Pablo_Picasso,aaa9ceb0533e40af,True
Vincent_van_Gogh_254.jpg,Vincent_van_Gogh,a8e5c2dfa9217e03,False
Alfred_Sisley_196.jpg,Alfred_Sisley,c79970378b7011ed,True
Edgar_Degas_537.jpg,Edgar_Degas,d939f560e4ce1ce0,True
Titian_87.jpg,Titian,c5781fa7d119346c,True
Francisco_Goya_236.jpg,Francisco_Goya,c39dec033be0899e,True
Titian_32.jpg,Titian,bb69e58603835e27,True
Titian_244.jpg,Titian,c1462f8f36b80ee6,True
Vincent_van_Gogh_76.jpg,Vincent_van_Gogh,a676893a5b9e2c1a,True
Pierre-Auguste_Renoir_26.jpg,Pierre-Auguste_Renoir,965a722d8d6c53b2,True
Albrecht_Dürer_16.jpg,Albrecht_Dürer,e0a69ed9c130fb38,False
Alfred_Sisley_131.jpg,Alfred_Sisley,d5c82a4db5d23a1b,True
Vincent_van_Gogh_494.jpg,Vincent_van_Gogh,e9431ef42879856e,True
Vincent_van_Gogh_800.jpg,Vincent_van_Gogh,cfc6333bcc6830c6,True
Pablo_Picasso_301.jpg,Pablo_Picasso,ea35d3422569d617,True
Vincent_van_Gogh_755.jpg,Vincent_van_Gogh,d095472bbed809e6,True
Albrecht_Du╠êrer_253.jpg,Albrecht_Dürer,d7b3d34c6c15294a,False
Alfred_Sisley_204.jpg,Alfred_Sisley,92cd6403fe65133e,True
Alfred_Sisley_232.jpg,Alfred_Sisley,9cfd8772208d51b6,True
Titian_159.jpg,Titian,8df47b6b2e1634a0,True
Albrecht_Du╠êrer_209.jpg,Albrecht_Dürer,ff7f88c8d080e2e1,True
Titian_245.jpg,Titian,8776708931dc6f70,True
Paul_Gauguin_187.jpg,Paul_Gauguin,9ec2c9c08bdad2b9,True
Edgar_Degas_394.jpg,Edgar_Degas,f2f19dd88c2ec262,True
Vincent_van_Gogh_224.jpg,Vincent_van_Gogh,9aa0c0a72e529f7b,True
Edgar_Degas_382.jpg,Edgar_Degas,d2127a6d056bce78,True
Vincent_van_Gogh_475.jpg,Vincent_van_Gogh,d812567f6ce821e5,True
Pablo_Picasso_183.jpg,Pablo_Picasso,b83ec1f8ce1c27c4,True
Francisco_Goya_203.jpg,Francisco_Goya,d2e06d92f2993b64,True
Vincent_van_Gogh_183.jpg,Vincent_van_Gogh,fc12ca699717836c,True
Pablo_Picasso_223.jpg,Pablo_Picasso,8569503565d3d796,True
Edgar_Degas_63.jpg,Edgar_Degas,c813be60716f8ec6,True
Pablo_Picasso_354.jpg,Pablo_Picasso,e56c946699a56a95,True
Albrecht_Du╠êrer_166.jpg,Albrecht_Dürer,eeb2d849b1638876,False
Vincent_van_Gogh_16.jpg,Vincent_van_Gogh,a852549f69b926da,False
Vincent_van_Gogh_871.jpg,Vincent_van_Gogh,fcc38297c6720f38,True
Pierre-Auguste_Renoir_216.jpg,Pierre-Auguste_Renoir,9696626e69ed9c84,True
Paul_Gauguin_260.jpg,Paul_Gauguin,8c37740c4ff03ccb,True
Francisco_Goya_276.jpg,Francisco_Goya,bec0c10f79369663,True
Pierre-Auguste_Renoir_227.jpg,Pierre-Auguste_Renoir,c1ad1bc638e71e58,True
Vincent_van_Gogh_733.jpg,Vincent_van_Gogh,b2b1d8dc6968e8ac,True
Pierre-Auguste_Renoir_279.jpg,Pierre-Auguste_Renoir,faa465d79a5b9108,True
Albrecht_Dürer_259.jpg,Albrecht_Dürer,e0843ef387de1863,False
Paul_Gauguin_152.jpg,Paul_Gauguin,a663d84ce11c9fc3,True
Vincent_van_Gogh_767.jpg,Vincent_van_Gogh,9cbec372a469e01e,True
Pablo_Picasso_272.jpg,Pablo_Picasso,c9c1712f96a5b3d0,True
Albrecht_Du╠êrer_131.jpg,Albrecht_Dürer,a61b96c1adb7238a,False
Albrecht_Dürer_52.jpg,Albrecht_Dürer,bb90d483873ef449,False
Albrecht_Dürer_271.jpg,Albrecht_Dürer,fe9124c89225cb77,False
Vincent_van_Gogh_477.jpg,Vincent_van_Gogh,f8e6dd81962b6928,True
Pablo_Picasso_339.jpg,Pablo_Picasso,d784e56992686d99,True
Alfred_Sisley_102.jpg,Alfred_Sisley,d2f0ad29d2c63cc5,True
Paul_Gauguin_245.jpg,Paul_Gauguin,b77dc1c2c6e2c489,True
Pablo_Picasso_411.jpg,Pablo_Picasso,8592d2c7dac4cd69,True
Pierre-Auguste_Renoir_52.jpg,Pierre-Auguste_Renoir,cc2cb113b34739d9,True
Francisco_Goya_220.jpg,Francisco_Goya,ebe2941dd86c6b03,True
Albrecht_Dürer_226.jpg,Albrecht_Dürer,bef24b90d989c589,False
Alfred_Sisley_245.jpg,Alfred_Sisley,c6b6d1dc8c739146,True
Edgar_Degas_321.jpg,Edgar_Degas,a2e267399c74b1cc,True
Edgar_Degas_671.jpg,Edgar_Degas,e358b39f34e40572,True
Edgar_Degas_574.jpg,Edgar_Degas,fca8418676d93bc1,True
Pablo_Picasso_306.jpg,Pablo_Picasso,a8b84ae2fa0db5e8,True
Edgar_Degas_639.jpg,Edgar_Degas,daa7bee05c2d029a,False
Vincent_van_Gogh_37.jpg,Vincent_van_Gogh,94924b6be5b40e7a,True
Francisco_Goya_59.jpg,Francisco_Goya,cde934ad99c8cd24,True
Edgar_Degas_614.jpg,Edgar_Degas,b490d22f6732e31d,True
Paul_Gauguin_90.jpg,Paul_Gauguin,af91c46ac0a37b1e,True
Pierre-Auguste_Renoir_224.jpg,Pierre-Auguste_Renoir,bcd88783d3781699,True
Albrecht_Dürer_119.jpg,Albrecht_Dürer,ebb1fa094d77a480,False
Vincent_van_Gogh_208.jpg,Vincent_van_Gogh,eb27535ebc182361,True
Albrecht_Du╠êrer_259.jpg,Albrecht_Dürer,e0843ef387de1863,True
Alfred_Sisley_242.jpg,Alfred_Sisley,c45bcf1c934136d9,True
Pablo_Picasso_237.jpg,Pablo_Picasso,af69e09596c6c686,True
Albrecht_Du╠êrer_66.jpg,Albrecht_Dürer,a5ab2838ab2f95a6,False
Vincent_van_Gogh_282.jpg,Vincent_van_Gogh,d3dadac42877438c,True
Paul_Gauguin_239.jpg,Paul_Gauguin,87919853e6adad43,True
Pablo_Picasso_398.jpg,Pablo_Picasso,d0396762989e1f63,True
Pablo_Picasso_156.jpg,Pablo_Picasso,ea4b913de94d6461,True
Edgar_Degas_702.jpg,Edgar_Degas,99995e9cf08687aa,False
Pablo_Picasso_21.jpg,Pablo_Picasso,f9a03652c9cd8cd9,True
Edgar_Degas_128.jpg,Edgar_Degas,cdeab1d1d214d293,True
Alfred_Sisley_239.jpg,Alfred_Sisley,cbe9140be855afc4,True
Edgar_Degas_418.jpg,Edgar_Degas,be433b78c032c98f,True
Paul_Gauguin_22.jpg,Paul_Gauguin,cd4580a0b35ae77d,True
Edgar_Degas_161.jpg,Edgar_Degas,9cbfb81ec05043bd,True
Albrecht_Du╠êrer_182.jpg,Albrecht_Dürer,ea63e9a474dc1598,False
Edgar_Degas_554.jpg,Edgar_Degas,ea8691c883f387ce,True
Titian_61.jpg,Titian,b79454c74a5b5338,True
Pablo_Picasso_148.jpg,Pablo_Picasso,ee4ea39bc090d9ac,True
Vincent_van_Gogh_51.jpg,Vincent_van_Gogh,d6cc6d3d0c897865,False
Pablo_Picasso_302.jpg,Pablo_Picasso,914a0fa6f150c7bd,True
Pierre-Auguste_Renoir_109.jpg,Pierre-Auguste_Renoir,9a3da44f989b61e8,True
Rembrandt_42.jpg,Rembrandt,9333b669896cc4b6,True
Vincent_van_Gogh_59.jpg,Vincent_van_Gogh,a2d5872b30b4da5e,True
Pierre-Auguste_Renoir_63.jpg,Pierre-Auguste_Renoir,cdd7c60c32f1a41e,True
Albrecht_Dürer_228.jpg,Albrecht_Dürer,ad78babcc5c20c0f,False
Titian_25.jpg,Titian,f4334ae324d952bc,True
Alfred_Sisley_141.jpg,Alfred_Sisley,9aa5c67b3c88d265,True
Pablo_Picasso_127.jpg,Pablo_Picasso,e869c785368496de,True
Pablo_Picasso_278.jpg,Pablo_Picasso,bc70c763d290e347,True
Paul_Gauguin_277.jpg,Paul_Gauguin,a7121a8d563d4e7a,True
Edgar_Degas_509.jpg,Edgar_Degas,a1cf5f33e7813034,True
Pierre-Auguste_Renoir_76.jpg,Pierre-Auguste_Renoir,ed821f3062c764dd,True
Vincent_van_Gogh_106.jpg,Vincent_van_Gogh,b6669b939c28c966,True
Edgar_Degas_585.jpg,Edgar_Degas,b9f94163c4ccce07,True
Albrecht_Du╠êrer_3.jpg,Albrecht_Dürer,eaa7b52c9a129395,False
Vincent_van_Gogh_737.jpg,Vincent_van_Gogh,b9f5230fc6d0981e,True
Edgar_Degas_674.jpg,Edgar_Degas,afb2502b2f36d251,True
Francisco_Goya_211.jpg,Francisco_Goya,968c5cd26313bccd,True
Pablo_Picasso_13.jpg,Pablo_Picasso,eacb851a93b4ccd2,True
Titian_232.jpg,Titian,dc272cd9137cc926,True
Paul_Gauguin_157.jpg,Paul_Gauguin,ba19658ece0f31a3,True
Rembrandt_111.jpg,Rembrandt,fd422733a68cd931,True
Edgar_Degas_129.jpg,Edgar_Degas,c7079767af46c40c,True
Rembrandt_90.jpg,Rembrandt,c3dcf931061ff103,True
Vincent_van_Gogh_626.jpg,Vincent_van_Gogh,ad4dd3e96902267a,True
Alfred_Sisley_30.jpg,Alfred_Sisley,d8a7b5484b932cf2,True
Vincent_van_Gogh_187.jpg,Vincent_van_Gogh,e19e43783f611c63,True
Alfred_Sisley_150.jpg,Alfred_Sisley,88b0f05822dbef2f,True
Edgar_Degas_83.jpg,Edgar_Degas,abcb96a4bd25a213,False
Pablo_Picasso_159.jpg,Pablo_Picasso,d0a4d9e0fed05d0d,True
Albrecht_Du╠êrer_181.jpg,Albrecht_Dürer,c294b1666d897997,False
Pierre-Auguste_Renoir_241.jpg,Pierre-Auguste_Renoir,952867969ec99999,True
Pierre-Auguste_Renoir_199.jpg,Pierre-Auguste_Renoir,c3c9b5321750dc3d,True
Alfred_Sisley_69.jpg,Alfred_Sisley,81c93f2a27f6e690,True
Vincent_van_Gogh_691.jpg,Vincent_van_Gogh,a2bea115c4fa4e4d,True
Rembrandt_75.jpg,Rembrandt,cdb136cc995ac833,True
Vincent_van_Gogh_603.jpg,Vincent_van_Gogh,df0bcb40c433b70d,True
Alfred_Sisley_148.jpg,Alfred_Sisley,8e9f706198b04fce,True
Pablo_Picasso_14.jpg,Pablo_Picasso,e66c93ccb237980d,True
Pablo_Picasso_264.jpg,Pablo_Picasso,b9c3e6991893c16d,True
Pablo_Picasso_20.jpg,Pablo_Picasso,e2bc5cc2371b6562,True
Titian_100.jpg,Titian,99d935662632c9ce,True
Albrecht_Dürer_229.jpg,Albrecht_Dürer,cf56b820ce99b16a,False
Edgar_Degas_396.jpg,Edgar_Degas,86b49e1c1b8f7463,True
Titian_143.jpg,Titian,dcd7e26843c79445,True
Vincent_van_Gogh_855.jpg,Vincent_van_Gogh,81ca5a36f21966eb,True
Vincent_van_Gogh_105.jpg,Vincent_van_Gogh,bf95d02d077638c1,True
Pierre-Auguste_Renoir_264.jpg,Pierre-Auguste_Renoir,9a3ae46921c7ce99,True
Vincent_van_Gogh_84.jpg,Vincent_van_Gogh,9c93336c31664b37,False
Paul_Gauguin_108.jpg,Paul_Gauguin,8ca4311967f9594f,True
Vincent_van_Gogh_232.jpg,Vincent_van_Gogh,e12a2b8b99e92ab3,True
Vincent_van_Gogh_270.jpg,Vincent_van_Gogh,a3ac34537a6ac999,True
Edgar_Degas_367.jpg,Edgar_Degas,d48e9bf42147fe80,True
Vincent_van_Gogh_61.jpg,Vincent_van_Gogh,b6f3c133857e3601,True
Titian_144.jpg,Titian,83d2da051d4bfd38,True
Rembrandt_134.jpg,Rembrandt,c6187333c9ce38c7,True
Pablo_Picasso_158.jpg,Pablo_Picasso,b9f8c86b8772c443,True
Pierre-Auguste_Renoir_306.jpg,Pierre-Auguste_Renoir,c929b492edc64bc9,True
Albrecht_Du╠êrer_23.jpg,Albrecht_Dürer,ca4a85b87ab429f9,False
Pablo_Picasso_263.jpg,Pablo_Picasso,acbdd08237d64a4b,True
Francisco_Goya_1.jpg,Francisco_Goya,eb2fc0d285ec91e4,True
Edgar_Degas_688.jpg,Edgar_Degas,bc96c66ccd47a321,True
Alfred_Sisley_19.jpg,Alfred_Sisley,bb9dc402f06f03ba,True
Pablo_Picasso_257.jpg,Pablo_Picasso,e8688ba789f66626,True
Vincent_van_Gogh_310.jpg,Vincent_van_Gogh,c0b84eb3bd12b3ac,True
Albrecht_Dürer_97.jpg,Albrecht_Dürer,a6919e9c9361cd66,False
Vincent_van_Gogh_370.jpg,Vincent_van_Gogh,8b9f97830f6511a9,False
Pablo_Picasso_161.jpg,Pablo_Picasso,e49bba85ac938a27,True
Pierre-Auguste_Renoir_154.jpg,Pierre-Auguste_Renoir,bb36dc4012e4cb3b,True
Edgar_Degas_290.jpg,Edgar_Degas,ba56ce6987342b52,True
Albrecht_Du╠êrer_282.jpg,Albrecht_Dürer,ee4aa5bd94c049b3,True
Paul_Gauguin_200.jpg,Paul_Gauguin,f6fec80925a4accc,True
Rembrandt_130.jpg,Rembrandt,8ddc3227639a9971,True
Rembrandt_244.jpg,Rembrandt,d9e62399cccc2699,True
Pierre-Auguste_Renoir_247.jpg,Pierre-Auguste_Renoir,cef085691ea6f129,True
Titian_209.jpg,Titian,95e50f35306497e3,True
Francisco_Goya_160.jpg,Francisco_Goya,ea3fc46490c39d96,True
Vincent_van_Gogh_226.jpg,Vincent_van_Gogh,9292934bcbcd2d8d,True
Paul_Gauguin_209.jpg,Paul_Gauguin,b032cf27aeb14b0e,True
Vincent_van_Gogh_144.jpg,Vincent_van_Gogh,99d3726c30664b37,True
Vincent_van_Gogh_651.jpg,Vincent_van_Gogh,a4f09e65db0cc38e,True
Edgar_Degas_37.jpg,Edgar_Degas,fa9a9707450df04d,True
Paul_Gauguin_91.jpg,Paul_Gauguin,b73e924118f76d88,True
Pierre-Auguste_Renoir_277.jpg,Pierre-Auguste_Renoir,cd4ab919e62ee232,True
Rembrandt_64.jpg,Rembrandt,cee831e3c69838c7,True
Edgar_Degas_13.jpg,Edgar_Degas,f00ee3f08f93bc03,False
Edgar_Degas_661.jpg,Edgar_Degas,e68d78b6c234d4cc,True
Vincent_van_Gogh_658.jpg,Vincent_van_Gogh,e3d39499986bc8ac,True
Alfred_Sisley_80.jpg,Alfred_Sisley,82b68d0d52b66dea,True
Francisco_Goya_102.jpg,Francisco_Goya,8c9c3965676252db,True
Francisco_Goya_248.jpg,Francisco_Goya,911b6e65c50cf933,True
Edgar_Degas_38.jpg,Edgar_Degas,893d732336633366,True
Edgar_Degas_58.jpg,Edgar_Degas,8fac341f393cfc10,True
Rembrandt_147.jpg,Rembrandt,c5723b28ac47a3bc,True
Paul_Gauguin_291.jpg,Paul_Gauguin,80818fb67578fc9c,True
Pierre-Auguste_Renoir_50.jpg,Pierre-Auguste_Renoir,975424d06b737a3c,True
Vincent_van_Gogh_795.jpg,Vincent_van_Gogh,e5e5861e98d9198b,False
Francisco_Goya_61.jpg,Francisco_Goya,8e1f70dcb3815c63,True
Francisco_Goya_249.jpg,Francisco_Goya,c631394fad729263,True
Rembrandt_163.jpg,Rembrandt,ec740bb4343be166,True
Albrecht_Du╠êrer_210.jpg,Albrecht_Dürer,cc6cb59e92834b78,False
Rembrandt_102.jpg,Rembrandt,989867639eccd989,True
Edgar_Degas_631.jpg,Edgar_Degas,acb7a9d830c137c6,True
Vincent_van_Gogh_85.jpg,Vincent_van_Gogh,e591d01b9f7ca161,True
Vincent_van_Gogh_393.jpg,Vincent_van_Gogh,c6a7383a30db499e,True
Pierre-Auguste_Renoir_245.jpg,Pierre-Auguste_Renoir,b3ec201fc71e1a39,True
Rembrandt_40.jpg,Rembrandt,99996c266626f993,False
Alfred_Sisley_205.jpg,Alfred_Sisley,8f8f8ff86904b099,True
Vincent_van_Gogh_114.jpg,Vincent_van_Gogh,9e9e6129da626569,True
Vincent_van_Gogh_444.jpg,Vincent_van_Gogh,cacbc8303375a71e,True
Alfred_Sisley_110.jpg,Alfred_Sisley,a82bd8b8c7daa61c,True
Albrecht_Du╠êrer_141.jpg,Albrecht_Dürer,c9e9127735d41ea4,False
Albrecht_Dürer_113.jpg,Albrecht_Dürer,cb4fb0506d68257e,False
Francisco_Goya_241.jpg,Francisco_Goya,adad065c31c87e47,True
Albrecht_Dürer_125.jpg,Albrecht_Dürer,9bb79538e84346ac,False
Pierre-Auguste_Renoir_251.jpg,Pierre-Auguste_Renoir,cc1a316639f23bc9,True
Albrecht_Du╠êrer_134.jpg,Albrecht_Dürer,bfe0c31ec8929e68,False
Pablo_Picasso_293.jpg,Pablo_Picasso,b616e93e7ac170c8,True
Edgar_Degas_511.jpg,Edgar_Degas,9b96345d8666c89b,True
Paul_Gauguin_35.jpg,Paul_Gauguin,af3495cc78ca1993,True
Edgar_Degas_74.jpg,Edgar_Degas,bbd8d0e66f44e085,True
Francisco_Goya_115.jpg,Francisco_Goya,c88d70726798d9cd,True
Vincent_van_Gogh_570.jpg,Vincent_van_Gogh,e9e0ab5914f22b5a,True
Rembrandt_46.jpg,Rembrandt,ccc9f3e38d4c2c32,True
Francisco_Goya_154.jpg,Francisco_Goya,ea69956e91b39294,True
Francisco_Goya_93.jpg,Francisco_Goya,bb1bd46e8470d0c7,True
Titian_199.jpg,Titian,8e4d4a92e50bf12f,True
Vincent_van_Gogh_195.jpg,Vincent_van_Gogh,805fbe30c5ce6374,True
Vincent_van_Gogh_56.jpg,Vincent_van_Gogh,edd2a9b1766c9221,True
Rembrandt_4.jpg,Rembrandt,cc6b3d90c30f3cc9,True
Alfred_Sisley_170.jpg,Alfred_Sisley,86d8ff79808c7962,True
Edgar_Degas_182.jpg,Edgar_Degas,870f79d1042cbe5b,True
Albrecht_Dürer_214.jpg,Albrecht_Dürer,dca41f508a5f81d7,True
Edgar_Degas_365.jpg,Edgar_Degas,9de9293eae523145,False
Albrecht_Du╠êrer_304.jpg,Albrecht_Dürer,f9b9c060e0df2d13,False
Francisco_Goya_60.jpg,Francisco_Goya,db36243c37c3d0c9,True
Pierre-Auguste_Renoir_146.jpg,Pierre-Auguste_Renoir,eaf631339b9ac08c,True
Alfred_Sisley_251.jpg,Alfred_Sisley,edcd3212da7638c8,True
Pablo_Picasso_71.jpg,Pablo_Picasso,b9c207bf0559ec4a,False
Edgar_Degas_684.jpg,Edgar_Degas,aa6995b587d6d0e0,True
Albrecht_Du╠êrer_287.jpg,Albrecht_Dürer,898fc768f064dd31,False
Paul_Gauguin_310.jpg,Paul_Gauguin,8cf878acc3a4731b,True
Vincent_van_Gogh_571.jpg,Vincent_van_Gogh,d96bb0cc739c6431,True
Vincent_van_Gogh_613.jpg,Vincent_van_Gogh,c69bc84cc65ba54b,True
Vincent_van_Gogh_80.jpg,Vincent_van_Gogh,eea5909ec8c98de1,True
Vincent_van_Gogh_311.jpg,Vincent_van_Gogh,e9f6430adec49899,True
Albrecht_Dürer_225.jpg,Albrecht_Dürer,f730c7c7d8564168,True
Vincent_van_Gogh_407.jpg,Vincent_van_Gogh,b63cf12bc1c986c9,True
Pablo_Picasso_388.jpg,Pablo_Picasso,d189c6a43df9fa02,True
Pablo_Picasso_248.jpg,Pablo_Picasso,bebc0fc3b360e0e0,False
Vincent_van_Gogh_478.jpg,Vincent_van_Gogh,de08397b86b46dc2,True
Edgar_Degas_416.jpg,Edgar_Degas,ca75e0ee0b72cdc0,True
Rembrandt_58.jpg,Rembrandt,9c4c2ce5d3936933,True
Vincent_van_Gogh_641.jpg,Vincent_van_Gogh,89b7c499f1c05cb6,True
Vincent_van_Gogh_481.jpg,Vincent_van_Gogh,ab879418f07e616d,True
Edgar_Degas_514.jpg,Edgar_Degas,91ecc63b95c15e94,True
Edgar_Degas_623.jpg,Edgar_Degas,f2d2467c31584f2d,True
Vincent_van_Gogh_644.jpg,Vincent_van_Gogh,bbccb44b180ff710,True
Pierre-Auguste_Renoir_281.jpg,Pierre-Auguste_Renoir,aab5c9d284cb3d4a,True
Pierre-Auguste_Renoir_32.jpg,Pierre-Auguste_Renoir,bfb4c068c993e744,True
Pablo_Picasso_115.jpg,Pablo_Picasso,e6196e6e95189563,True
Vincent_van_Gogh_83.jpg,Vincent_van_Gogh,fffec0810f05d262,True
Edgar_Degas_619.jpg,Edgar_Degas,eab0959582d2db8b,True
Pablo_Picasso_211.jpg,Pablo_Picasso,de2e90d48b65e552,True
Paul_Gauguin_130.jpg,Paul_Gauguin,f8b99627e6481993,True
Edgar_Degas_171.jpg,Edgar_Degas,d56a32b67a2d0693,True
Pablo_Picasso_38.jpg,Pablo_Picasso,cb69a51a9a8db5d0,True
Albrecht_Du╠êrer_162.jpg,Albrecht_Dürer,bafba480b312e5c3,False
Albrecht_Du╠êrer_257.jpg,Albrecht_Dürer,d94dc321b496b587,False
Edgar_Degas_421.jpg,Edgar_Degas,d94ca643e136e03f,True
Albrecht_Dürer_152.jpg,Albrecht_Dürer,bbccc403c2379a2f,False
Pierre-Auguste_Renoir_235.jpg,Pierre-Auguste_Renoir,ab2db473d3463898,True
Albrecht_Dürer_129.jpg,Albrecht_Dürer,a42e9a3669d9d4cc,False
Francisco_Goya_226.jpg,Francisco_Goya,ce1d6123477933e4,True
Pierre-Auguste_Renoir_158.jpg,Pierre-Auguste_Renoir,c3cd6c12392c9e3d,True
Francisco_Goya_62.jpg,Francisco_Goya,eb27aed2f04aa12c,True
Vincent_van_Gogh_89.jpg,Vincent_van_Gogh,c4866f3d36c0971b,True
Pierre-Auguste_Renoir_321.jpg,Pierre-Auguste_Renoir,d2af252d651a531d,True
Paul_Gauguin_78.jpg,Paul_Gauguin,edc692696986d2c9,True
Edgar_Degas_77.jpg,Edgar_Degas,e99c007c33cf9639,True
Alfred_Sisley_38.jpg,Alfred_Sisley,e24e914373973cc3,True
Rembrandt_125.jpg,Rembrandt,b2bc8392615d6679,True
Francisco_Goya_36.jpg,Francisco_Goya,e97a851ae9a5164e,True
Albrecht_Du╠êrer_220.jpg,Albrecht_Dürer,b2e506e76b9b940c,False
Vincent_van_Gogh_75.jpg,Vincent_van_Gogh,e2c48b257ae6893d,True
Pierre-Auguste_Renoir_219.jpg,Pierre-Auguste_Renoir,e7dcb8c62d10f906,True
Vincent_van_Gogh_405.jpg,Vincent_van_Gogh,afa8287d5252ed58,True
Edgar_Degas_668.jpg,Edgar_Degas,85fe708b50fc1533,True
Albrecht_Dürer_149.jpg,Albrecht_Dürer,fbc80ca651e6c237,True
Albrecht_Du╠êrer_260.jpg,Albrecht_Dürer,bf1ec071ba87f120,False
Albrecht_Du╠êrer_144.jpg,Albrecht_Dürer,dc5f40f07848eba9,False
Edgar_Degas_346.jpg,Edgar_Degas,b2e946d68b9468cb,True
Rembrandt_258.jpg,Rembrandt,c87cb3639cd839c4,True
Albrecht_Dürer_237.jpg,Albrecht_Dürer,cb70271f34a3c729,False
Albrecht_Du╠êrer_192.jpg,Albrecht_Dürer,b6938c8cc93ec267,False
Pablo_Picasso_283.jpg,Pablo_Picasso,bd30d079d11f6466,True
Rembrandt_60.jpg,Rembrandt,c81f2765d6ca3d21,True
Edgar_Degas_452.jpg,Edgar_Degas,ce0ea677938519c9,False
Titian_33.jpg,Titian,9c3c69362ed33139,False
Vincent_van_Gogh_308.jpg,Vincent_van_Gogh,edd1a45b933c1325,True
Vincent_van_Gogh_716.jpg,Vincent_van_Gogh,858ce57a7d1219f1,True
Albrecht_Dürer_215.jpg,Albrecht_Dürer,eeeead38b8b8a480,False
Pablo_Picasso_149.jpg,Pablo_Picasso,cdcd81639624f2b3,True
Francisco_Goya_182.jpg,Francisco_Goya,8cb73829c31e47ae,True
Albrecht_Du╠êrer_120.jpg,Albrecht_Dürer,daca89da721e6c32,False
Pablo_Picasso_352.jpg,Pablo_Picasso,ab2fda73c4d03606,True
Vincent_van_Gogh_730.jpg,Vincent_van_Gogh,ed928ead615658a3,True
Edgar_Degas_650.jpg,Edgar_Degas,f292137e64c56479,False
Vincent_van_Gogh_781.jpg,Vincent_van_Gogh,9fb770c0c6d99819,True
Titian_79.jpg,Titian,9a3861969e733336,True
Vincent_van_Gogh_805.jpg,Vincent_van_Gogh,dbcbf0701c1eca70,True
Vincent_van_Gogh_639.jpg,Vincent_van_Gogh,ee85b328d909cdcc,True
Titian_239.jpg,Titian,ae8e56516d2e8ed0,True
Edgar_Degas_444.jpg,Edgar_Degas,dfcfcb8391406878,True
Edgar_Degas_44.jpg,Edgar_Degas,dea0d1be24384a3f,False
Rembrandt_176.jpg,Rembrandt,c7c73838c08db766,True
Rembrandt_257.jpg,Rembrandt,89e8333367cc9c8b,True
Pierre-Auguste_Renoir_160.jpg,Pierre-Auguste_Renoir,a9e3649616f0794d,True
Vincent_van_Gogh_338.jpg,Vincent_van_Gogh,c4a4f5db131363b2,True
Alfred_Sisley_236.jpg,Alfred_Sisley,ea2b69df1356824a,True
Edgar_Degas_273.jpg,Edgar_Degas,aaed2dcac986a8e1,True
Francisco_Goya_166.jpg,Francisco_Goya,fe80bc97e0963e06,True
Albrecht_Dürer_111.jpg,Albrecht_Dürer,bd8343d86ee78898,False
Edgar_Degas_87.jpg,Edgar_Degas,ccc9a1a5ec773330,False
Edgar_Degas_89.jpg,Edgar_Degas,d2403b4ee6931f9a,True
Edgar_Degas_335.jpg,Edgar_Degas,ac8d8d8c49e75665,True
Paul_Gauguin_179.jpg,Paul_Gauguin,ea61ee8d18f83a2c,True
Rembrandt_77.jpg,Rembrandt,cc99312373e78f18,True
Pierre-Auguste_Renoir_201.jpg,Pierre-Auguste_Renoir,e3899c36db922c63,True
Albrecht_Du╠êrer_102.jpg,Albrecht_Dürer,fe9b814ca3379861,False
Titian_166.jpg,Titian,d42426d22f3bd26b,True
Titian_39.jpg,Titian,9ad3654a8fbc15c8,True
Francisco_Goya_193.jpg,Francisco_Goya,acc493dbcc2dc13a,True
Edgar_Degas_102.jpg,Edgar_Degas,bec9c597b3b0a830,True
Albrecht_Du╠êrer_154.jpg,Albrecht_Dürer,82a5f532bd96c43a,False
Rembrandt_19.jpg,Rembrandt,fcf83e46690b0707,True
Pierre-Auguste_Renoir_166.jpg,Pierre-Auguste_Renoir,e5d78258dd27c0cc,True
Paul_Gauguin_8.jpg,Paul_Gauguin,9d00e6368cfd39d2,True
Edgar_Degas_584.jpg,Edgar_Degas,d5f4e40332b6ab1a,True
Paul_Gauguin_66.jpg,Paul_Gauguin,f07d3d12f10dd262,True
Pablo_Picasso_174.jpg,Pablo_Picasso,f7e218a932d2a61e,True
Alfred_Sisley_233.jpg,Alfred_Sisley,a1b05f0f5072adf8,True
Titian_164.jpg,Titian,e0371b88b473af68,True
Edgar_Degas_578.jpg,Edgar_Degas,bdae721e91b514c8,True
Albrecht_Du╠êrer_215.jpg,Albrecht_Dürer,eeeead38b8b8a480,True
Vincent_van_Gogh_46.jpg,Vincent_van_Gogh,b998d12fc1e04fc6,True
Vincent_van_Gogh_162.jpg,Vincent_van_Gogh,a585723a90d3c9ee,True
Pablo_Picasso_118.jpg,Pablo_Picasso,bec2ad4cb283ca74,True
Paul_Gauguin_201.jpg,Paul_Gauguin,e2e1f588185d9f83,True
Edgar_Degas_261.jpg,Edgar_Degas,8ccce1a5ce763338,False
Alfred_Sisley_51.jpg,Alfred_Sisley,ca9297369f8819f1,True
Albrecht_Dürer_324.jpg,Albrecht_Dürer,e51edac9a069c5d1,False
Albrecht_Dürer_87.jpg,Albrecht_Dürer,8df99216916ad49d,False
Albrecht_Du╠êrer_172.jpg,Albrecht_Dürer,bf98c00fc6713963,True
Edgar_Degas_700.jpg,Edgar_Degas,98e0d32d0d3b66d3,False
Vincent_van_Gogh_845.jpg,Vincent_van_Gogh,fac1e61b8d36914a,True
Pablo_Picasso_98.jpg,Pablo_Picasso,bcc4d2b1c786cc99,True
Pierre-Auguste_Renoir_319.jpg,Pierre-Auguste_Renoir,cbcbd137c18685c9,True
Vincent_van_Gogh_86.jpg,Vincent_van_Gogh,92d10acfc96df44a,True
Vincent_van_Gogh_634.jpg,Vincent_van_Gogh,8977aa9a6542be89,False
Francisco_Goya_113.jpg,Francisco_Goya,ea7e953b91cc8491,False
Pablo_Picasso_137.jpg,Pablo_Picasso,8aa83c51eb9371ea,True
Francisco_Goya_72.jpg,Francisco_Goya,a792906db4cb38cd,True
Francisco_Goya_54.jpg,Francisco_Goya,9b93e46c8392966d,True
Vincent_van_Gogh_473.jpg,Vincent_van_Gogh,9ae126acdbd0cd64,False
Edgar_Degas_81.jpg,Edgar_Degas,9dd46a69d53424e9,True
Paul_Gauguin_20.jpg,Paul_Gauguin,93ea9ce384746d0b,True
Albrecht_Du╠êrer_56.jpg,Albrecht_Dürer,9f1e6968696387c4,False
Albrecht_Du╠êrer_57.jpg,Albrecht_Dürer,ba3a9352d3b1c4c5,False
Edgar_Degas_206.jpg,Edgar_Degas,c0bb3cec23c79f20,True
Edgar_Degas_647.jpg,Edgar_Degas,c3bc3c02dadd65a2,True
Pablo_Picasso_405.jpg,Pablo_Picasso,932cf21f956a8732,False
Edgar_Degas_613.jpg,Edgar_Degas,c55e1f1470e54b59,True
Pablo_Picasso_214.jpg,Pablo_Picasso,fe87c518351a92ad,True
Pierre-Auguste_Renoir_60.jpg,Pierre-Auguste_Renoir,cd33e29c94cd1947,True
Pierre-Auguste_Renoir_98.jpg,Pierre-Auguste_Renoir,dfbbc4661a942998,True
Francisco_Goya_219.jpg,Francisco_Goya,861c4b39b1c76d4d,True
Alfred_Sisley_216.jpg,Alfred_Sisley,cce1335c4eb3332c,True
Pierre-Auguste_Renoir_68.jpg,Pierre-Auguste_Renoir,80ca7d359b4caa73,True
Rembrandt_174.jpg,Rembrandt,cc8c3333226776dc,True
Vincent_van_Gogh_548.jpg,Vincent_van_Gogh,d7c46d3d0c897865,True
Albrecht_Du╠êrer_296.jpg,Albrecht_Dürer,b95b97a495e16858,False
Vincent_van_Gogh_544.jpg,Vincent_van_Gogh,9e52b729e96b3224,True
Vincent_van_Gogh_165.jpg,Vincent_van_Gogh,95d1ec2e1253d56c,True
Albrecht_Du╠êrer_205.jpg,Albrecht_Dürer,c106f8780f5f4d27,True
Pierre-Auguste_Renoir_298.jpg,Pierre-Auguste_Renoir,bd6426ce588741de,True
Paul_Gauguin_294.jpg,Paul_Gauguin,bdab25c48652d276,True
Paul_Gauguin_64.jpg,Paul_Gauguin,f2c7e0fe2b04c18b,True
Vincent_van_Gogh_23.jpg,Vincent_van_Gogh,f6e0cd3c8dc3b08c,True
Albrecht_Du╠êrer_231.jpg,Albrecht_Dürer,b1c9cc3630c38f3e,False
Pablo_Picasso_299.jpg,Pablo_Picasso,afb61839c1c9cc87,True
Vincent_van_Gogh_396.jpg,Vincent_van_Gogh,a081cbd4f44eadb5,True
Albrecht_Du╠êrer_285.jpg,Albrecht_Dürer,ffb2848de658b02a,False
Vincent_van_Gogh_440.jpg,Vincent_van_Gogh,a00fc5314bb61ecf,False
Edgar_Degas_503.jpg,Edgar_Degas,92e0493b3dce1aba,True
Pablo_Picasso_417.jpg,Pablo_Picasso,f4939179c2662ed4,True
Vincent_van_Gogh_757.jpg,Vincent_van_Gogh,d0b6c92e63d0ac3e,True
Vincent_van_Gogh_67.jpg,Vincent_van_Gogh,b8c7c7b42728c99a,True
Albrecht_Du╠êrer_267.jpg,Albrecht_Dürer,bdfa0c3c71893cd0,False
Albrecht_Du╠êrer_247.jpg,Albrecht_Dürer,bfc0c03f897662cc,True
Albrecht_Du╠êrer_249.jpg,Albrecht_Dürer,b3c9076e98a78c3a,False
Edgar_Degas_573.jpg,Edgar_Degas,da2f5592ce4e3191,True
Vincent_van_Gogh_820.jpg,Vincent_van_Gogh,c309863ab3c9ced6,False
Vincent_van_Gogh_47.jpg,Vincent_van_Gogh,ea6a91a5cd8d86cc,True
Pablo_Picasso_82.jpg,Pablo_Picasso,db92e42ec8395b8c,True
Pierre-Auguste_Renoir_145.jpg,Pierre-Auguste_Renoir,b9bc74c4c058ceb5,True
Pierre-Auguste_Renoir_196.jpg,Pierre-Auguste_Renoir,f5e933c6869a8896,True
Albrecht_Du╠êrer_280.jpg,Albrecht_Dürer,9795e06c8b89d86b,True
Vincent_van_Gogh_343.jpg,Vincent_van_Gogh,8ccfb76237366094,False
Edgar_Degas_682.jpg,Edgar_Degas,ae869f3071f7c2c0,False
Vincent_van_Gogh_301.jpg,Vincent_van_Gogh,bba5b04e9394f864,True
Vincent_van_Gogh_431.jpg,Vincent_van_Gogh,dad2a56d4a903774,False
Paul_Gauguin_103.jpg,Paul_Gauguin,dcf4312727932696,True
Pablo_Picasso_362.jpg,Pablo_Picasso,88553e46dfe59125,True
Rembrandt_153.jpg,Rembrandt,ce9c39e3c73c98c0,True
Rembrandt_165.jpg,Rembrandt,c6e04d1d31665a3f,True
Paul_Gauguin_284.jpg,Paul_Gauguin,d26b3172e9c982a7,True
Vincent_van_Gogh_172.jpg,Vincent_van_Gogh,b9aec594e629422f,True
Pablo_Picasso_154.jpg,Pablo_Picasso,e9ca8bad6b5252a4,True
Albrecht_Du╠êrer_250.jpg,Albrecht_Dürer,a4799d4b62256c9e,False
Rembrandt_150.jpg,Rembrandt,957c72a7ca582d83,True
Titian_240.jpg,Titian,bcca86f90333fb10,True
Titian_15.jpg,Titian,9894036747ddbc1e,True
Vincent_van_Gogh_460.jpg,Vincent_van_Gogh,9ee1711e8361789e,True
Pablo_Picasso_64.jpg,Pablo_Picasso,978d7807da28de83,True
Pierre-Auguste_Renoir_308.jpg,Pierre-Auguste_Renoir,cd2df2708dcb528c,True
Edgar_Degas_658.jpg,Edgar_Degas,836743932e5c3973,True
Paul_Gauguin_192.jpg,Paul_Gauguin,8a21fd96d6dcc892,True
Vincent_van_Gogh_823.jpg,Vincent_van_Gogh,a0c3cd360fdcc36c,True
Vincent_van_Gogh_18.jpg,Vincent_van_Gogh,9dbac26f65d23209,True
Vincent_van_Gogh_482.jpg,Vincent_van_Gogh,bdc1c23e6d1930e5,True
Rembrandt_104.jpg,Rembrandt,d5a186d57cd222ba,True
Pablo_Picasso_103.jpg,Pablo_Picasso,eab211aba5659596,True
Francisco_Goya_5.jpg,Francisco_Goya,e1921a6d864bb766,True
Rembrandt_20.jpg,Rembrandt,adaca4359d42fa32,True
Albrecht_Du╠êrer_177.jpg,Albrecht_Dürer,911ec87362d90de7,False
Edgar_Degas_472.jpg,Edgar_Degas,c063ad8d8db3b2b1,True
Albrecht_Dürer_321.jpg,Albrecht_Dürer,ea91a567c54ad22d,False
Edgar_Degas_31.jpg,Edgar_Degas,c1816b368fe7364c,True
Edgar_Degas_519.jpg,Edgar_Degas,8e83c5f0dbb86c19,True
Vincent_van_Gogh_463.jpg,Vincent_van_Gogh,e798688760f323ec,True
Vincent_van_Gogh_446.jpg,Vincent_van_Gogh,b0a6cf568d659439,True
Vincent_van_Gogh_260.jpg,Vincent_van_Gogh,9e61651e30327be3,True
Paul_Gauguin_265.jpg,Paul_Gauguin,d7e8b0b78ce08d91,True
Paul_Gauguin_134.jpg,Paul_Gauguin,ae15b543b0c7e16c,True
Pablo_Picasso_317.jpg,Pablo_Picasso,b8c1cbe41ce1c73c,True
Pablo_Picasso_60.jpg,Pablo_Picasso,bbb0f000ad0fd6e6,True
Francisco_Goya_69.jpg,Francisco_Goya,c6ce3139ccc62b39,True
Albrecht_Dürer_221.jpg,Albrecht_Dürer,b1cb0ce4f238f907,False
Vincent_van_Gogh_211.jpg,Vincent_van_Gogh,d293b725c01f8769,True
Pierre-Auguste_Renoir_305.jpg,Pierre-Auguste_Renoir,9c44e91a866f8fe1,True
Edgar_Degas_415.jpg,Edgar_Degas,9b9b3264cd9f1252,False
Francisco_Goya_147.jpg,Francisco_Goya,c7d73e0d6162871c,True
Alfred_Sisley_32.jpg,Alfred_Sisley,8deea9916e2c52c9,True
Vincent_van_Gogh_546.jpg,Vincent_van_Gogh,9505bf7b13d84827,True
Titian_196.jpg,Titian,8fc5489a26ce55ab,True
Vincent_van_Gogh_791.jpg,Vincent_van_Gogh,cdc1367a658b298e,True
Francisco_Goya_70.jpg,Francisco_Goya,ae6a9139e29cc8d3,True
Vincent_van_Gogh_536.jpg,Vincent_van_Gogh,eba1d8c61b46855b,True
Edgar_Degas_153.jpg,Edgar_Degas,82a2b387cd2e97e1,False
Edgar_Degas_298.jpg,Edgar_Degas,ac9c9c486735b3c3,True
Vincent_van_Gogh_861.jpg,Vincent_van_Gogh,becec0318573d392,True
Titian_126.jpg,Titian,986526f965907b1b,True
Vincent_van_Gogh_443.jpg,Vincent_van_Gogh,d2c94afe11173276,False
Edgar_Degas_599.jpg,Edgar_Degas,c2b236b5ada32a8b,True
Paul_Gauguin_48.jpg,Paul_Gauguin,b389f5e0d8b098f4,True
Vincent_van_Gogh_853.jpg,Vincent_van_Gogh,dbe5f008c19fa534,True
Rembrandt_114.jpg,Rembrandt,c7c53c32c19933cb,True
Albrecht_Dürer_284.jpg,Albrecht_Dürer,cd6b807c1d9a74f0,False
Albrecht_Du╠êrer_49.jpg,Albrecht_Dürer,91660d4be7395c66,False
Vincent_van_Gogh_154.jpg,Vincent_van_Gogh,ad4ae256f4e44b31,True
Edgar_Degas_113.jpg,Edgar_Degas,e141bf16c8c1937b,True
Albrecht_Dürer_256.jpg,Albrecht_Dürer,f1858e5ab32d52a3,False
Pierre-Auguste_Renoir_303.jpg,Pierre-Auguste_Renoir,bf7e6083d3c88dc0,True
Vincent_van_Gogh_453.jpg,Vincent_van_Gogh,fe5649c932242fa5,True
Pablo_Picasso_109.jpg,Pablo_Picasso,c1b2350fda7c2b25,True
Albrecht_Dürer_182.jpg,Albrecht_Dürer,ea63e9a474dc1598,True
Francisco_Goya_267.jpg,Francisco_Goya,f6e68999a9c83427,True
Pierre-Auguste_Renoir_315.jpg,Pierre-Auguste_Renoir,9ec136851fd12b69,True
Edgar_Degas_694.jpg,Edgar_Degas,decff48203f441b2,False
Albrecht_Dürer_269.jpg,Albrecht_Dürer,c54ab8b50f2fb452,False
Edgar_Degas_581.jpg,Edgar_Degas,a6c48d7bc7263465,True
Albrecht_Du╠êrer_254.jpg,Albrecht_Dürer,9c00c760f379bc5e,True
Francisco_Goya_83.jpg,Francisco_Goya,dce5631b9994889e,True
Pablo_Picasso_424.jpg,Pablo_Picasso,bd69a7a7720925b0,True
Vincent_van_Gogh_789.jpg,Vincent_van_Gogh,8cad43c6c017abde,True
Edgar_Degas_520.jpg,Edgar_Degas,d492ca636073bcbc,True
Albrecht_Dürer_115.jpg,Albrecht_Dürer,eb4a9434393563e3,False
Titian_180.jpg,Titian,d6e96917a6c08373,True
Rembrandt_250.jpg,Rembrandt,c74f8f3058333978,True
Alfred_Sisley_104.jpg,Alfred_Sisley,f681c47a25934af5,True
Titian_118.jpg,Titian,c1d0f2609cf1be3c,True
Albrecht_Du╠êrer_72.jpg,Albrecht_Dürer,ad934e346710edb2,False
Titian_6.jpg,Titian,d8700737982b5f39,True
Francisco_Goya_18.jpg,Francisco_Goya,bb7ec46990668f90,True
Pierre-Auguste_Renoir_214.jpg,Pierre-Auguste_Renoir,baeac93d664d9089,True
Edgar_Degas_296.jpg,Edgar_Degas,d7dd693c64333038,True
Vincent_van_Gogh_848.jpg,Vincent_van_Gogh,fc55e078c78689c5,True
Albrecht_Du╠êrer_129.jpg,Albrecht_Dürer,a42e9a3669d9d4cc,True
Pablo_Picasso_394.jpg,Pablo_Picasso,d788a3bec549126d,True
Paul_Gauguin_16.jpg,Paul_Gauguin,cfa0914ca47d49cf,True
Titian_146.jpg,Titian,8c0d737223fc13da,True
Rembrandt_38.jpg,Rembrandt,cccec73371383073,True
Albrecht_Dürer_257.jpg,Albrecht_Dürer,d94dc321b496b587,True
Albrecht_Dürer_291.jpg,Albrecht_Dürer,aedbb6706906432d,False
Rembrandt_83.jpg,Rembrandt,996967969a656994,True
Paul_Gauguin_155.jpg,Paul_Gauguin,fcef631473288c92,False
Vincent_van_Gogh_778.jpg,Vincent_van_Gogh,87143c6743dade2c,True
Pablo_Picasso_139.jpg,Pablo_Picasso,edf1903c9449b366,True
Pierre-Auguste_Renoir_186.jpg,Pierre-Auguste_Renoir,ce0ee6e760c3d88a,True
Pierre-Auguste_Renoir_257.jpg,Pierre-Auguste_Renoir,bd8b3721a8b0768d,True
Vincent_van_Gogh_19.jpg,Vincent_van_Gogh,e8f394cd92789532,True
Albrecht_Dürer_33.jpg,Albrecht_Dürer,dc45a13cb5f1a296,False
Vincent_van_Gogh_588.jpg,Vincent_van_Gogh,f252c689ed4d6474,True
Pierre-Auguste_Renoir_123.jpg,Pierre-Auguste_Renoir,ef5980a6d3db1c22,True
Pierre-Auguste_Renoir_106.jpg,Pierre-Auguste_Renoir,a329a796c874d94e,True
Titian_221.jpg,Titian,ce3c613636c3b139,True
Vincent_van_Gogh_45.jpg,Vincent_van_Gogh,8323fc490fa611fb,True
Vincent_van_Gogh_268.jpg,Vincent_van_Gogh,91123ff563804ebe,True
Edgar_Degas_600.jpg,Edgar_Degas,e01916ee0bd23c9f,True
Francisco_Goya_110.jpg,Francisco_Goya,c48e3be34e392566,True
Paul_Gauguin_117.jpg,Paul_Gauguin,9b996461897c9a2f,True
Titian_117.jpg,Titian,f0f0b93733e38c0c,True
Vincent_van_Gogh_348.jpg,Vincent_van_Gogh,cf19b026f13c32d9,True
Pablo_Picasso_27.jpg,Pablo_Picasso,9e68a17a8f499867,True
Vincent_van_Gogh_507.jpg,Vincent_van_Gogh,dd8e6f3832c4163a,True
Edgar_Degas_399.jpg,Edgar_Degas,dc9cb0abba40b8cb,True
Pablo_Picasso_232.jpg,Pablo_Picasso,b4ec03f10ff293c1,True
Paul_Gauguin_1.jpg,Paul_Gauguin,81e1d3b0c83e6f9a,True
Edgar_Degas_419.jpg,Edgar_Degas,b16b5ca1029d63be,False
Vincent_van_Gogh_78.jpg,Vincent_van_Gogh,d487b57f0830e758,True
Alfred_Sisley_62.jpg,Alfred_Sisley,cdc0e4307b9d2f07,True
Francisco_Goya_232.jpg,Francisco_Goya,afb6d130d2c9ccc1,True
Albrecht_Dürer_281.jpg,Albrecht_Dürer,c64e0fbc98288bbe,False
Edgar_Degas_272.jpg,Edgar_Degas,eaee3236c49819e6,True
Edgar_Degas_93.jpg,Edgar_Degas,9496437fb8ca0f16,True
Francisco_Goya_289.jpg,Francisco_Goya,87f45837636c8c9a,True
Edgar_Degas_220.jpg,Edgar_Degas,af99c438dcee9442,True
Francisco_Goya_191.jpg,Francisco_Goya,dc64637207f8a077,True
Francisco_Goya_122.jpg,Francisco_Goya,d2934d6a3dc5aa38,True
Paul_Gauguin_269.jpg,Paul_Gauguin,da56c48337f6e4c0,True
Pierre-Auguste_Renoir_187.jpg,Pierre-Auguste_Renoir,997671c46e7b6064,True
Francisco_Goya_87.jpg,Francisco_Goya,c0c13f3d78789c9a,True
Pablo_Picasso_52.jpg,Pablo_Picasso,8f7ab974c0315965,False
Edgar_Degas_205.jpg,Edgar_Degas,8cb3735ccd0b9370,True
Francisco_Goya_84.jpg,Francisco_Goya,faa6c519e65a09e4,True
Pierre-Auguste_Renoir_226.jpg,Pierre-Auguste_Renoir,b46a6aa4cdf412b6,True
Paul_Gauguin_153.jpg,Paul_Gauguin,fad8f8e8e4279502,True
Pierre-Auguste_Renoir_299.jpg,Pierre-Auguste_Renoir,baa743382ed1aca5,True
Vincent_van_Gogh_435.jpg,Vincent_van_Gogh,99baf057d6c444c3,True
Rembrandt_137.jpg,Rembrandt,cc22319f3e9c3b98,True
Vincent_van_Gogh_101.jpg,Vincent_van_Gogh,8c84333bcde1f0b6,True
Vincent_van_Gogh_357.jpg,Vincent_van_Gogh,dc51c91fc6986cd8,True
Paul_Gauguin_163.jpg,Paul_Gauguin,e9064569ae99d729,True
Pablo_Picasso_80.jpg,Pablo_Picasso,e97196969ecd9422,True
Vincent_van_Gogh_199.jpg,Vincent_van_Gogh,da82b13d5c829c6f,True
Vincent_van_Gogh_118.jpg,Vincent_van_Gogh,ecec9f0a238749a9,True
Vincent_van_Gogh_441.jpg,Vincent_van_Gogh,e192c73398d9696c,True
Pierre-Auguste_Renoir_29.jpg,Pierre-Auguste_Renoir,cdf28aa5720d72b8,True
Paul_Gauguin_295.jpg,Paul_Gauguin,e3dc48b1d24baad2,True
Vincent_van_Gogh_328.jpg,Vincent_van_Gogh,8cb7a64b6b19e690,True
Vincent_van_Gogh_225.jpg,Vincent_van_Gogh,f93b9918a28ae565,True
Albrecht_Dürer_69.jpg,Albrecht_Dürer,9042d5edcab122fb,False
Edgar_Degas_316.jpg,Edgar_Degas,b5ca2a37d7ed1208,True
Rembrandt_107.jpg,Rembrandt,d833676c69ccb027,True
Edgar_Degas_596.jpg,Edgar_Degas,b2c3cd30993ec32e,True
Alfred_Sisley_133.jpg,Alfred_Sisley,9cc77f61d028069f,True
Alfred_Sisley_18.jpg,Alfred_Sisley,99998cc4666fc786,True
Francisco_Goya_162.jpg,Francisco_Goya,ccf333cdc23398c1,True
Albrecht_Dürer_220.jpg,Albrecht_Dürer,b2e506e76b9b940c,True
Edgar_Degas_591.jpg,Edgar_Degas,ff1f24f05d211263,True
Francisco_Goya_172.jpg,Francisco_Goya,e21f5d48a0bf0fe0,True
Vincent_van_Gogh_57.jpg,Vincent_van_Gogh,993bc6669c517392,True
Edgar_Degas_163.jpg,Edgar_Degas,ae5f3aa4c0a83747,True
Albrecht_Du╠êrer_10.jpg,Albrecht_Dürer,e8a51296675a725b,False
Albrecht_Dürer_250.jpg,Albrecht_Dürer,a4799d4b62256c9e,True
Edgar_Degas_187.jpg,Edgar_Degas,c1aa9fc5d3cba8c0,True
Pablo_Picasso_410.jpg,Pablo_Picasso,cd123c616c8ce79e,True
Titian_207.jpg,Titian,c84f2fb0676830cf,True
Albrecht_Dürer_292.jpg,Albrecht_Dürer,f9ba85aca7924cc2,False
Vincent_van_Gogh_126.jpg,Vincent_van_Gogh,8f8612b9e7616c2e,True
Vincent_van_Gogh_87.jpg,Vincent_van_Gogh,a4f3d30f598c6493,True
Paul_Gauguin_68.jpg,Paul_Gauguin,fac73594dc682323,True
Paul_Gauguin_306.jpg,Paul_Gauguin,9286e4b41f5acbd4,True
Vincent_van_Gogh_1.jpg,Vincent_van_Gogh,8f1b647963e45926,True
Albrecht_Du╠êrer_128.jpg,Albrecht_Dürer,e1d6993b26c1cc4d,True
Pierre-Auguste_Renoir_311.jpg,Pierre-Auguste_Renoir,e7b88873c7f0dc80,True
Rembrandt_127.jpg,Rembrandt,baba2ceca9baa284,True
Pablo_Picasso_175.jpg,Pablo_Picasso,cebf6208d165b989,True
Albrecht_Dürer_230.jpg,Albrecht_Dürer,9638b097474f9e2c,False
Vincent_van_Gogh_649.jpg,Vincent_van_Gogh,e5e8ab265a905ee1,True
Albrecht_Du╠êrer_169.jpg,Albrecht_Dürer,bb1ed3d86d016466,False
Alfred_Sisley_14.jpg,Alfred_Sisley,918ec7e3f1bc4c0c,True
Rembrandt_116.jpg,Rembrandt,eb9f39702ce46e04,True
Vincent_van_Gogh_579.jpg,Vincent_van_Gogh,ecbc92c62534a3e3,True
Albrecht_Dürer_202.jpg,Albrecht_Dürer,93734e5c9c88d5b1,False
Pablo_Picasso_340.jpg,Pablo_Picasso,c4a1124ea5b5575f,True
Edgar_Degas_315.jpg,Edgar_Degas,e5fcb38bc8861d18,True
Vincent_van_Gogh_650.jpg,Vincent_van_Gogh,da258c936c39e3b4,True
Vincent_van_Gogh_851.jpg,Vincent_van_Gogh,d0d55e982ab71963,True
Vincent_van_Gogh_720.jpg,Vincent_van_Gogh,a6115b393c6cb363,True
Vincent_van_Gogh_462.jpg,Vincent_van_Gogh,ec0f1562e279171e,True
Titian_19.jpg,Titian,84c4e4f1323c3d3f,True
Albrecht_Dürer_219.jpg,Albrecht_Dürer,8044e51d5f4eb97a,True
Edgar_Degas_137.jpg,Edgar_Degas,d95864b4beb1d119,True
Albrecht_Du╠êrer_1.jpg,Albrecht_Dürer,9f7dd0f03c0c7063,False
Albrecht_Du╠êrer_246.jpg,Albrecht_Dürer,f5eca83b7a1a0cd0,False
Edgar_Degas_295.jpg,Edgar_Degas,adfa726088cdd9c2,True
Albrecht_Du╠êrer_25.jpg,Albrecht_Dürer,e48d9b32ce632c8d,False
Edgar_Degas_40.jpg,Edgar_Degas,b3c78858c3279766,False
Titian_124.jpg,Titian,a2b1b15547672dac,True
Edgar_Degas_193.jpg,Edgar_Degas,858c74d9916b1b73,True
Edgar_Degas_122.jpg,Edgar_Degas,af9733c91826f0e1,True
Albrecht_Dürer_179.jpg,Albrecht_Dürer,fc96c149261ed669,False
Vincent_van_Gogh_400.jpg,Vincent_van_Gogh,dec0368f69b4d30c,True
Edgar_Degas_580.jpg,Edgar_Degas,98b9b7646693134e,True
Edgar_Degas_221.jpg,Edgar_Degas,a385c43b39d296e6,True
Edgar_Degas_54.jpg,Edgar_Degas,bbc990a8cc47e15e,True
Vincent_van_Gogh_372.jpg,Vincent_van_Gogh,ffc2ba994570a06c,True
Francisco_Goya_279.jpg,Francisco_Goya,ea6fc51295e5c4c4,True
Pierre-Auguste_Renoir_168.jpg,Pierre-Auguste_Renoir,aa3a8d3d132cee4c,True
Vincent_van_Gogh_810.jpg,Vincent_van_Gogh,99263ad963ce64e1,True
Vincent_van_Gogh_44.jpg,Vincent_van_Gogh,cf91601ab78f06f8,True
Albrecht_Dürer_323.jpg,Albrecht_Dürer,bb6609c9e6b91866,False
Albrecht_Dürer_286.jpg,Albrecht_Dürer,c8ae0558e3f2966b,False
Edgar_Degas_439.jpg,Edgar_Degas,cad5fc2a3333c468,True
Albrecht_Du╠êrer_303.jpg,Albrecht_Dürer,da253026e75e32e6,True
Paul_Gauguin_164.jpg,Paul_Gauguin,8e8a388ce7653dac,True
Pablo_Picasso_6.jpg,Pablo_Picasso,ff96b1ecc3ca8044,True
Pablo_Picasso_57.jpg,Pablo_Picasso,9311d86ae5e587ca,False
Vincent_van_Gogh_137.jpg,Vincent_van_Gogh,ee9198c63368e395,True
Albrecht_Dürer_197.jpg,Albrecht_Dürer,e5a29348cc3277ec,False
Vincent_van_Gogh_515.jpg,Vincent_van_Gogh,cb2e3c177738d8c0,True
Paul_Gauguin_222.jpg,Paul_Gauguin,cc4d3d644e2363bc,True
Paul_Gauguin_25.jpg,Paul_Gauguin,d9e2868da4f4f183,True
Albrecht_Dürer_48.jpg,Albrecht_Dürer,b6f3a2dcc78c460c,True
Pablo_Picasso_262.jpg,Pablo_Picasso,a2a23cfcd9987135,True
Albrecht_Du╠êrer_135.jpg,Albrecht_Dürer,ed6d93b20a83c46d,True
Edgar_Degas_85.jpg,Edgar_Degas,8ace659ecdd0c649,True
Titian_129.jpg,Titian,90ce6a9d66eda306,True
Albrecht_Dürer_262.jpg,Albrecht_Dürer,b3bec515ec5118e4,True
Rembrandt_103.jpg,Rembrandt,8cd87b237386466b,True
Vincent_van_Gogh_624.jpg,Vincent_van_Gogh,c9c392c64c143ff3,True
Vincent_van_Gogh_854.jpg,Vincent_van_Gogh,d37ce5136e89512c,True
Pablo_Picasso_322.jpg,Pablo_Picasso,e9ea9e14230f6497,True
Francisco_Goya_28.jpg,Francisco_Goya,ba6f8552c03cd29d,True
Paul_Gauguin_129.jpg,Paul_Gauguin,f333886c02a9f4d7,True
Paul_Gauguin_52.jpg,Paul_Gauguin,badc81cec3820b7b,True
Vincent_van_Gogh_235.jpg,Vincent_van_Gogh,9dd5a7bb24437085,True
Paul_Gauguin_92.jpg,Paul_Gauguin,f03f1c40afa0e31f,True
Pablo_Picasso_341.jpg,Pablo_Picasso,c1b61fcb728dc0f0,True
Albrecht_Dürer_109.jpg,Albrecht_Dürer,fcc6c369c7389449,False
Alfred_Sisley_46.jpg,Alfred_Sisley,ad36d25bcbc105c6,True
Vincent_van_Gogh_715.jpg,Vincent_van_Gogh,ffc3841f33512346,True
Paul_Gauguin_296.jpg,Paul_Gauguin,f12b9629adca3998,True
Rembrandt_245.jpg,Rembrandt,89aa6696d8699d59,True
Albrecht_Dürer_146.jpg,Albrecht_Dürer,b82a4da141de2dcf,False
Edgar_Degas_121.jpg,Edgar_Degas,acc895b553bba843,True
Pablo_Picasso_46.jpg,Pablo_Picasso,eba0b43bcb4ac18d,True
Pablo_Picasso_199.jpg,Pablo_Picasso,8adc3d61b516e165,True
Paul_Gauguin_63.jpg,Paul_Gauguin,e3b1984ecd949267,True
Vincent_van_Gogh_336.jpg,Vincent_van_Gogh,97498153d3b9d88b,True
Vincent_van_Gogh_743.jpg,Vincent_van_Gogh,a619fe46299975c2,True
Vincent_van_Gogh_48.jpg,Vincent_van_Gogh,a00fc5314bb61ecf,True
Vincent_van_Gogh_159.jpg,Vincent_van_Gogh,b9d1925afaa89583,True
Francisco_Goya_78.jpg,Francisco_Goya,bf27e4c03ac2cc1d,True
Albrecht_Dürer_107.jpg,Albrecht_Dürer,d4f7ba822ccb5d80,False
Francisco_Goya_26.jpg,Francisco_Goya,bf3bc14e90b192cc,True
Titian_131.jpg,Titian,dca92cf67319089d,True
Edgar_Degas_248.jpg,Edgar_Degas,dbf1c09c99476721,True
Edgar_Degas_475.jpg,Edgar_Degas,dca0f1a724384bbd,True
Rembrandt_185.jpg,Rembrandt,eeccb133c43093ce,False
Pablo_Picasso_217.jpg,Pablo_Picasso,da257f11b43e8349,True
Edgar_Degas_628.jpg,Edgar_Degas,d88ea7c0b535c91e,False
Pablo_Picasso_338.jpg,Pablo_Picasso,ede796249092d07b,True
Edgar_Degas_605.jpg,Edgar_Degas,cb9324f0ce0f3ccc,False
Vincent_van_Gogh_356.jpg,Vincent_van_Gogh,c49b6e3b88b20b57,True
Albrecht_Dürer_319.jpg,Albrecht_Dürer,fe98d3e19c26c036,False
Edgar_Degas_515.jpg,Edgar_Degas,eb4abc5c3865da82,True
Pierre-Auguste_Renoir_188.jpg,Pierre-Auguste_Renoir,cd2172a693cacdb8,True
Pablo_Picasso_243.jpg,Pablo_Picasso,efaa30146e9323ba,True
Vincent_van_Gogh_103.jpg,Vincent_van_Gogh,cb9c26793e712564,True
Francisco_Goya_106.jpg,Francisco_Goya,ae3fd11bc4a691c1,True
Rembrandt_9.jpg,Rembrandt,9e2c633379cccc92,True
Vincent_van_Gogh_352.jpg,Vincent_van_Gogh,ac11e71ec897678c,True
Albrecht_Du╠êrer_12.jpg,Albrecht_Dürer,b0a592f64bc41ba7,True
Edgar_Degas_651.jpg,Edgar_Degas,87efe440b4b54ac3,False
Titian_190.jpg,Titian,8dbc39c71ec4ce0a,True
Edgar_Degas_544.jpg,Edgar_Degas,f463e658928c9ec6,True
Francisco_Goya_109.jpg,Francisco_Goya,a3363cc3d271ce1c,True
Alfred_Sisley_172.jpg,Alfred_Sisley,d1ad4c6b31cc4e33,True
Alfred_Sisley_48.jpg,Alfred_Sisley,a1e944308f9b13ef,True
Vincent_van_Gogh_501.jpg,Vincent_van_Gogh,9c4704e967286e7d,True
Vincent_van_Gogh_555.jpg,Vincent_van_Gogh,c9899bd4577a5341,True
Paul_Gauguin_131.jpg,Paul_Gauguin,d9972f4a26da3185,True
Francisco_Goya_244.jpg,Francisco_Goya,ea6a943795cec095,True
Francisco_Goya_275.jpg,Francisco_Goya,f3d88e244b66f831,True
Rembrandt_189.jpg,Rembrandt,e31b3ee0241ef293,True
Pablo_Picasso_65.jpg,Pablo_Picasso,8a9b3dc62771fc80,True
Pierre-Auguste_Renoir_179.jpg,Pierre-Auguste_Renoir,bd426f81cc3d3364,True
Edgar_Degas_648.jpg,Edgar_Degas,f91d5e14b0a687aa,True
Pierre-Auguste_Renoir_140.jpg,Pierre-Auguste_Renoir,89d99891b6b4f0b5,True
Albrecht_Du╠êrer_143.jpg,Albrecht_Dürer,fe30c1fad05a66c8,False
Vincent_van_Gogh_581.jpg,Vincent_van_Gogh,e8fb64c7c394181d,True
Vincent_van_Gogh_416.jpg,Vincent_van_Gogh,d4bf9e33544a9813,True
Vincent_van_Gogh_148.jpg,Vincent_van_Gogh,c6cbe82e0f20ebb4,True
Rembrandt_132.jpg,Rembrandt,c0de3f231ff0071c,True
Pablo_Picasso_239.jpg,Pablo_Picasso,ea35b5f2846ad2a4,True
Alfred_Sisley_151.jpg,Alfred_Sisley,eeb1c14ab4c6d31a,True
Vincent_van_Gogh_237.jpg,Vincent_van_Gogh,bb36944210a2fb9f,True
Alfred_Sisley_120.jpg,Alfred_Sisley,a6d92f43f0976b20,True
Paul_Gauguin_94.jpg,Paul_Gauguin,bfbfc060c0b37384,True
Vincent_van_Gogh_401.jpg,Vincent_van_Gogh,dbda9524a7c23915,False
Alfred_Sisley_13.jpg,Alfred_Sisley,81c37714bc8fc378,True
Titian_83.jpg,Titian,8c3a67b1137ea097,True
Vincent_van_Gogh_243.jpg,Vincent_van_Gogh,cf420ffca469906e,True
Vincent_van_Gogh_498.jpg,Vincent_van_Gogh,9f52a26cf7a06958,True
Vincent_van_Gogh_188.jpg,Vincent_van_Gogh,d4c1732fb6c16c92,True
Albrecht_Du╠êrer_269.jpg,Albrecht_Dürer,c54ab8b50f2fb452,True
Albrecht_Du╠êrer_145.jpg,Albrecht_Dürer,d0df82c88f35b8b8,False
Albrecht_Du╠êrer_203.jpg,Albrecht_Dürer,b9bc1693cccd620e,False
Vincent_van_Gogh_759.jpg,Vincent_van_Gogh,ac4ac2f8d28493fe,True
Pablo_Picasso_35.jpg,Pablo_Picasso,f0586fe328e52d86,True
Rembrandt_120.jpg,Rembrandt,ef94b8c3b125c1d2,True
Titian_204.jpg,Titian,9eac65c3b292c369,True
Vincent_van_Gogh_113.jpg,Vincent_van_Gogh,aedcc113c67019e7,False
Vincent_van_Gogh_209.jpg,Vincent_van_Gogh,a4256e376c9e98cc,True
Vincent_van_Gogh_760.jpg,Vincent_van_Gogh,a791bacac4456763,False
Albrecht_Dürer_188.jpg,Albrecht_Dürer,9afb8780a3ce9217,False
Pablo_Picasso_267.jpg,Pablo_Picasso,fdbc87c33330e064,True
Edgar_Degas_130.jpg,Edgar_Degas,f463d62cb93321a6,True
Rembrandt_78.jpg,Rembrandt,e786385819e3674e,True
Pablo_Picasso_234.jpg,Pablo_Picasso,8e5829d383d64e6d,True
Titian_219.jpg,Titian,83a13879ce9ab2e6,False
Alfred_Sisley_95.jpg,Alfred_Sisley,bcafe408e3926399,True
Francisco_Goya_37.jpg,Francisco_Goya,fb929c69c14692cb,True
Vincent_van_Gogh_97.jpg,Vincent_van_Gogh,911aae6bc5bc5e84,True
Albrecht_Dürer_8.jpg,Albrecht_Dürer,bacec513c636ca61,False
Pierre-Auguste_Renoir_210.jpg,Pierre-Auguste_Renoir,e68b66e433507ca5,True
Alfred_Sisley_124.jpg,Alfred_Sisley,96a15e0fa07e2b9c,True
Paul_Gauguin_301.jpg,Paul_Gauguin,b7788fc3889fd820,True
Titian_220.jpg,Titian,c3a138794e9aa3e6,True
Alfred_Sisley_231.jpg,Alfred_Sisley,d7ea803d63de9821,True
Francisco_Goya_253.jpg,Francisco_Goya,ef3a9165c43891c7,False
Pablo_Picasso_357.jpg,Pablo_Picasso,aca4b25ad11bcb93,True
Francisco_Goya_285.jpg,Francisco_Goya,e7b35978acc44ca4,True
Vincent_van_Gogh_551.jpg,Vincent_van_Gogh,e619886c966b956e,True
Titian_8.jpg,Titian,b968da724415f91d,True
Edgar_Degas_488.jpg,Edgar_Degas,a2c56e93fa58838e,True
Albrecht_Du╠êrer_171.jpg,Albrecht_Dürer,f1a945c412f673e2,False
Rembrandt_84.jpg,Rembrandt,d92afec9227c29c2,False
Paul_Gauguin_28.jpg,Paul_Gauguin,e8b1137e6609f926,True
Titian_91.jpg,Titian,dec88deb32867116,True
Vincent_van_Gogh_233.jpg,Vincent_van_Gogh,d7839d5c1e24923b,True
Pablo_Picasso_193.jpg,Pablo_Picasso,d2da6cf0918f314e,True
Edgar_Degas_145.jpg,Edgar_Degas,85313ac0ffa5b81d,False
Vincent_van_Gogh_503.jpg,Vincent_van_Gogh,92c66f3887a5706d,True
Vincent_van_Gogh_116.jpg,Vincent_van_Gogh,c6c3ae391944e2f6,True
Paul_Gauguin_300.jpg,Paul_Gauguin,d784bcbf35913424,True
Alfred_Sisley_88.jpg,Alfred_Sisley,90c86f37b88e6e98,True
Albrecht_Dürer_99.jpg,Albrecht_Dürer,83a1a367d1261e9f,False
Titian_128.jpg,Titian,8cb4307767534f29,True
Edgar_Degas_604.jpg,Edgar_Degas,dc6c6295ea6e8742,True
Albrecht_Dürer_199.jpg,Albrecht_Dürer,c0daea0b37a4ff80,False
Vincent_van_Gogh_17.jpg,Vincent_van_Gogh,eaa525d2925b9d91,True
Vincent_van_Gogh_395.jpg,Vincent_van_Gogh,f8b2b1a0d3eb4b18,True
Titian_176.jpg,Titian,b61209d7b54d4aea,True
Paul_Gauguin_235.jpg,Paul_Gauguin,b4920cab99dcf8e1,True
Pablo_Picasso_117.jpg,Pablo_Picasso,9c4d6a363233cdc6,True
Edgar_Degas_582.jpg,Edgar_Degas,b1d17b34c813e71a,True
Albrecht_Du╠êrer_315.jpg,Albrecht_Dürer,eac49cca8d368759,False
Albrecht_Dürer_116.jpg,Albrecht_Dürer,9378a668cca48777,False
Albrecht_Dürer_10.jpg,Albrecht_Dürer,e8a51296675a725b,True
Albrecht_Du╠êrer_218.jpg,Albrecht_Dürer,850fb2e4534fd4e8,False
Rembrandt_260.jpg,Rembrandt,ccce3371382ccccd,True
Titian_153.jpg,Titian,c24b4ce7610e3fe2,True
Paul_Gauguin_212.jpg,Paul_Gauguin,eddfb154c0539291,True
Francisco_Goya_136.jpg,Francisco_Goya,ebc3942ec19eca98,True
Edgar_Degas_632.jpg,Edgar_Degas,d59a9abd14c535d0,True
Vincent_van_Gogh_330.jpg,Vincent_van_Gogh,fae511e82a9ee581,True
Albrecht_Du╠êrer_155.jpg,Albrecht_Dürer,c0b487769c4ab1ed,False
Edgar_Degas_494.jpg,Edgar_Degas,fa987cb0a4bb9a84,False
Vincent_van_Gogh_714.jpg,Vincent_van_Gogh,989ec7753d13c581,True
Pierre-Auguste_Renoir_269.jpg,Pierre-Auguste_Renoir,f17ce2073fb00636,True
Albrecht_Dürer_194.jpg,Albrecht_Dürer,ac3cf2308f37b189,False
Albrecht_Du╠êrer_133.jpg,Albrecht_Dürer,d9f1b4c686696195,True
Edgar_Degas_78.jpg,Edgar_Degas,a30794d6127a7b1e,True
Titian_136.jpg,Titian,c6cc69868c197bd6,True
Albrecht_Du╠êrer_83.jpg,Albrecht_Dürer,ebd0ea2db192c46a,True
Pierre-Auguste_Renoir_74.jpg,Pierre-Auguste_Renoir,af7de4def4806012,True
Titian_152.jpg,Titian,e1e75bf810c1e323,True
Albrecht_Du╠êrer_36.jpg,Albrecht_Dürer,fef0a02bcdc4858b,False
Vincent_van_Gogh_319.jpg,Vincent_van_Gogh,c2a2b97d059e3c4b,True
Vincent_van_Gogh_349.jpg,Vincent_van_Gogh,8580be58b56dc96b,True
Pierre-Auguste_Renoir_99.jpg,Pierre-Auguste_Renoir,b3066aaf71813e63,True
Edgar_Degas_190.jpg,Edgar_Degas,b5024ae01dfb863f,True
Albrecht_Dürer_1.jpg,Albrecht_Dürer,9f7dd0f03c0c7063,True
Albrecht_Dürer_161.jpg,Albrecht_Dürer,ca2e35538e56b364,False
Pablo_Picasso_29.jpg,Pablo_Picasso,acab3ada7664060f,True
Albrecht_Dürer_181.jpg,Albrecht_Dürer,c294b1666d897997,True
Edgar_Degas_237.jpg,Edgar_Degas,96c965389996f299,True
Alfred_Sisley_4.jpg,Alfred_Sisley,bcb3809a675a83b5,True
Vincent_van_Gogh_27.jpg,Vincent_van_Gogh,94431bbcc93bc237,True
Pierre-Auguste_Renoir_194.jpg,Pierre-Auguste_Renoir,99bc34ab4336ae51,True
Titian_18.jpg,Titian,c1d2f11b2d2d6e94,True
Alfred_Sisley_16.jpg,Alfred_Sisley,979ce178647d1e06,True
Pablo_Picasso_229.jpg,Pablo_Picasso,ecab5858964f8167,True
Edgar_Degas_57.jpg,Edgar_Degas,d20d61b665eb3c15,True
Pierre-Auguste_Renoir_170.jpg,Pierre-Auguste_Renoir,b42a73b393154f4a,True
Albrecht_Du╠êrer_202.jpg,Albrecht_Dürer,93734e5c9c88d5b1,True
Albrecht_Dürer_65.jpg,Albrecht_Dürer,c6a4987c535fa471,True
Edgar_Degas_114.jpg,Edgar_Degas,f0f24dac30d31f2c,True
Albrecht_Dürer_178.jpg,Albrecht_Dürer,a8330108e6ef33ef,False
Francisco_Goya_290.jpg,Francisco_Goya,d1e68ca53a318b9e,True
Pablo_Picasso_152.jpg,Pablo_Picasso,c281890f3fddbcd0,True
Albrecht_Dürer_49.jpg,Albrecht_Dürer,91660d4be7395c66,False
Pierre-Auguste_Renoir_174.jpg,Pierre-Auguste_Renoir,b4786726b1d2cac3,True
Pablo_Picasso_355.jpg,Pablo_Picasso,c07d26b6171a999d,True
Paul_Gauguin_33.jpg,Paul_Gauguin,e8eecc071cf14f88,True
Edgar_Degas_408.jpg,Edgar_Degas,89d3470db1e11737,False
Vincent_van_Gogh_612.jpg,Vincent_van_Gogh,c7736cac31ccb438,True
Paul_Gauguin_146.jpg,Paul_Gauguin,beace8648477c165,True
Edgar_Degas_179.jpg,Edgar_Degas,e89936649ad6bc89,True
Paul_Gauguin_24.jpg,Paul_Gauguin,b8f7b1ce93c04166,True
Francisco_Goya_282.jpg,Francisco_Goya,c7f074851b1ccc67,True
Titian_107.jpg,Titian,bea999164b633646,True
Vincent_van_Gogh_496.jpg,Vincent_van_Gogh,b4e583d2c3ba4d2c,True
Vincent_van_Gogh_723.jpg,Vincent_van_Gogh,80bd3f6a251e71a5,True
Alfred_Sisley_229.jpg,Alfred_Sisley,f2d5602ee9836c55,True
Titian_31.jpg,Titian,cc8cf0337323d91b,True
Francisco_Goya_86.jpg,Francisco_Goya,ea93846ad13dc4d3,True
Paul_Gauguin_109.jpg,Paul_Gauguin,8173bdb465d540ba,True
Edgar_Degas_312.jpg,Edgar_Degas,ee379011ba39ca69,True
Albrecht_Du╠êrer_165.jpg,Albrecht_Dürer,b3a382d5ee0951f8,False
Alfred_Sisley_144.jpg,Alfred_Sisley,8518eb3fd48378a5,True
Vincent_van_Gogh_314.jpg,Vincent_van_Gogh,9bd2952ca7c31b15,True
Pierre-Auguste_Renoir_3.jpg,Pierre-Auguste_Renoir,914bbe708df5e488,True
Pierre-Auguste_Renoir_28.jpg,Pierre-Auguste_Renoir,935a282f74a6e3d8,True
Francisco_Goya_156.jpg,Francisco_Goya,ce3c3ee29347303c,True
Vincent_van_Gogh_21.jpg,Vincent_van_Gogh,cb6f3464700b16ee,True
Pablo_Picasso_42.jpg,Pablo_Picasso,c9b9c4cd07e43993,True
Francisco_Goya_213.jpg,Francisco_Goya,abb67858d828d678,True
Albrecht_Du╠êrer_137.jpg,Albrecht_Dürer,ed2896d292935b4b,False
Vincent_van_Gogh_152.jpg,Vincent_van_Gogh,f2b3d3c90f0c38ac,True
Vincent_van_Gogh_774.jpg,Vincent_van_Gogh,8436c0c653df69b9,True
Pablo_Picasso_311.jpg,Pablo_Picasso,eac5c72a907ea349,True
Edgar_Degas_112.jpg,Edgar_Degas,f2f2315acc191c57,True
Vincent_van_Gogh_464.jpg,Vincent_van_Gogh,e4b39a0cc9cbb8b1,True
Alfred_Sisley_220.jpg,Alfred_Sisley,c99f082b5b95651b,True
Titian_40.jpg,Titian,8c8c6673f371b183,True
Vincent_van_Gogh_287.jpg,Vincent_van_Gogh,b6cb8cb1915a4727,True
Albrecht_Dürer_207.jpg,Albrecht_Dürer,fee685511b9c0e51,False
Edgar_Degas_561.jpg,Edgar_Degas,be2a5af1a1360739,True
Titian_17.jpg,Titian,c036354c1bb6bd39,True
Vincent_van_Gogh_286.jpg,Vincent_van_Gogh,acb0f08ce69bca0f,False
Vincent_van_Gogh_798.jpg,Vincent_van_Gogh,a3d0fccb8c36d388,True
Edgar_Degas_199.jpg,Edgar_Degas,f9982ce1b2746726,True
Paul_Gauguin_111.jpg,Paul_Gauguin,83ce8d834ef9d270,True
Albrecht_Dürer_304.jpg,Albrecht_Dürer,f9b9c060e0df2d13,True
Vincent_van_Gogh_638.jpg,Vincent_van_Gogh,86c2bd3ddab00a5d,True
Titian_95.jpg,Titian,cc2c3e71276b34d8,True
Paul_Gauguin_311.jpg,Paul_Gauguin,ec791e1ba06da346,True
Pablo_Picasso_236.jpg,Pablo_Picasso,eace2d189391ca3b,True
Vincent_van_Gogh_88.jpg,Vincent_van_Gogh,c0c2c4252d69ef7e,True
Edgar_Degas_185.jpg,Edgar_Degas,bc8f83f1c01cfec0,True
Vincent_van_Gogh_439.jpg,Vincent_van_Gogh,eb36919948cac9d6,True
Albrecht_Du╠êrer_232.jpg,Albrecht_Dürer,8e59e6565aad862a,False
Edgar_Degas_50.jpg,Edgar_Degas,c6e673ac2455c2ba,True
Albrecht_Du╠êrer_64.jpg,Albrecht_Dürer,e3a59712d997228d,False
Paul_Gauguin_193.jpg,Paul_Gauguin,c83b2fb8f680aacc,True
Paul_Gauguin_162.jpg,Paul_Gauguin,996062b1db4ea5da,True
Albrecht_Du╠êrer_60.jpg,Albrecht_Dürer,ea6a95898d85e636,False
Edgar_Degas_170.jpg,Edgar_Degas,a83227d99d3de192,True
Pierre-Auguste_Renoir_135.jpg,Pierre-Auguste_Renoir,a4236a7eb698c8e5,True
Pablo_Picasso_374.jpg,Pablo_Picasso,cab12d52966d9b64,True
Pierre-Auguste_Renoir_181.jpg,Pierre-Auguste_Renoir,ca833d7c3632c88f,True
Alfred_Sisley_140.jpg,Alfred_Sisley,bacea33f433c41a8,True
Pablo_Picasso_87.jpg,Pablo_Picasso,ea8d7232b19998ce,True
Albrecht_Du╠êrer_152.jpg,Albrecht_Dürer,bbccc403c2379a2f,True
Alfred_Sisley_107.jpg,Alfred_Sisley,9c8b67e239a63994,True
Pablo_Picasso_151.jpg,Pablo_Picasso,d2132d4b366fc98c,False
Vincent_van_Gogh_206.jpg,Vincent_van_Gogh,ede484e4f4ce4703,True
Paul_Gauguin_96.jpg,Paul_Gauguin,8a4172ec8d3ad973,True
Albrecht_Dürer_22.jpg,Albrecht_Dürer,d6d5ab88aed15027,True
Paul_Gauguin_115.jpg,Paul_Gauguin,b4a5474bc9f314cc,True
Vincent_van_Gogh_539.jpg,Vincent_van_Gogh,f0d0bf3d20704e5e,True
Vincent_van_Gogh_335.jpg,Vincent_van_Gogh,abaf15c35ccc491c,True
Pierre-Auguste_Renoir_262.jpg,Pierre-Auguste_Renoir,99c9d4623ea27636,True
Albrecht_Du╠êrer_18.jpg,Albrecht_Dürer,a7c0d62f489af41d,False
Edgar_Degas_342.jpg,Edgar_Degas,837eb0334ed87513,True
Vincent_van_Gogh_296.jpg,Vincent_van_Gogh,f8c3e4ce0c0e1f39,True
Paul_Gauguin_303.jpg,Paul_Gauguin,f31658f7ac48492d,True
Edgar_Degas_551.jpg,Edgar_Degas,9d0f72b7b162047c,False
Vincent_van_Gogh_832.jpg,Vincent_van_Gogh,ec92e5c2d31c6c2d,True
Paul_Gauguin_176.jpg,Paul_Gauguin,c5ceeec2e9341833,True
Albrecht_Du╠êrer_68.jpg,Albrecht_Dürer,d320573686e29bd9,True
Vincent_van_Gogh_129.jpg,Vincent_van_Gogh,9222b8d9472f3cf2,True
Pablo_Picasso_363.jpg,Pablo_Picasso,eeee9e81f12824e4,False
Rembrandt_210.jpg,Rembrandt,e23ce6f0bc631287,True
Francisco_Goya_34.jpg,Francisco_Goya,edb732d0d4c2c24b,True
Edgar_Degas_124.jpg,Edgar_Degas,9a6a241ff3ae0731,False
Alfred_Sisley_203.jpg,Alfred_Sisley,8c876312b5ca75bc,True
Titian_85.jpg,Titian,d86c2587b771658c,True
Edgar_Degas_432.jpg,Edgar_Degas,cb948b0fa62664eb,True
Albrecht_Du╠êrer_73.jpg,Albrecht_Dürer,9efda7a2c0919295,False
Albrecht_Du╠êrer_47.jpg,Albrecht_Dürer,e9e49638676d1994,True
Titian_179.jpg,Titian,cc34e467593367a1,True
Pablo_Picasso_30.jpg,Pablo_Picasso,88d53286df60b1ed,True
Vincent_van_Gogh_505.jpg,Vincent_van_Gogh,d47168e2c3176ba5,True
Pablo_Picasso_75.jpg,Pablo_Picasso,ed098666b953d887,True
Pablo_Picasso_198.jpg,Pablo_Picasso,e1e71e601a929f96,True
Francisco_Goya_202.jpg,Francisco_Goya,af2e66c0cc62939d,True
Alfred_Sisley_25.jpg,Alfred_Sisley,99e6c8517e876e18,True
Paul_Gauguin_174.jpg,Paul_Gauguin,c8141f2b70bc8f97,True
Edgar_Degas_660.jpg,Edgar_Degas,a5f24531e94c9c5e,True
Edgar_Degas_211.jpg,Edgar_Degas,9aba61e5c6c69998,True
Pablo_Picasso_160.jpg,Pablo_Picasso,cdb625e50ad82eca,True
Pierre-Auguste_Renoir_4.jpg,Pierre-Auguste_Renoir,933f74e8c9c4ccc2,True
Edgar_Degas_297.jpg,Edgar_Degas,de3ae04f815b8f41,True
Vincent_van_Gogh_852.jpg,Vincent_van_Gogh,aa9fd5c2f231a1e0,True
Francisco_Goya_146.jpg,Francisco_Goya,bf506076c72ed0e1,True
Vincent_van_Gogh_77.jpg,Vincent_van_Gogh,e9a3b0b2cdcfe440,True
Pablo_Picasso_8.jpg,Pablo_Picasso,e5fa6685c3a1dc06,True
Alfred_Sisley_17.jpg,Alfred_Sisley,b534827673c80ff1,True
Paul_Gauguin_242.jpg,Paul_Gauguin,ee11117e65d3b483,True
Vincent_van_Gogh_271.jpg,Vincent_van_Gogh,b3f38c0e4ed3f300,True
Francisco_Goya_22.jpg,Francisco_Goya,d3a42cd35b3c92c3,True
Edgar_Degas_360.jpg,Edgar_Degas,a49591fb9396b4e0,False
Vincent_van_Gogh_513.jpg,Vincent_van_Gogh,bdc092c19a8f9bcc,True
Paul_Gauguin_178.jpg,Paul_Gauguin,ef3fdc1ac34090d1,True
Edgar_Degas_376.jpg,Edgar_Degas,bbd6e4bea4c14823,True
Alfred_Sisley_78.jpg,Alfred_Sisley,ec791b4187605ce7,True
Pablo_Picasso_19.jpg,Pablo_Picasso,d2816d3268cddb3c,True
Alfred_Sisley_79.jpg,Alfred_Sisley,c59a635c89335cab,True
Pablo_Picasso_295.jpg,Pablo_Picasso,ea1eb0c2c59195cf,True
Pablo_Picasso_182.jpg,Pablo_Picasso,cf185ae5248633de,True
Vincent_van_Gogh_52.jpg,Vincent_van_Gogh,994ea6073923e673,True
Albrecht_Du╠êrer_322.jpg,Albrecht_Dürer,bb029a4acd4cee6a,True
Francisco_Goya_88.jpg,Francisco_Goya,ccbc333330c399ce,True
Pablo_Picasso_253.jpg,Pablo_Picasso,d77422cc2d1f710b,True
Edgar_Degas_246.jpg,Edgar_Degas,f99d80ec2416fb92,True
Albrecht_Dürer_290.jpg,Albrecht_Dürer,a6d42186b8cb9d7a,False
Rembrandt_15.jpg,Rembrandt,98d96d66b291d92c,True
Vincent_van_Gogh_849.jpg,Vincent_van_Gogh,c4cf997a17621c4d,True
Pierre-Auguste_Renoir_100.jpg,Pierre-Auguste_Renoir,cf57c6b264d89960,True
Alfred_Sisley_117.jpg,Alfred_Sisley,8d83b45c7a8df10b,True
Alfred_Sisley_55.jpg,Alfred_Sisley,a0929e73b05fd22d,True
Francisco_Goya_242.jpg,Francisco_Goya,f18ecc3336cc3923,True
Pierre-Auguste_Renoir_208.jpg,Pierre-Auguste_Renoir,862f28a07dd3b24f,True
Vincent_van_Gogh_858.jpg,Vincent_van_Gogh,e7b29ce9a05aa30e,True
Pablo_Picasso_86.jpg,Pablo_Picasso,ac5b9b129264e367,True
Alfred_Sisley_114.jpg,Alfred_Sisley,80a94f6e99e239cb,True
Edgar_Degas_693.jpg,Edgar_Degas,869e6683f227d166,True
Vincent_van_Gogh_527.jpg,Vincent_van_Gogh,b934947bcf86c119,True
Edgar_Degas_387.jpg,Edgar_Degas,8a72cd102b7cd3b3,True
Pierre-Auguste_Renoir_222.jpg,Pierre-Auguste_Renoir,f97af6c1c3a18584,True
Paul_Gauguin_305.jpg,Paul_Gauguin,fd24929580efb0ad,True
Pierre-Auguste_Renoir_71.jpg,Pierre-Auguste_Renoir,b8c7d093959cb171,True
Edgar_Degas_141.jpg,Edgar_Degas,f3f09d173050676c,False
Edgar_Degas_64.jpg,Edgar_Degas,90bfe0e3d3d86d04,True
Albrecht_Du╠êrer_312.jpg,Albrecht_Dürer,8781783f9c60f30f,False
Vincent_van_Gogh_839.jpg,Vincent_van_Gogh,b0d0b56349e8ce6e,True
Vincent_van_Gogh_682.jpg,Vincent_van_Gogh,a333d50f7af0a530,True
Paul_Gauguin_133.jpg,Paul_Gauguin,9f4367a43839bc16,True
Francisco_Goya_173.jpg,Francisco_Goya,b2de8d63cc6c5832,True
Vincent_van_Gogh_707.jpg,Vincent_van_Gogh,98b83b0cb76d8b23,True
Francisco_Goya_216.jpg,Francisco_Goya,9938e669916e84f6,True
Albrecht_Du╠êrer_297.jpg,Albrecht_Dürer,a5c4a6a3d94999f4,True
Paul_Gauguin_186.jpg,Paul_Gauguin,eda7c0b50e509dd8,True
Pierre-Auguste_Renoir_116.jpg,Pierre-Auguste_Renoir,c66d2df695929a84,True
Francisco_Goya_151.jpg,Francisco_Goya,ea6f947a85c9b094,True
Albrecht_Dürer_208.jpg,Albrecht_Dürer,e6b3d9d6216c06b2,False
Pablo_Picasso_321.jpg,Pablo_Picasso,cfbf315cc4069293,False
Albrecht_Dürer_266.jpg,Albrecht_Dürer,bae11295a5389acf,True
Pierre-Auguste_Renoir_23.jpg,Pierre-Auguste_Renoir,8a895e7ca01d6d67,True
Vincent_van_Gogh_517.jpg,Vincent_van_Gogh,ee905368c3a0ba7b,True
Edgar_Degas_228.jpg,Edgar_Degas,fd61b5b11ccc8c29,False
Albrecht_Du╠êrer_271.jpg,Albrecht_Dürer,fe9124c89225cb77,True
Francisco_Goya_137.jpg,Francisco_Goya,cd1a3977e2220e6d,True
Vincent_van_Gogh_153.jpg,Vincent_van_Gogh,cb7fa4a4c3593c84,True
Vincent_van_Gogh_220.jpg,Vincent_van_Gogh,c4b597857a4aa599,True
Paul_Gauguin_282.jpg,Paul_Gauguin,f49c92e3699e2469,True
Edgar_Degas_60.jpg,Edgar_Degas,9d3830f70f4176ac,True
Titian_89.jpg,Titian,9c6c69a5379263d1,True
Pablo_Picasso_216.jpg,Pablo_Picasso,ec21e6e63626d2c9,True
Edgar_Degas_486.jpg,Edgar_Degas,dc8c32074b933d6b,True
Vincent_van_Gogh_249.jpg,Vincent_van_Gogh,b218cc67989ce7c3,True
Vincent_van_Gogh_701.jpg,Vincent_van_Gogh,f2a73e6e941090cf,True
Pierre-Auguste_Renoir_143.jpg,Pierre-Auguste_Renoir,9ef0e98724691b53,True
Francisco_Goya_129.jpg,Francisco_Goya,ec70f1479d98c0b6,True
Vincent_van_Gogh_429.jpg,Vincent_van_Gogh,a384f4536f7c0da4,False
Vincent_van_Gogh_380.jpg,Vincent_van_Gogh,add75a0fb1700969,True
Francisco_Goya_31.jpg,Francisco_Goya,f6c2513d8235db4a,True
Titian_246.jpg,Titian,986d69e636723165,True
Edgar_Degas_41.jpg,Edgar_Degas,ab3ab287b683ca0e,True
Paul_Gauguin_307.jpg,Paul_Gauguin,e1dc96ad0a756358,True
Edgar_Degas_453.jpg,Edgar_Degas,beecc8c99933238c,True
Albrecht_Dürer_296.jpg,Albrecht_Dürer,b95b97a495e16858,True
Francisco_Goya_9.jpg,Francisco_Goya,ab6fed9087c5904c,True
Titian_228.jpg,Titian,c1c03e66dd3d2636,True
Edgar_Degas_358.jpg,Edgar_Degas,bdc84530b7c6ccc5,True
Pablo_Picasso_404.jpg,Pablo_Picasso,f9f505260cdb9662,True
Pablo_Picasso_219.jpg,Pablo_Picasso,810f5ee34b6d0778,False
Vincent_van_Gogh_815.jpg,Vincent_van_Gogh,daecb2a97021336d,True
Alfred_Sisley_138.jpg,Alfred_Sisley,d784c165d432fd1a,True
Alfred_Sisley_83.jpg,Alfred_Sisley,f07eec65fbc03088,True
Pablo_Picasso_162.jpg,Pablo_Picasso,a61879c79ef041cb,True
Vincent_van_Gogh_247.jpg,Vincent_van_Gogh,d1fbe38f9cb0a021,True
Vincent_van_Gogh_404.jpg,Vincent_van_Gogh,e9b1961873cde924,False
Pablo_Picasso_370.jpg,Pablo_Picasso,d5126ee5f0169363,True
Pablo_Picasso_281.jpg,Pablo_Picasso,b6066c29c2b5d96d,True
Edgar_Degas_305.jpg,Edgar_Degas,b6b419092f36d2d5,True
Vincent_van_Gogh_63.jpg,Vincent_van_Gogh,9db18ef3284f6116,True
Pablo_Picasso_116.jpg,Pablo_Picasso,e0379bfca203bcc8,True
Pablo_Picasso_37.jpg,Pablo_Picasso,def8209f6da14a38,True
Vincent_van_Gogh_796.jpg,Vincent_van_Gogh,d3b237d8c86d89c4,True
Albrecht_Du╠êrer_52.jpg,Albrecht_Dürer,bb90d483873ef449,True
Pablo_Picasso_221.jpg,Pablo_Picasso,9ccf87347131de06,True
Pierre-Auguste_Renoir_238.jpg,Pierre-Auguste_Renoir,9e192776a36d8c31,True
Vincent_van_Gogh_192.jpg,Vincent_van_Gogh,fbc7e09ec7341809,True
Paul_Gauguin_126.jpg,Paul_Gauguin,afc8468fab372344,True
Albrecht_Du╠êrer_95.jpg,Albrecht_Dürer,cf0fbdb06a6ca130,False
Francisco_Goya_53.jpg,Francisco_Goya,cc9036cf9b32cc99,True
Vincent_van_Gogh_409.jpg,Vincent_van_Gogh,af368cc2b56f04f0,True
Edgar_Degas_493.jpg,Edgar_Degas,bea293bde0ce0632,True
Alfred_Sisley_129.jpg,Alfred_Sisley,8cb7c31d24cb3966,True
Vincent_van_Gogh_60.jpg,Vincent_van_Gogh,ba14a5dbd669d242,True
Albrecht_Dürer_210.jpg,Albrecht_Dürer,cc6cb59e92834b78,True
Edgar_Degas_208.jpg,Edgar_Degas,8b9d3d78b0728947,True
Edgar_Degas_474.jpg,Edgar_Degas,f88f9b3921372670,True
Pierre-Auguste_Renoir_150.jpg,Pierre-Auguste_Renoir,cadd7d23920f8d88,True
Titian_98.jpg,Titian,cb343ae1673c61e4,True
Vincent_van_Gogh_332.jpg,Vincent_van_Gogh,e8bb91c50d4b4aa7,False
Albrecht_Du╠êrer_313.jpg,Albrecht_Dürer,f53958c648ddc9c2,True
Albrecht_Du╠êrer_92.jpg,Albrecht_Dürer,b38cc8bfc6678c21,True
Francisco_Goya_45.jpg,Francisco_Goya,af2dd012c66bb9a4,True
Albrecht_Du╠êrer_142.jpg,Albrecht_Dürer,ea689294b5c5cb63,True
Edgar_Degas_82.jpg,Edgar_Degas,966364c618fac6d3,True
Pablo_Picasso_155.jpg,Pablo_Picasso,aa5553360e796726,True
Paul_Gauguin_278.jpg,Paul_Gauguin,eb35b4c990c39663,True
Edgar_Degas_253.jpg,Edgar_Degas,ba8cd51126eedb11,True
Edgar_Degas_579.jpg,Edgar_Degas,86a2b383cd0e97e9,True
Vincent_van_Gogh_204.jpg,Vincent_van_Gogh,cfc5993beb401c15,True
Paul_Gauguin_246.jpg,Paul_Gauguin,97e83a5781f17a12,True
Albrecht_Du╠êrer_61.jpg,Albrecht_Dürer,ec94114ba79d9365,False
Vincent_van_Gogh_140.jpg,Vincent_van_Gogh,eefa049715c458a7,True
Albrecht_Dürer_101.jpg,Albrecht_Dürer,b6568b72f321f608,False
Vincent_van_Gogh_100.jpg,Vincent_van_Gogh,81c5f1e3871f2e49,True
Vincent_van_Gogh_623.jpg,Vincent_van_Gogh,eab4914bb64a86ce,True
Vincent_van_Gogh_436.jpg,Vincent_van_Gogh,c0074a6b2fbd257c,True
Edgar_Degas_107.jpg,Edgar_Degas,bd979c847a2a29e8,True
Albrecht_Du╠êrer_53.jpg,Albrecht_Dürer,8f9d863e9d1da442,False
Paul_Gauguin_83.jpg,Paul_Gauguin,8ee431a5e71bc61a,True
Albrecht_Dürer_80.jpg,Albrecht_Dürer,a63923e39936996c,False
Titian_205.jpg,Titian,a4a03173ff8707b1,True
Titian_69.jpg,Titian,fcbfdf726220208c,True
Vincent_van_Gogh_877.jpg,Vincent_van_Gogh,b0d1c74e3e70694b,True
Albrecht_Du╠êrer_6.jpg,Albrecht_Dürer,a626059359d9c5d7,False
Paul_Gauguin_73.jpg,Paul_Gauguin,db13e95c82a9d299,True
Vincent_van_Gogh_590.jpg,Vincent_van_Gogh,deb4c1615e9ee181,True
Albrecht_Du╠êrer_240.jpg,Albrecht_Dürer,a4db9b2cd9260cb3,True
Vincent_van_Gogh_689.jpg,Vincent_van_Gogh,d4c9da2a296c9f61,True
Rembrandt_148.jpg,Rembrandt,9ba6339964b65a29,True
Edgar_Degas_655.jpg,Edgar_Degas,8d10137d0fcbc2cf,True
Rembrandt_112.jpg,Rembrandt,e9a79716daaa4911,True
Vincent_van_Gogh_213.jpg,Vincent_van_Gogh,a1b66f6834774760,True
Albrecht_Du╠êrer_132.jpg,Albrecht_Dürer,d882461b5d7a636d,False
Pablo_Picasso_361.jpg,Pablo_Picasso,af6bd41dd038d4e0,True
Edgar_Degas_532.jpg,Edgar_Degas,c369ad643683e3e8,True
Alfred_Sisley_152.jpg,Alfred_Sisley,80a4636cbccf73b8,True
Paul_Gauguin_287.jpg,Paul_Gauguin,be2690d2c689cb6d,True
Paul_Gauguin_237.jpg,Paul_Gauguin,9794ba6a8cc5d193,True
Albrecht_Dürer_264.jpg,Albrecht_Dürer,9b78f086e412f9a5,False
Vincent_van_Gogh_299.jpg,Vincent_van_Gogh,8da2cd59e257708b,False
Vincent_van_Gogh_29.jpg,Vincent_van_Gogh,cef1b679348b2186,True
Pierre-Auguste_Renoir_213.jpg,Pierre-Auguste_Renoir,86023d3ef1358ef2,True
Vincent_van_Gogh_251.jpg,Vincent_van_Gogh,f9fa16c4a981d88e,True
Vincent_van_Gogh_728.jpg,Vincent_van_Gogh,bea4b0685b627687,True
Albrecht_Dürer_193.jpg,Albrecht_Dürer,f2a316ccc93599ca,False
Pablo_Picasso_178.jpg,Pablo_Picasso,cc21966889df63f2,True
Vincent_van_Gogh_79.jpg,Vincent_van_Gogh,84ae9c9297c1b3b5,True
Pablo_Picasso_70.jpg,Pablo_Picasso,c0326f4b919d6ea6,True
Titian_216.jpg,Titian,d33a1cd8e1649e59,True
Edgar_Degas_115.jpg,Edgar_Degas,a71bc3b61d694872,True
Vincent_van_Gogh_526.jpg,Vincent_van_Gogh,a7909acad4c56763,True
Edgar_Degas_384.jpg,Edgar_Degas,e16eccb30e6c9591,True
Edgar_Degas_607.jpg,Edgar_Degas,c0da3f5952468eb9,True
Edgar_Degas_662.jpg,Edgar_Degas,89f30709b8f11737,True
Vincent_van_Gogh_185.jpg,Vincent_van_Gogh,a3b3d8598d90f9d0,True
Albrecht_Dürer_120.jpg,Albrecht_Dürer,daca89da721e6c32,True
Titian_160.jpg,Titian,d4e29d09346d2779,True
Alfred_Sisley_112.jpg,Alfred_Sisley,95aaeb0e3110ede6,True
Vincent_van_Gogh_727.jpg,Vincent_van_Gogh,9582a59fa0a7c85f,True
Rembrandt_52.jpg,Rembrandt,99c866a6b65a8cd9,True
Francisco_Goya_207.jpg,Francisco_Goya,d2364fe03ccd21ce,True
Edgar_Degas_355.jpg,Edgar_Degas,a9e9c79e18f3c302,True
Edgar_Degas_347.jpg,Edgar_Degas,9aa7bee05a358392,False
Pablo_Picasso_377.jpg,Pablo_Picasso,ae33b11cc6298ccf,True
Titian_230.jpg,Titian,b79749b418c13e1e,True
Vincent_van_Gogh_398.jpg,Vincent_van_Gogh,ada426c3f3729199,True
Albrecht_Du╠êrer_81.jpg,Albrecht_Dürer,edd39099126dc39c,False
Pablo_Picasso_364.jpg,Pablo_Picasso,926d6ad14f3e48c3,True
Pierre-Auguste_Renoir_330.jpg,Pierre-Auguste_Renoir,92276f49dd32c89a,True
Albrecht_Dürer_114.jpg,Albrecht_Dürer,982ba92d2fe44771,False
Pablo_Picasso_101.jpg,Pablo_Picasso,e5e35a1c31639837,True
Rembrandt_180.jpg,Rembrandt,99816766f29863d9,True
Francisco_Goya_90.jpg,Francisco_Goya,ee3ad067958c91b1,True
Alfred_Sisley_235.jpg,Alfred_Sisley,c8ebf3b05424b07b,True
Edgar_Degas_672.jpg,Edgar_Degas,cf0eb77391841dc1,False
Pablo_Picasso_269.jpg,Pablo_Picasso,cfbf315cc4069293,True
Albrecht_Dürer_253.jpg,Albrecht_Dürer,d7b3d34c6c15294a,True
Paul_Gauguin_258.jpg,Paul_Gauguin,b9b6b13166054e3e,True
Pierre-Auguste_Renoir_263.jpg,Pierre-Auguste_Renoir,d97c2161dbd01e47,True
Titian_125.jpg,Titian,f4813d70c6273bd8,True
Rembrandt_61.jpg,Rembrandt,8ed453293c72336b,True
Edgar_Degas_592.jpg,Edgar_Degas,def2e1498211d6f4,True
Francisco_Goya_187.jpg,Francisco_Goya,a799922e59b1c66c,True
Alfred_Sisley_8.jpg,Alfred_Sisley,82d5fc500d97726d,True
Pierre-Auguste_Renoir_82.jpg,Pierre-Auguste_Renoir,d4c8236d134e5f0f,True
Pablo_Picasso_413.jpg,Pablo_Picasso,e77886e83163b4a9,True
Vincent_van_Gogh_317.jpg,Vincent_van_Gogh,9fd8c0e7c1b70361,True
Francisco_Goya_170.jpg,Francisco_Goya,9c97e36843d86c96,True
Pablo_Picasso_39.jpg,Pablo_Picasso,b9b2c249583e16e7,True
Pablo_Picasso_407.jpg,Pablo_Picasso,fab1394a650ee3c4,True
Vincent_van_Gogh_655.jpg,Vincent_van_Gogh,b7c6081be434c6f9,True
Titian_66.jpg,Titian,d88dd86727762712,True
Edgar_Degas_147.jpg,Edgar_Degas,8c5c9327ff48c4b4,True
Alfred_Sisley_86.jpg,Alfred_Sisley,d0e33e3dcb38049b,True
Vincent_van_Gogh_687.jpg,Vincent_van_Gogh,cd16cb7a632d2583,True
Rembrandt_227.jpg,Rembrandt,dbbb28ca385c8770,True
Titian_248.jpg,Titian,83bb385c3846663f,True
Pablo_Picasso_307.jpg,Pablo_Picasso,ebe936246564e513,True
Pierre-Auguste_Renoir_89.jpg,Pierre-Auguste_Renoir,efeb60a58b8a9185,True
Pablo_Picasso_133.jpg,Pablo_Picasso,93c1666a692559db,True
Vincent_van_Gogh_863.jpg,Vincent_van_Gogh,ecc8a14b1533faac,True
Francisco_Goya_212.jpg,Francisco_Goya,d9d3260dc973329c,True
Paul_Gauguin_270.jpg,Paul_Gauguin,c92d99c50b2fc39c,True
Edgar_Degas_617.jpg,Edgar_Degas,8995d4e2edf16226,False
Vincent_van_Gogh_6.jpg,Vincent_van_Gogh,89d44659d5764df0,True
Pablo_Picasso_261.jpg,Pablo_Picasso,cc623325e616d99d,True
Edgar_Degas_224.jpg,Edgar_Degas,861abdac1877c58d,True
Francisco_Goya_168.jpg,Francisco_Goya,f4c7b0ac93a84bd2,True
Titian_112.jpg,Titian,c15fa6643a89e11f,True
Edgar_Degas_120.jpg,Edgar_Degas,ab5acc952dd604b6,True
Vincent_van_Gogh_239.jpg,Vincent_van_Gogh,bdf9493572c8a2c4,True
Alfred_Sisley_1.jpg,Alfred_Sisley,c9ebb46cc31ae08d,True
Vincent_van_Gogh_506.jpg,Vincent_van_Gogh,e23995af851ad247,True
Pablo_Picasso_53.jpg,Pablo_Picasso,f2b4854b43b529ce,True
Vincent_van_Gogh_430.jpg,Vincent_van_Gogh,c20bf439f4f239c8,True
Albrecht_Du╠êrer_158.jpg,Albrecht_Dürer,ed6c1992379494cb,False
Rembrandt_113.jpg,Rembrandt,cce318ce719e2770,True
Edgar_Degas_287.jpg,Edgar_Degas,90d25f4756aaaa56,True
Vincent_van_Gogh_846.jpg,Vincent_van_Gogh,a5d2aea5b89c93a4,True
Edgar_Degas_84.jpg,Edgar_Degas,ce345848d11eafc7,True
Albrecht_Du╠êrer_79.jpg,Albrecht_Dürer,a8a6b5039e687dcc,True
Edgar_Degas_162.jpg,Edgar_Degas,a464ce9ef0989bc3,True
Edgar_Degas_455.jpg,Edgar_Degas,98e2d12d0f2b66d3,False
Alfred_Sisley_97.jpg,Alfred_Sisley,e787983c83c34e39,True
Alfred_Sisley_63.jpg,Alfred_Sisley,9581fa7ca013cf3c,True
Vincent_van_Gogh_121.jpg,Vincent_van_Gogh,abd6542fc94996c2,True
Albrecht_Du╠êrer_189.jpg,Albrecht_Dürer,eceb3c822f25e286,False
Francisco_Goya_114.jpg,Francisco_Goya,9964731bb62cc91b,True
Vincent_van_Gogh_837.jpg,Vincent_van_Gogh,9d696670d38b0d3c,False
Albrecht_Du╠êrer_256.jpg,Albrecht_Dürer,f1858e5ab32d52a3,True
Vincent_van_Gogh_690.jpg,Vincent_van_Gogh,b0b393c3cc3c66b4,True
Edgar_Degas_6.jpg,Edgar_Degas,83b73e58368959a5,True
Vincent_van_Gogh_533.jpg,Vincent_van_Gogh,b6b0386c29a36797,True
Edgar_Degas_450.jpg,Edgar_Degas,b4a4919d1a0bdeb3,True
Vincent_van_Gogh_553.jpg,Vincent_van_Gogh,cbcb9034764ac735,True
Paul_Gauguin_150.jpg,Paul_Gauguin,eb37b4e844d1a394,True
Rembrandt_39.jpg,Rembrandt,c1063ef92326dd9c,True
Rembrandt_259.jpg,Rembrandt,d8ec63b2b8ace8a8,True
Vincent_van_Gogh_196.jpg,Vincent_van_Gogh,f39da550cb6d6092,True
Pierre-Auguste_Renoir_103.jpg,Pierre-Auguste_Renoir,d93867f282766a29,True
Vincent_van_Gogh_807.jpg,Vincent_van_Gogh,cad1d5da9a1a2276,True
Edgar_Degas_633.jpg,Edgar_Degas,cc841f7971f7c2c0,False
Francisco_Goya_63.jpg,Francisco_Goya,ee7aa14b94b491c5,True
Vincent_van_Gogh_522.jpg,Vincent_van_Gogh,e73f90ca2743a872,True
Pablo_Picasso_24.jpg,Pablo_Picasso,8747b8399c66d139,True
Titian_2.jpg,Titian,b3b86cb3c0c4fc58,True
Alfred_Sisley_105.jpg,Alfred_Sisley,8fb7784fe2a031c8,True
Vincent_van_Gogh_427.jpg,Vincent_van_Gogh,c381681fd3cbd2e4,True
Vincent_van_Gogh_72.jpg,Vincent_van_Gogh,91bd9053feef2140,True
Edgar_Degas_445.jpg,Edgar_Degas,bb24a6a7c8c2cbd8,True
Vincent_van_Gogh_793.jpg,Vincent_van_Gogh,bdf54285d6c0d09b,True
Paul_Gauguin_283.jpg,Paul_Gauguin,97e5f81b6e03206d,True
Pablo_Picasso_107.jpg,Pablo_Picasso,dcbfa7f0918600d9,True
Pablo_Picasso_240.jpg,Pablo_Picasso,fa39b46358865369,True
Edgar_Degas_363.jpg,Edgar_Degas,d12917f6f00da3f0,True
Vincent_van_Gogh_160.jpg,Vincent_van_Gogh,8d2acd59e25750cb,True
Albrecht_Dürer_288.jpg,Albrecht_Dürer,e9c8c43eb1e61a72,False
Vincent_van_Gogh_3.jpg,Vincent_van_Gogh,be6ec0e10d85da0f,True
Edgar_Degas_398.jpg,Edgar_Degas,e1c41ceb875c31e3,False
Edgar_Degas_529.jpg,Edgar_Degas,9174a7621e8896df,False
Vincent_van_Gogh_866.jpg,Vincent_van_Gogh,c33cd863fc1ac718,True
Vincent_van_Gogh_212.jpg,Vincent_van_Gogh,ba3ec0b94dd1b4a4,True
Vincent_van_Gogh_450.jpg,Vincent_van_Gogh,e04bcdb497a94a59,False
Vincent_van_Gogh_735.jpg,Vincent_van_Gogh,c7f41a71842fd18e,True
Paul_Gauguin_273.jpg,Paul_Gauguin,f371f0f218051eb9,True
Rembrandt_261.jpg,Rembrandt,d84d2666d664ec99,True
Paul_Gauguin_226.jpg,Paul_Gauguin,e0d68f396a8b3962,True
Rembrandt_204.jpg,Rembrandt,8c243373996e996e,True
Titian_182.jpg,Titian,9c9db3621952de64,True
Francisco_Goya_186.jpg,Francisco_Goya,b2b2c949be8e4ec8,True
Vincent_van_Gogh_62.jpg,Vincent_van_Gogh,bb93a4cf98310f31,True
Alfred_Sisley_243.jpg,Alfred_Sisley,c8e59936c22d5bb8,True
Paul_Gauguin_89.jpg,Paul_Gauguin,9d91e990d2567c6c,True
Rembrandt_73.jpg,Rembrandt,c88c3673b38ccccb,True
Rembrandt_207.jpg,Rembrandt,c62cf91ae3923bc1,True
Vincent_van_Gogh_26.jpg,Vincent_van_Gogh,d99e874351683e9c,True
Pierre-Auguste_Renoir_111.jpg,Pierre-Auguste_Renoir,9f99e688f2c4924d,True
Vincent_van_Gogh_180.jpg,Vincent_van_Gogh,c8c8e0e0b8bcbd3d,True
Pablo_Picasso_212.jpg,Pablo_Picasso,e9a7e61e8cd09970,True
Rembrandt_193.jpg,Rembrandt,93b3a64e4556933a,True
Albrecht_Du╠êrer_243.jpg,Albrecht_Dürer,b868c2b5b48fda1a,False
Vincent_van_Gogh_602.jpg,Vincent_van_Gogh,c4c8b5e370d30b9e,True
Pierre-Auguste_Renoir_162.jpg,Pierre-Auguste_Renoir,9cad59c7a32453f0,True
Vincent_van_Gogh_764.jpg,Vincent_van_Gogh,8ec0f53f2e94c529,True
Edgar_Degas_97.jpg,Edgar_Degas,d184cc73c79a7545,False
Albrecht_Dürer_38.jpg,Albrecht_Dürer,cdfea12d8b28c263,False
Albrecht_Dürer_227.jpg,Albrecht_Dürer,bde0e3cfc4111d38,False
Albrecht_Dürer_326.jpg,Albrecht_Dürer,8348d9133fa3dc3c,False
Rembrandt_143.jpg,Rembrandt,cf9c3860c73266cb,True
Alfred_Sisley_121.jpg,Alfred_Sisley,fbc4e47b4ca4704c,True
Pierre-Auguste_Renoir_130.jpg,Pierre-Auguste_Renoir,fb31e44e94d8899c,True
Edgar_Degas_212.jpg,Edgar_Degas,bcd8632383e487f1,True
Edgar_Degas_385.jpg,Edgar_Degas,cd425c3931eee6e0,True
Pierre-Auguste_Renoir_126.jpg,Pierre-Auguste_Renoir,8bb4e0839fcbc8c5,True
Vincent_van_Gogh_257.jpg,Vincent_van_Gogh,82326f5934cbf345,True
Albrecht_Du╠êrer_14.jpg,Albrecht_Dürer,deb3242ed3d0073c,False
Pablo_Picasso_165.jpg,Pablo_Picasso,a0e97eb26114abad,True
Edgar_Degas_269.jpg,Edgar_Degas,ea94af1a6864ca9d,True
Paul_Gauguin_59.jpg,Paul_Gauguin,a9d10e3e4ea9f132,True
Pierre-Auguste_Renoir_280.jpg,Pierre-Auguste_Renoir,97dde060a8d3dc32,True
Pierre-Auguste_Renoir_57.jpg,Pierre-Auguste_Renoir,8d9c6239a73c638d,True
Albrecht_Dürer_20.jpg,Albrecht_Dürer,ee95b062a69e1939,True
Titian_9.jpg,Titian,d0a53e5b47487cb1,True
Alfred_Sisley_20.jpg,Alfred_Sisley,85a67cb8c76438d5,True
Vincent_van_Gogh_601.jpg,Vincent_van_Gogh,d2aff0700fcb9470,True
Vincent_van_Gogh_272.jpg,Vincent_van_Gogh,a9c48ecf3126e473,True
Pierre-Auguste_Renoir_6.jpg,Pierre-Auguste_Renoir,be6df230c196d1c4,True
Albrecht_Du╠êrer_216.jpg,Albrecht_Dürer,a3c996d98c11bc6d,True
Albrecht_Dürer_295.jpg,Albrecht_Dürer,8f0ff0303be93117,True
Edgar_Degas_692.jpg,Edgar_Degas,83b0cea390a8deb7,True
Paul_Gauguin_158.jpg,Paul_Gauguin,fc2ec3c1c3989c4d,True
Edgar_Degas_158.jpg,Edgar_Degas,db334644a5a798d6,True
Edgar_Degas_215.jpg,Edgar_Degas,c53603ab26ca5fe2,False
Alfred_Sisley_139.jpg,Alfred_Sisley,d5cc47709d1d638a,True
Albrecht_Du╠êrer_163.jpg,Albrecht_Dürer,f8a5611ff868c1e2,False
Vincent_van_Gogh_604.jpg,Vincent_van_Gogh,adb8d0d08c4b4bb7,True
Edgar_Degas_436.jpg,Edgar_Degas,d091be6c69d29569,True
Albrecht_Du╠êrer_126.jpg,Albrecht_Dürer,beb5e5028fe1f00c,False
Rembrandt_118.jpg,Rembrandt,fecce933b04e8518,True
Edgar_Degas_174.jpg,Edgar_Degas,f9c98a26d6c19939,False
Edgar_Degas_310.jpg,Edgar_Degas,8c0bb799ca66c14f,True
Edgar_Degas_629.jpg,Edgar_Degas,f2fd8c87478d1c88,False
Albrecht_Dürer_192.jpg,Albrecht_Dürer,b6938c8cc93ec267,True
Francisco_Goya_79.jpg,Francisco_Goya,d08f6872a7e00af7,True
Titian_138.jpg,Titian,dc7362f127cee410,True
Vincent_van_Gogh_50.jpg,Vincent_van_Gogh,fca6f711c8398e60,True
Alfred_Sisley_153.jpg,Alfred_Sisley,96ab2e71d0b8269e,True
Vincent_van_Gogh_318.jpg,Vincent_van_Gogh,f2b2cc931c2769c6,True
Albrecht_Dürer_222.jpg,Albrecht_Dürer,f91ece638362b930,True
Albrecht_Dürer_102.jpg,Albrecht_Dürer,fe9b814ca3379861,True
Vincent_van_Gogh_43.jpg,Vincent_van_Gogh,e16ad97da0417d89,True
Edgar_Degas_480.jpg,Edgar_Degas,aed07f9ec86d808c,True
Edgar_Degas_609.jpg,Edgar_Degas,811dc46ee3cd14f3,True
Albrecht_Dürer_95.jpg,Albrecht_Dürer,cf0fbdb06a6ca130,True
Paul_Gauguin_292.jpg,Paul_Gauguin,8d0dd2f2307e9c3c,True
Albrecht_Du╠êrer_82.jpg,Albrecht_Dürer,a8fe47f39c2404b5,False
Alfred_Sisley_256.jpg,Alfred_Sisley,c5fe2a07c6a907e4,True
Albrecht_Dürer_67.jpg,Albrecht_Dürer,bcbbc0e665ca9c42,False
Edgar_Degas_540.jpg,Edgar_Degas,b5ca8a31417ef58c,True
Edgar_Degas_314.jpg,Edgar_Degas,d49b6a54b7e81295,False
Pierre-Auguste_Renoir_85.jpg,Pierre-Auguste_Renoir,9c65a65abbd065c2,True
Titian_62.jpg,Titian,cd1c788e3334671b,True
Edgar_Degas_576.jpg,Edgar_Degas,9b919736646a6b49,True
Vincent_van_Gogh_833.jpg,Vincent_van_Gogh,bc3d9242cd2b63c5,True
Vincent_van_Gogh_94.jpg,Vincent_van_Gogh,d1151793c6d67869,True
Pablo_Picasso_66.jpg,Pablo_Picasso,d86da7922e943ac9,True
Albrecht_Du╠êrer_288.jpg,Albrecht_Dürer,e9c8c43eb1e61a72,True
Edgar_Degas_331.jpg,Edgar_Degas,9bcf45150ba2cbcc,True
Vincent_van_Gogh_587.jpg,Vincent_van_Gogh,8a91461cf3ce9d63,True
Rembrandt_100.jpg,Rembrandt,cc867331c64f3ccc,True
Edgar_Degas_681.jpg,Edgar_Degas,cba594526b29c5da,False
Edgar_Degas_260.jpg,Edgar_Degas,cc461f3179b7c6c0,False
Alfred_Sisley_74.jpg,Alfred_Sisley,ea0bb59dceb0d02c,True
Paul_Gauguin_231.jpg,Paul_Gauguin,d854c7923a3e55a9,True
Pablo_Picasso_173.jpg,Pablo_Picasso,9b496895a78e4a6d,True
Vincent_van_Gogh_568.jpg,Vincent_van_Gogh,efcf91608f648532,True
Francisco_Goya_159.jpg,Francisco_Goya,a1f95a0626d2d33d,True
Alfred_Sisley_158.jpg,Alfred_Sisley,e1c71c73a79c1067,True
Vincent_van_Gogh_543.jpg,Vincent_van_Gogh,9ae6496c7b12995c,True
Albrecht_Du╠êrer_318.jpg,Albrecht_Dürer,a9291692939dcccf,False
Alfred_Sisley_113.jpg,Alfred_Sisley,97f1c84d36837178,True
Edgar_Degas_643.jpg,Edgar_Degas,8384da2b547ec9f4,False
Rembrandt_139.jpg,Rembrandt,f4c24b16f1a5ce4a,True
Albrecht_Dürer_155.jpg,Albrecht_Dürer,c0b487769c4ab1ed,True
Titian_55.jpg,Titian,cc0e617a93a63c79,True
Edgar_Degas_252.jpg,Edgar_Degas,8ee8b5a76a711d48,True
Edgar_Degas_440.jpg,Edgar_Degas,ba83cd6860fdc30d,True
Albrecht_Du╠êrer_148.jpg,Albrecht_Dürer,fad8a5cac805b327,False
Pablo_Picasso_99.jpg,Pablo_Picasso,c04f3ee8073c3b27,True
Albrecht_Dürer_60.jpg,Albrecht_Dürer,ea6a95898d85e636,True
Albrecht_Du╠êrer_43.jpg,Albrecht_Dürer,a499993e9c792786,False
Francisco_Goya_225.jpg,Francisco_Goya,ce2d33c33c383173,True
Vincent_van_Gogh_216.jpg,Vincent_van_Gogh,a7e2c89ca6b5f114,True
Alfred_Sisley_169.jpg,Alfred_Sisley,8ebe59251c739964,True
Pierre-Auguste_Renoir_78.jpg,Pierre-Auguste_Renoir,a8b07e9594bc23dc,False
Alfred_Sisley_92.jpg,Alfred_Sisley,bac4ee334cca13e8,True
Vincent_van_Gogh_615.jpg,Vincent_van_Gogh,ef58c047df268ab0,True
Albrecht_Dürer_35.jpg,Albrecht_Dürer,9fe1c11ee09c8e66,False
Edgar_Degas_410.jpg,Edgar_Degas,cc1e8666938d1dd9,False
Pablo_Picasso_320.jpg,Pablo_Picasso,eec391356cc683cc,True
Vincent_van_Gogh_267.jpg,Vincent_van_Gogh,f594fae0461f4913,True
Pierre-Auguste_Renoir_317.jpg,Pierre-Auguste_Renoir,aa37a57c85fc84c8,True
Vincent_van_Gogh_112.jpg,Vincent_van_Gogh,aae2e3ccd4960e2b,True
Edgar_Degas_458.jpg,Edgar_Degas,8ccde1a54c763731,False
Albrecht_Du╠êrer_217.jpg,Albrecht_Dürer,c441ef16e8a07eea,False
Paul_Gauguin_98.jpg,Paul_Gauguin,9ed6e6f1c2c4d803,True
Vincent_van_Gogh_325.jpg,Vincent_van_Gogh,ebb48e9292488deb,True
Pablo_Picasso_251.jpg,Pablo_Picasso,b8c887b71719ee48,True
Paul_Gauguin_112.jpg,Paul_Gauguin,e3629e8ff11099c9,True
Pablo_Picasso_256.jpg,Pablo_Picasso,e3f612e24bccd48c,False
Vincent_van_Gogh_125.jpg,Vincent_van_Gogh,eecdcec8f09c1226,False
Vincent_van_Gogh_425.jpg,Vincent_van_Gogh,eade98a9116ae44b,True
Albrecht_Dürer_274.jpg,Albrecht_Dürer,bf85c0e417399ce2,False
Albrecht_Du╠êrer_4.jpg,Albrecht_Dürer,9b036c698e3ea761,False
Pablo_Picasso_351.jpg,Pablo_Picasso,e9f126771ad89099,True
Titian_223.jpg,Titian,d2486de33ab40773,True
Albrecht_Dürer_167.jpg,Albrecht_Dürer,ea9296cd182db366,False
Alfred_Sisley_122.jpg,Alfred_Sisley,91c3dbe69c312cd1,True
Pierre-Auguste_Renoir_244.jpg,Pierre-Auguste_Renoir,cc97327ac7e19087,True
Edgar_Degas_351.jpg,Edgar_Degas,dc82ce878ccc93dc,True
Pierre-Auguste_Renoir_233.jpg,Pierre-Auguste_Renoir,e7a49612e6d3492d,True
Albrecht_Dürer_232.jpg,Albrecht_Dürer,8e59e6565aad862a,True
Titian_195.jpg,Titian,844c1abe2c1af7d9,True
Pierre-Auguste_Renoir_13.jpg,Pierre-Auguste_Renoir,8ce86d07f396e48c,True
Vincent_van_Gogh_389.jpg,Vincent_van_Gogh,dbc8e9206937b296,True
Edgar_Degas_608.jpg,Edgar_Degas,80f7c87e00afd84f,True
Pablo_Picasso_120.jpg,Pablo_Picasso,8ab6f578d7c31448,True
Rembrandt_144.jpg,Rembrandt,a4a55393cfcf1238,True
Pablo_Picasso_313.jpg,Pablo_Picasso,91f553432b875e8c,True
Paul_Gauguin_62.jpg,Paul_Gauguin,b12f8e947b6941ca,True
Edgar_Degas_468.jpg,Edgar_Degas,ba732a31bfa71484,False
Edgar_Degas_265.jpg,Edgar_Degas,af9f982164d849ce,True
Pablo_Picasso_179.jpg,Pablo_Picasso,bce146875ab838d3,True
Paul_Gauguin_128.jpg,Paul_Gauguin,aa5f84967b849179,True
Paul_Gauguin_125.jpg,Paul_Gauguin,d82113ff04cc4dbd,True
Alfred_Sisley_33.jpg,Alfred_Sisley,81dc3a6743bc7a61,True
Edgar_Degas_460.jpg,Edgar_Degas,b3cc8d62f02d1af2,False
Edgar_Degas_465.jpg,Edgar_Degas,9a70cf70924d613f,True
Titian_57.jpg,Titian,8f38b16772cd4949,True
Vincent_van_Gogh_580.jpg,Vincent_van_Gogh,ea9e8bf088247cd3,True
Pablo_Picasso_258.jpg,Pablo_Picasso,dad60f98e635c261,True
Albrecht_Du╠êrer_298.jpg,Albrecht_Dürer,c5bed35c460b54b4,False
Pierre-Auguste_Renoir_18.jpg,Pierre-Auguste_Renoir,b2b28f9dc88f5942,True
Pierre-Auguste_Renoir_84.jpg,Pierre-Auguste_Renoir,bdb4b018e1d2d9a3,True
Edgar_Degas_405.jpg,Edgar_Degas,edab1234b5537294,True
Albrecht_Du╠êrer_178.jpg,Albrecht_Dürer,a8330108e6ef33ef,True
Edgar_Degas_461.jpg,Edgar_Degas,a2bdd4aa92d4cce4,True
Vincent_van_Gogh_361.jpg,Vincent_van_Gogh,f6e612191ce6870f,True
Vincent_van_Gogh_418.jpg,Vincent_van_Gogh,afe57926d0a8945a,True
Vincent_van_Gogh_480.jpg,Vincent_van_Gogh,e8e3a30d3e1ec8c9,True
Paul_Gauguin_220.jpg,Paul_Gauguin,b2e105a7a1e9d4d6,True
Vincent_van_Gogh_223.jpg,Vincent_van_Gogh,bba1c85ee48a71cc,True
Vincent_van_Gogh_157.jpg,Vincent_van_Gogh,b0e7619f24accc2d,True
Edgar_Degas_270.jpg,Edgar_Degas,b98cc6b91641fcca,True
Pablo_Picasso_126.jpg,Pablo_Picasso,f0b56047dabf2458,True
Albrecht_Du╠êrer_46.jpg,Albrecht_Dürer,dd96cd62828cb0f9,True
Pablo_Picasso_387.jpg,Pablo_Picasso,acb04bcddbc66419,True
Albrecht_Dürer_153.jpg,Albrecht_Dürer,ca6aac9553b1aa5a,False
Rembrandt_162.jpg,Rembrandt,f07fc31760d0344f,True
Paul_Gauguin_61.jpg,Paul_Gauguin,9ebc3c92c963e164,True
Albrecht_Du╠êrer_174.jpg,Albrecht_Dürer,e0ee9496593ac98b,False
Albrecht_Du╠êrer_263.jpg,Albrecht_Dürer,90887e7375be901e,True
Edgar_Degas_66.jpg,Edgar_Degas,86d1a73b634af0c5,True
Albrecht_Dürer_9.jpg,Albrecht_Dürer,afec90c27293d839,False
Vincent_van_Gogh_323.jpg,Vincent_van_Gogh,e6e412db4dcb093c,False
Pablo_Picasso_347.jpg,Pablo_Picasso,ee6981ca83adae16,True
Paul_Gauguin_213.jpg,Paul_Gauguin,e218258f88dcddd5,True
Edgar_Degas_43.jpg,Edgar_Degas,fc8ec87cb4f200d3,True
Pierre-Auguste_Renoir_312.jpg,Pierre-Auguste_Renoir,ce92b2b62d2ddc03,True
Rembrandt_253.jpg,Rembrandt,cdf9323074cc893b,True
Vincent_van_Gogh_545.jpg,Vincent_van_Gogh,d23f63c02de04a9f,False
Francisco_Goya_142.jpg,Francisco_Goya,a5d2133949e6867e,True
Francisco_Goya_175.jpg,Francisco_Goya,993165ce3ac29ac7,True
Albrecht_Dürer_294.jpg,Albrecht_Dürer,aee609d9b891b394,False
Pablo_Picasso_12.jpg,Pablo_Picasso,979c781a78c26973,True
Titian_49.jpg,Titian,dc8cdd0073672373,True
Pablo_Picasso_327.jpg,Pablo_Picasso,83c3e714ac62f24f,True
Pierre-Auguste_Renoir_114.jpg,Pierre-Auguste_Renoir,ba3aec11c0bec762,True
Edgar_Degas_539.jpg,Edgar_Degas,d22738a0a59b16fd,True
Titian_169.jpg,Titian,83c738383c5ac7a7,True
Vincent_van_Gogh_457.jpg,Vincent_van_Gogh,e8c9cb0a391f64f2,True
Albrecht_Dürer_13.jpg,Albrecht_Dürer,c4af129674aee6c1,False
Vincent_van_Gogh_829.jpg,Vincent_van_Gogh,c0319f26d9c47dc3,True
Alfred_Sisley_106.jpg,Alfred_Sisley,9cc373fc3e0f0390,True
Vincent_van_Gogh_367.jpg,Vincent_van_Gogh,99992666c6c39cd9,False
Pablo_Picasso_426.jpg,Pablo_Picasso,bf3fd08583cce4c0,True
Edgar_Degas_550.jpg,Edgar_Degas,9d0f72f7b1620478,False
Vincent_van_Gogh_412.jpg,Vincent_van_Gogh,b9d1d70e2688531f,True
Pierre-Auguste_Renoir_189.jpg,Pierre-Auguste_Renoir,fce444d86b275cb0,True
Vincent_van_Gogh_504.jpg,Vincent_van_Gogh,aea770b0bd90cac6,True
Vincent_van_Gogh_91.jpg,Vincent_van_Gogh,c0ab95be90e55669,True
Vincent_van_Gogh_445.jpg,Vincent_van_Gogh,f1ce8f427033c82f,True
Vincent_van_Gogh_514.jpg,Vincent_van_Gogh,c771d98f247849b1,True
Edgar_Degas_476.jpg,Edgar_Degas,877e7c68c4a626e1,True
Albrecht_Du╠êrer_110.jpg,Albrecht_Dürer,c9e48f193712669e,False
Paul_Gauguin_47.jpg,Paul_Gauguin,bf96c0cac06d9539,True
Rembrandt_216.jpg,Rembrandt,e53c3ac33e33c02e,True
Albrecht_Dürer_74.jpg,Albrecht_Dürer,feb2f026a5b09362,False
Albrecht_Du╠êrer_324.jpg,Albrecht_Dürer,e51edac9a069c5d1,True
Albrecht_Du╠êrer_150.jpg,Albrecht_Dürer,a5a3f3e06fa8550c,True
Francisco_Goya_128.jpg,Francisco_Goya,b2c1c9b539c6cc4e,True
Pierre-Auguste_Renoir_274.jpg,Pierre-Auguste_Renoir,a2e0973ed869b18d,True
Vincent_van_Gogh_660.jpg,Vincent_van_Gogh,c30984bab3c1ced7,True
Vincent_van_Gogh_387.jpg,Vincent_van_Gogh,c6e78e1921f08c77,True
Albrecht_Du╠êrer_11.jpg,Albrecht_Dürer,ff17a0c691b8c1e1,True
Vincent_van_Gogh_605.jpg,Vincent_van_Gogh,eea5914a1d44f4cb,True
Titian_97.jpg,Titian,ce998433673373c8,True
Titian_172.jpg,Titian,8830769f3b069d6d,True
Francisco_Goya_194.jpg,Francisco_Goya,883fb4c24f9999c3,True
Vincent_van_Gogh_379.jpg,Vincent_van_Gogh,d0c5f1b3e42552b5,True
Paul_Gauguin_196.jpg,Paul_Gauguin,eadba1389c69d2e0,True
Rembrandt_251.jpg,Rembrandt,897436cd3156c739,True
Pablo_Picasso_291.jpg,Pablo_Picasso,aad086dbe43d7115,False
Rembrandt_25.jpg,Rembrandt,8d88677693c3b86c,True
Paul_Gauguin_229.jpg,Paul_Gauguin,a0b0d1caef943e27,True
Titian_29.jpg,Titian,9fb830935e65918e,True
Albrecht_Dürer_270.jpg,Albrecht_Dürer,e86596c7a6a6a4b4,False
Pablo_Picasso_390.jpg,Pablo_Picasso,d24a6d3783749cd4,True
Albrecht_Du╠êrer_100.jpg,Albrecht_Dürer,cacb5250e5a71d4b,False
Vincent_van_Gogh_818.jpg,Vincent_van_Gogh,e01fe2b80770bc73,True
Pablo_Picasso_1.jpg,Pablo_Picasso,932cf25d9423af32,True
Francisco_Goya_161.jpg,Francisco_Goya,a3d0c60fd832e769,True
Paul_Gauguin_280.jpg,Paul_Gauguin,a2f5bd99c90c1656,True
Pablo_Picasso_84.jpg,Pablo_Picasso,b5b1c7c4c6c63193,True
Francisco_Goya_94.jpg,Francisco_Goya,c30df438f303ce72,True
Pablo_Picasso_324.jpg,Pablo_Picasso,c6b0bbc3f847411d,True
Albrecht_Du╠êrer_16.jpg,Albrecht_Dürer,e0a69ed9c130fb38,True
Rembrandt_99.jpg,Rembrandt,c2da871cec38b34d,True
Vincent_van_Gogh_529.jpg,Vincent_van_Gogh,8485fd97d2192e96,True
Titian_42.jpg,Titian,82b93bc66c6d6b18,True
Francisco_Goya_237.jpg,Francisco_Goya,e28dd97286698d72,True
Alfred_Sisley_111.jpg,Alfred_Sisley,b0a8df372cd0c32e,True
Pablo_Picasso_50.jpg,Pablo_Picasso,a9f1961b912cd26d,True
Edgar_Degas_203.jpg,Edgar_Degas,bac9877aec906b88,False
Paul_Gauguin_281.jpg,Paul_Gauguin,c1f37808e5e15ae3,True
Pablo_Picasso_431.jpg,Pablo_Picasso,aee3719c2c8933a6,True
Edgar_Degas_2.jpg,Edgar_Degas,a5c9c07726366676,True
Vincent_van_Gogh_9.jpg,Vincent_van_Gogh,8ad9aa326a33d2ce,True
Pierre-Auguste_Renoir_200.jpg,Pierre-Auguste_Renoir,c683f23cfdca3109,True
Albrecht_Dürer_108.jpg,Albrecht_Dürer,c713a47ae860f4ec,False
Francisco_Goya_171.jpg,Francisco_Goya,e0e0f03d0f073bf8,True
Edgar_Degas_51.jpg,Edgar_Degas,8e2e33b5e446da32,True
Edgar_Degas_242.jpg,Edgar_Degas,ec1fc76e9c48a151,True
Alfred_Sisley_224.jpg,Alfred_Sisley,989fe339e091738c,True
Paul_Gauguin_169.jpg,Paul_Gauguin,c93e60b472cbac27,True
Alfred_Sisley_94.jpg,Alfred_Sisley,e7f3b688db701904,True
Edgar_Degas_307.jpg,Edgar_Degas,9f9a6474ca9b618c,True
Titian_210.jpg,Titian,d20d0d37f6316d1c,True
Albrecht_Dürer_117.jpg,Albrecht_Dürer,f496c3ce9c199949,True
Pablo_Picasso_225.jpg,Pablo_Picasso,fb15627c9c6133e0,True
Paul_Gauguin_110.jpg,Paul_Gauguin,8fd0f903f159529c,True
Vincent_van_Gogh_339.jpg,Vincent_van_Gogh,bbcd94e388675245,True
Pierre-Auguste_Renoir_117.jpg,Pierre-Auguste_Renoir,964ae0046eefb333,True
Edgar_Degas_71.jpg,Edgar_Degas,aba911cb21d2e6d5,False
Titian_119.jpg,Titian,9b796cb3c418299b,True
Edgar_Degas_500.jpg,Edgar_Degas,df07026dc73661e8,True
Edgar_Degas_345.jpg,Edgar_Degas,f868e787948e9a8c,True
Edgar_Degas_332.jpg,Edgar_Degas,8ece3931e32731cc,True
Albrecht_Dürer_132.jpg,Albrecht_Dürer,d882461b5d7a636d,True
Francisco_Goya_235.jpg,Francisco_Goya,e3919c6a94163b6d,True
Pierre-Auguste_Renoir_120.jpg,Pierre-Auguste_Renoir,898c733e98c31acf,True
Francisco_Goya_4.jpg,Francisco_Goya,c73d1807cf98631d,True
Paul_Gauguin_262.jpg,Paul_Gauguin,8138e1967ea75aa5,True
Vincent_van_Gogh_711.jpg,Vincent_van_Gogh,95ce6321f43b0d63,True
Rembrandt_45.jpg,Rembrandt,cc99336759cd8631,True
Paul_Gauguin_253.jpg,Paul_Gauguin,f1f19e1ca4e80e69,True
Vincent_van_Gogh_222.jpg,Vincent_van_Gogh,cd91d690f096e4ab,True
Edgar_Degas_485.jpg,Edgar_Degas,9b50d5b9f3a64605,True
Titian_34.jpg,Titian,c1998781b6c6673e,True
Albrecht_Dürer_55.jpg,Albrecht_Dürer,f3610c9637795887,True
Pablo_Picasso_114.jpg,Pablo_Picasso,eac5bf214c1ada2c,True
Rembrandt_69.jpg,Rembrandt,ce0a377328dce133,True
Albrecht_Dürer_168.jpg,Albrecht_Dürer,98ada56ccd45d692,False
Vincent_van_Gogh_392.jpg,Vincent_van_Gogh,fdcdd0144a6fb608,True
Pablo_Picasso_205.jpg,Pablo_Picasso,9f63a6138ab5b1a4,True
Pablo_Picasso_233.jpg,Pablo_Picasso,ec4866a2b39b99a9,True
Paul_Gauguin_114.jpg,Paul_Gauguin,c91ce73b846ed162,True
Pablo_Picasso_273.jpg,Pablo_Picasso,a7e1c89786b45a0f,True
Pierre-Auguste_Renoir_16.jpg,Pierre-Auguste_Renoir,d86c273263965b8b,True
Pierre-Auguste_Renoir_134.jpg,Pierre-Auguste_Renoir,cc9798c68fca9474,True
Albrecht_Dürer_310.jpg,Albrecht_Dürer,d61df26549712a66,True
Pablo_Picasso_246.jpg,Pablo_Picasso,a3b0a47ac563f03e,True
Titian_5.jpg,Titian,c89156ced9592e36,True
Albrecht_Du╠êrer_289.jpg,Albrecht_Dürer,edb190c710399f87,False
Vincent_van_Gogh_4.jpg,Vincent_van_Gogh,e8b5d68395da4ad0,True
Paul_Gauguin_69.jpg,Paul_Gauguin,cb0cb474314f73ca,True
Pierre-Auguste_Renoir_163.jpg,Pierre-Auguste_Renoir,a3999c375b31e648,True
Pablo_Picasso_439.jpg,Pablo_Picasso,c5a61e3119ce99e5,True
Pierre-Auguste_Renoir_198.jpg,Pierre-Auguste_Renoir,f82978b24667e623,True
Alfred_Sisley_58.jpg,Alfred_Sisley,e6cc9982b74136e5,True
Francisco_Goya_221.jpg,Francisco_Goya,ea2f9e7ab016c4c8,True
Vincent_van_Gogh_252.jpg,Vincent_van_Gogh,ebd90e32e416b4e1,True
Pierre-Auguste_Renoir_137.jpg,Pierre-Auguste_Renoir,9c2162163fbc718f,True
Edgar_Degas_18.jpg,Edgar_Degas,a0117feb177c508b,True
Francisco_Goya_135.jpg,Francisco_Goya,de21b146cc38c33f,True
Pablo_Picasso_121.jpg,Pablo_Picasso,9d4f67e17390681c,True
Edgar_Degas_443.jpg,Edgar_Degas,81594e6776c1e371,True
Pierre-Auguste_Renoir_94.jpg,Pierre-Auguste_Renoir,f6ce823813676ad4,True
Edgar_Degas_88.jpg,Edgar_Degas,cb813b3a87e33a45,True
Albrecht_Du╠êrer_33.jpg,Albrecht_Dürer,dc45a13cb5f1a296,True
Vincent_van_Gogh_290.jpg,Vincent_van_Gogh,befc81c6b3901f44,True
Albrecht_Dürer_81.jpg,Albrecht_Dürer,edd39099126dc39c,True
Vincent_van_Gogh_552.jpg,Vincent_van_Gogh,82b58aa4da69dc6b,True
Alfred_Sisley_87.jpg,Alfred_Sisley,bfaef8d44a622095,True
Edgar_Degas_264.jpg,Edgar_Degas,b2b0cdf7a542728c,False
Pierre-Auguste_Renoir_92.jpg,Pierre-Auguste_Renoir,cfa5a23652ae3728,True
Vincent_van_Gogh_171.jpg,Vincent_van_Gogh,d92ce4990fe60c6d,True
Pablo_Picasso_284.jpg,Pablo_Picasso,91116f4cd66e8e4d,True
Edgar_Degas_338.jpg,Edgar_Degas,ce94b2e3cb4a584e,True
Alfred_Sisley_218.jpg,Alfred_Sisley,afa71e48a2d1ac5a,True
Vincent_van_Gogh_371.jpg,Vincent_van_Gogh,e2c43f3bc6c09635,True
Vincent_van_Gogh_510.jpg,Vincent_van_Gogh,e69bc9e8c9d49234,True
Edgar_Degas_481.jpg,Edgar_Degas,a82f97438eba7328,True
Edgar_Degas_21.jpg,Edgar_Degas,e19893679e98a363,True
Edgar_Degas_562.jpg,Edgar_Degas,e463cbce4f26d214,True
Paul_Gauguin_141.jpg,Paul_Gauguin,fb94bc63c741c30c,True
Edgar_Degas_20.jpg,Edgar_Degas,a05b22a2dedd49da,False
Pablo_Picasso_228.jpg,Pablo_Picasso,d2322d4b3a6fa19c,True
Pierre-Auguste_Renoir_304.jpg,Pierre-Auguste_Renoir,c457996cc327de30,True
Vincent_van_Gogh_291.jpg,Vincent_van_Gogh,b231954e417ea6b9,True
Titian_80.jpg,Titian,dec91996027bc761,True
Edgar_Degas_449.jpg,Edgar_Degas,afe95a94059179ca,True
Albrecht_Du╠êrer_311.jpg,Albrecht_Dürer,aec9f526c0a7929a,False
Paul_Gauguin_122.jpg,Paul_Gauguin,b4d0c2de58407e7e,True
Edgar_Degas_417.jpg,Edgar_Degas,aab5c1a59adc39b0,True
Albrecht_Du╠êrer_31.jpg,Albrecht_Dürer,aecff09e21d800db,True
Francisco_Goya_13.jpg,Francisco_Goya,c1dea42b8b6cf843,True
Albrecht_Du╠êrer_90.jpg,Albrecht_Dürer,ad0e93246c6bd6b4,False
Vincent_van_Gogh_2.jpg,Vincent_van_Gogh,a5cb9a5865ee1a91,True
Vincent_van_Gogh_645.jpg,Vincent_van_Gogh,9cab32ed864fac30,False
Vincent_van_Gogh_329.jpg,Vincent_van_Gogh,a73b44c58c993bb4,True
Titian_111.jpg,Titian,d3e09b3c9cebc190,True
Pierre-Auguste_Renoir_336.jpg,Pierre-Auguste_Renoir,975a6aa54d264c9b,True
Rembrandt_43.jpg,Rembrandt,f6083be30c39e30f,True
Titian_215.jpg,Titian,dd3e1ec9f1248649,True
Edgar_Degas_90.jpg,Edgar_Degas,9429e816714c377f,True
Francisco_Goya_101.jpg,Francisco_Goya,cd3833436613f399,True
Albrecht_Dürer_242.jpg,Albrecht_Dürer,87eb05bd581fb034,False
Pierre-Auguste_Renoir_101.jpg,Pierre-Auguste_Renoir,8ba5b4db494e352c,True
Rembrandt_65.jpg,Rembrandt,8ca473736b4e8ccc,True
Pierre-Auguste_Renoir_252.jpg,Pierre-Auguste_Renoir,e6ba314594130ff5,True
Rembrandt_115.jpg,Rembrandt,babaefe4b4909190,True
Alfred_Sisley_35.jpg,Alfred_Sisley,a2ddcc1be330bc19,True
Pablo_Picasso_180.jpg,Pablo_Picasso,ac89a133bb1db466,True
Edgar_Degas_470.jpg,Edgar_Degas,c790b80f0676fe8c,True
Paul_Gauguin_255.jpg,Paul_Gauguin,92cde432382c3f9b,True
Pierre-Auguste_Renoir_282.jpg,Pierre-Auguste_Renoir,bdc0167f82757912,True
Edgar_Degas_552.jpg,Edgar_Degas,bf987bab0486d942,True
Vincent_van_Gogh_190.jpg,Vincent_van_Gogh,ac30f00ce67b986f,True
Albrecht_Du╠êrer_19.jpg,Albrecht_Dürer,bdd924da6c17c886,False
Francisco_Goya_192.jpg,Francisco_Goya,c40d2d7813f3694f,True
Albrecht_Du╠êrer_86.jpg,Albrecht_Dürer,b2a60c188f5ef867,True
Titian_102.jpg,Titian,9d182366762b53a7,True
Paul_Gauguin_228.jpg,Paul_Gauguin,8f1f9b60650ad0f9,True
Alfred_Sisley_228.jpg,Alfred_Sisley,da9aa52d5ad22987,True
Vincent_van_Gogh_194.jpg,Vincent_van_Gogh,af54f8e34e348332,True
Albrecht_Du╠êrer_328.jpg,Albrecht_Dürer,bfd4a1e4f2926113,True
Vincent_van_Gogh_487.jpg,Vincent_van_Gogh,d16641693e1e3c6d,True
Vincent_van_Gogh_66.jpg,Vincent_van_Gogh,caad8922da369774,False
Paul_Gauguin_11.jpg,Paul_Gauguin,fadb81ac82969636,True
Vincent_van_Gogh_119.jpg,Vincent_van_Gogh,953bdbb4487394c8,True
Albrecht_Dürer_43.jpg,Albrecht_Dürer,a499993e9c792786,True
Alfred_Sisley_29.jpg,Alfred_Sisley,9a8f422e916bb359,True
Edgar_Degas_198.jpg,Edgar_Degas,8cb7b3286e42e1cd,True
Titian_99.jpg,Titian,c48c3cb2e70fb331,True
Edgar_Degas_368.jpg,Edgar_Degas,dac86c2de127dc32,True
Albrecht_Dürer_189.jpg,Albrecht_Dürer,eceb3c822f25e286,True
Pierre-Auguste_Renoir_34.jpg,Pierre-Auguste_Renoir,ee2fb0939bc48e18,True
Pablo_Picasso_145.jpg,Pablo_Picasso,9a3e14e047856dbd,True
Vincent_van_Gogh_819.jpg,Vincent_van_Gogh,936a16f537807ac3,True
Vincent_van_Gogh_772.jpg,Vincent_van_Gogh,b6c9d94c321253f5,True
Edgar_Degas_284.jpg,Edgar_Degas,ef0e90f8d919e990,True
Titian_82.jpg,Titian,cd59f8a63622678c,True
Francisco_Goya_39.jpg,Francisco_Goya,af3ac4c190b7d1d8,True
Francisco_Goya_64.jpg,Francisco_Goya,e294956a9937ce31,True
Pablo_Picasso_231.jpg,Pablo_Picasso,a6fbd8da8ea80165,True
Alfred_Sisley_226.jpg,Alfred_Sisley,80cf7f0088f75ba5,True
Francisco_Goya_140.jpg,Francisco_Goya,cc383fc0730fe478,True
Francisco_Goya_44.jpg,Francisco_Goya,bf91c066917bc136,True
Paul_Gauguin_194.jpg,Paul_Gauguin,b669c956b2ec13a4,True
Alfred_Sisley_31.jpg,Alfred_Sisley,dcc72b3cc6633cc0,True
Vincent_van_Gogh_640.jpg,Vincent_van_Gogh,974168bee5d8c661,True
Pablo_Picasso_181.jpg,Pablo_Picasso,bf33c807c3c8c4cb,True
Edgar_Degas_373.jpg,Edgar_Degas,8ad0f1bee88989d3,True
Albrecht_Du╠êrer_58.jpg,Albrecht_Dürer,e2b7925e2d60a61b,True
Paul_Gauguin_127.jpg,Paul_Gauguin,eeb01d8e87f880b5,True
Vincent_van_Gogh_470.jpg,Vincent_van_Gogh,b9a185deda0a5c69,True
Pablo_Picasso_59.jpg,Pablo_Picasso,8fa970dca493b447,True
Albrecht_Dürer_19.jpg,Albrecht_Dürer,bdd924da6c17c886,True
Alfred_Sisley_45.jpg,Alfred_Sisley,909f7ca88713a8d7,True
Titian_122.jpg,Titian,d0e1291e0eef62dc,True
Vincent_van_Gogh_402.jpg,Vincent_van_Gogh,d5d2caa8557a2ad2,True
Pablo_Picasso_209.jpg,Pablo_Picasso,f5af8a7849c2c507,True
Titian_224.jpg,Titian,b06564f43dd047cb,True
Edgar_Degas_696.jpg,Edgar_Degas,eba991cb2192e2d5,True
Alfred_Sisley_225.jpg,Alfred_Sisley,93b3645ca76ec017,True
Titian_255.jpg,Titian,ca1d3d303d4c6771,True
Pablo_Picasso_333.jpg,Pablo_Picasso,b86196c7b1931bcc,True
Edgar_Degas_634.jpg,Edgar_Degas,d773ca469199b143,True
Edgar_Degas_556.jpg,Edgar_Degas,ffc11e34639b3448,True
Vincent_van_Gogh_143.jpg,Vincent_van_Gogh,a394a8a6d36f186b,True
Alfred_Sisley_41.jpg,Alfred_Sisley,e6991963f61c9962,True
Pablo_Picasso_83.jpg,Pablo_Picasso,e56c58972be4588d,True
Alfred_Sisley_65.jpg,Alfred_Sisley,8ccff340f6b89862,True
Alfred_Sisley_192.jpg,Alfred_Sisley,d39cf0639dd22871,True
Vincent_van_Gogh_241.jpg,Vincent_van_Gogh,e6d2f4f3c06b4249,True
Pablo_Picasso_129.jpg,Pablo_Picasso,c3a734ac2c733d19,True
Albrecht_Dürer_121.jpg,Albrecht_Dürer,d7a0ae536886f199,False
Vincent_van_Gogh_519.jpg,Vincent_van_Gogh,a2f0dc4fc981e535,True
Francisco_Goya_259.jpg,Francisco_Goya,8b75e09a956a3aa5,True
Albrecht_Dürer_276.jpg,Albrecht_Dürer,8e43a1584bee87bc,False
Pierre-Auguste_Renoir_42.jpg,Pierre-Auguste_Renoir,8829f6e4bcbac19c,True
Pierre-Auguste_Renoir_107.jpg,Pierre-Auguste_Renoir,81af36962994ccbb,True
Rembrandt_138.jpg,Rembrandt,dfc95229cd24d343,True
Albrecht_Du╠êrer_276.jpg,Albrecht_Dürer,8e43a1584bee87bc,True
Albrecht_Du╠êrer_326.jpg,Albrecht_Dürer,8348d9133fa3dc3c,True
Pablo_Picasso_296.jpg,Pablo_Picasso,e3f612e24bccd48c,True
Francisco_Goya_65.jpg,Francisco_Goya,c693b92f4f340c4b,True
Vincent_van_Gogh_726.jpg,Vincent_van_Gogh,b7ecc0cb0dd89c07,True
Rembrandt_97.jpg,Rembrandt,d81966e4398bf23c,True
Pierre-Auguste_Renoir_149.jpg,Pierre-Auguste_Renoir,9aa692cb4f58e686,True
Albrecht_Du╠êrer_319.jpg,Albrecht_Dürer,fe98d3e19c26c036,True
Pablo_Picasso_102.jpg,Pablo_Picasso,d91a74a42d93661f,True
Pablo_Picasso_25.jpg,Pablo_Picasso,c57a3a306d819bcd,True
Vincent_van_Gogh_345.jpg,Vincent_van_Gogh,9a81e46e755b5b14,False
Pablo_Picasso_215.jpg,Pablo_Picasso,83eb4f076870361f,True
Vincent_van_Gogh_705.jpg,Vincent_van_Gogh,8aa6fdf918cca611,True
Edgar_Degas_489.jpg,Edgar_Degas,ba146b92f428c9e7,True
Edgar_Degas_535.jpg,Edgar_Degas,8e385b970ca916f5,True
Albrecht_Du╠êrer_130.jpg,Albrecht_Dürer,e6784ccbcbc3c2d0,False
Vincent_van_Gogh_606.jpg,Vincent_van_Gogh,aec1cb1eb43486e9,True
Edgar_Degas_426.jpg,Edgar_Degas,9fc783c393616163,True
Edgar_Degas_267.jpg,Edgar_Degas,b8901c67e35f65a1,True
Paul_Gauguin_58.jpg,Paul_Gauguin,ace3067ef881cf48,True
Albrecht_Du╠êrer_236.jpg,Albrecht_Dürer,f9c6c79186389a63,False
Pierre-Auguste_Renoir_237.jpg,Pierre-Auguste_Renoir,8f7034cbc38cdc33,True
Edgar_Degas_588.jpg,Edgar_Degas,85c0389d75caf6a5,False
Edgar_Degas_91.jpg,Edgar_Degas,f0562f60972da51e,True
Rembrandt_224.jpg,Rembrandt,919b4c7eb1894fa4,True
Francisco_Goya_228.jpg,Francisco_Goya,df6f6a23298c9928,True
Paul_Gauguin_86.jpg,Paul_Gauguin,a7de7cd2d10c8307,True
Edgar_Degas_12.jpg,Edgar_Degas,dbe28297c1f430b9,False
Titian_193.jpg,Titian,849e39e12f58d647,True
Titian_142.jpg,Titian,9d6622d9c5629f94,True
Albrecht_Dürer_217.jpg,Albrecht_Dürer,c441ef16e8a07eea,True
Edgar_Degas_195.jpg,Edgar_Degas,ca86d66c61835e7c,False
Pablo_Picasso_358.jpg,Pablo_Picasso,c06c37494d33e31f,True
Vincent_van_Gogh_433.jpg,Vincent_van_Gogh,bad8aaa0c9eaa1f8,True
Alfred_Sisley_130.jpg,Alfred_Sisley,e46a3a94c946a7e3,True
Edgar_Degas_597.jpg,Edgar_Degas,897a9d651d24ec53,True
Pierre-Auguste_Renoir_191.jpg,Pierre-Auguste_Renoir,9c6664a736f22387,True
Edgar_Degas_361.jpg,Edgar_Degas,9aa7bee15c740392,True
Paul_Gauguin_216.jpg,Paul_Gauguin,e85a982fb7309e23,True
Vincent_van_Gogh_244.jpg,Vincent_van_Gogh,be9e8770557286c8,True
Albrecht_Du╠êrer_173.jpg,Albrecht_Dürer,ed9222ed920f843f,True
Albrecht_Dürer_156.jpg,Albrecht_Dürer,caa1156592ded29e,False
Edgar_Degas_437.jpg,Edgar_Degas,ef4d31b3522435c3,True
Edgar_Degas_402.jpg,Edgar_Degas,89beb1c8ebc2d0d4,False
Pierre-Auguste_Renoir_231.jpg,Pierre-Auguste_Renoir,9978e7c23c91a68e,True
Pierre-Auguste_Renoir_39.jpg,Pierre-Auguste_Renoir,d70ae98b6f643072,True
Vincent_van_Gogh_801.jpg,Vincent_van_Gogh,ada122f4b52612fe,True
Vincent_van_Gogh_403.jpg,Vincent_van_Gogh,dd2da32723a358f0,True
Francisco_Goya_12.jpg,Francisco_Goya,b8471fb8e1868a79,True
Vincent_van_Gogh_534.jpg,Vincent_van_Gogh,dad2a0252d7dc953,True
Pierre-Auguste_Renoir_97.jpg,Pierre-Auguste_Renoir,ab85b0c795984f6c,True
Rembrandt_37.jpg,Rembrandt,cccc36331327569b,True
Pablo_Picasso_270.jpg,Pablo_Picasso,a4775fb13811369c,False
Rembrandt_202.jpg,Rembrandt,8ccc7373968ccc59,True
Rembrandt_243.jpg,Rembrandt,c3f63e01935e81e3,True
Pablo_Picasso_366.jpg,Pablo_Picasso,fb8a82fa0ad6c50d,True
Pablo_Picasso_23.jpg,Pablo_Picasso,8ea9ab70c0b5b5c3,True
Edgar_Degas_276.jpg,Edgar_Degas,bbcb9d0dd0b18570,True
Vincent_van_Gogh_862.jpg,Vincent_van_Gogh,a0638b9d3ad0af4b,True
Albrecht_Dürer_72.jpg,Albrecht_Dürer,ad934e346710edb2,True
Pablo_Picasso_63.jpg,Pablo_Picasso,fee527949410af54,True
Vincent_van_Gogh_585.jpg,Vincent_van_Gogh,ae404f8fb03ec672,True
Edgar_Degas_61.jpg,Edgar_Degas,dee811a767b4cc12,True
Alfred_Sisley_195.jpg,Alfred_Sisley,b0f4cb2b7434c98b,True
Edgar_Degas_620.jpg,Edgar_Degas,bc9f60f0c19e8395,True
Albrecht_Dürer_159.jpg,Albrecht_Dürer,ab56e437961e8629,True
Rembrandt_23.jpg,Rembrandt,dc8c337333338c9c,True
Francisco_Goya_29.jpg,Francisco_Goya,f1930e4dc31a3d6c,True
Pierre-Auguste_Renoir_7.jpg,Pierre-Auguste_Renoir,d1ca64e4d9519795,True
Paul_Gauguin_259.jpg,Paul_Gauguin,c5e5923a3be4ac4c,True
Vincent_van_Gogh_573.jpg,Vincent_van_Gogh,85d4327a256d2fc6,True
Francisco_Goya_121.jpg,Francisco_Goya,fc4bc395b56038c3,True
Vincent_van_Gogh_831.jpg,Vincent_van_Gogh,adc887b2d986cf48,True
Pierre-Auguste_Renoir_302.jpg,Pierre-Auguste_Renoir,dea924e7281bf384,True
Rembrandt_158.jpg,Rembrandt,85967a61ac966b69,True
Albrecht_Du╠êrer_180.jpg,Albrecht_Dürer,bf2fa96ce062809e,True
Alfred_Sisley_157.jpg,Alfred_Sisley,a8f3e71c4c2eb151,True
Vincent_van_Gogh_386.jpg,Vincent_van_Gogh,c2e6ec9913d328d6,True
Rembrandt_214.jpg,Rembrandt,da6f29926ce9a4b0,True
Albrecht_Dürer_157.jpg,Albrecht_Dürer,bf3fe4b0b0c3c281,True
Paul_Gauguin_79.jpg,Paul_Gauguin,90aea15c2fb6714d,True
Rembrandt_28.jpg,Rembrandt,8c7b71b66acc8436,True
Albrecht_Du╠êrer_108.jpg,Albrecht_Dürer,c713a47ae860f4ec,True
Alfred_Sisley_244.jpg,Alfred_Sisley,90932fc2569cae3e,True
Edgar_Degas_393.jpg,Edgar_Degas,c69595d1656d664a,False
Albrecht_Du╠êrer_191.jpg,Albrecht_Dürer,e4361b49346b4d6e,True
Edgar_Degas_479.jpg,Edgar_Degas,b5fb32c16f60209e,True
Francisco_Goya_287.jpg,Francisco_Goya,fa81839ecd6b3249,True
Albrecht_Dürer_7.jpg,Albrecht_Dürer,d30ebef58cd14858,True
Vincent_van_Gogh_161.jpg,Vincent_van_Gogh,e3159c2a334e1f99,True
Alfred_Sisley_189.jpg,Alfred_Sisley,c8c2f07e7b8e9451,True
Alfred_Sisley_36.jpg,Alfred_Sisley,cb9a362238e70b7c,True
Rembrandt_98.jpg,Rembrandt,c585165a9d1d6667,True
Francisco_Goya_76.jpg,Francisco_Goya,ade55296d4c99931,True
Edgar_Degas_327.jpg,Edgar_Degas,bad28e2d0f0f1e38,True
Pablo_Picasso_401.jpg,Pablo_Picasso,8f7836c3ca4d18cd,True
Vincent_van_Gogh_136.jpg,Vincent_van_Gogh,d1d4be5b4c4c2687,True
Pablo_Picasso_367.jpg,Pablo_Picasso,bd47471e31799870,True
Edgar_Degas_135.jpg,Edgar_Degas,e2e2569de219915b,True
Alfred_Sisley_64.jpg,Alfred_Sisley,b8842e93b53df264,True
Vincent_van_Gogh_594.jpg,Vincent_van_Gogh,bde5c217d5781e40,True
Paul_Gauguin_135.jpg,Paul_Gauguin,e9e9f39511981e16,True
Albrecht_Du╠êrer_94.jpg,Albrecht_Dürer,eea596d398929156,True
Francisco_Goya_120.jpg,Francisco_Goya,bf34c0c3c24e6db1,True
Pierre-Auguste_Renoir_197.jpg,Pierre-Auguste_Renoir,b6cc31c28dcde62c,True
Albrecht_Du╠êrer_252.jpg,Albrecht_Dürer,ee328fc5b816d291,False
Francisco_Goya_56.jpg,Francisco_Goya,ef3f9062871cb0c3,True
Albrecht_Du╠êrer_63.jpg,Albrecht_Dürer,979eac04e171f29c,False
Edgar_Degas_101.jpg,Edgar_Degas,a6ce99b1c397cc0c,True
Pablo_Picasso_429.jpg,Pablo_Picasso,f7695a912ac23b34,True
Vincent_van_Gogh_523.jpg,Vincent_van_Gogh,cbcaf434098bb2f4,True
Francisco_Goya_270.jpg,Francisco_Goya,9fd0264669bb14ce,True
Pierre-Auguste_Renoir_265.jpg,Pierre-Auguste_Renoir,c9ca87b93915b538,True
Paul_Gauguin_53.jpg,Paul_Gauguin,bf878169ec7cc026,True
Edgar_Degas_337.jpg,Edgar_Degas,9b9b2260cd9f13d2,True
Edgar_Degas_541.jpg,Edgar_Degas,ccb976d424f61293,False
Albrecht_Du╠êrer_204.jpg,Albrecht_Dürer,e8cb2db0927c936c,False
Titian_200.jpg,Titian,843072ddd26cc7d9,True
Alfred_Sisley_258.jpg,Alfred_Sisley,b5a3d2da2c251753,True
Pablo_Picasso_33.jpg,Pablo_Picasso,894b13db49f89d0e,True
Albrecht_Du╠êrer_226.jpg,Albrecht_Dürer,bef24b90d989c589,True
Edgar_Degas_555.jpg,Edgar_Degas,882d98d9c54f6ea6,True
Vincent_van_Gogh_215.jpg,Vincent_van_Gogh,95cf832c345533ce,True
Titian_229.jpg,Titian,c01c67b291672fdc,True
Francisco_Goya_200.jpg,Francisco_Goya,d4c0233dd962eeac,True
Edgar_Degas_343.jpg,Edgar_Degas,be9dc1c4a5b6034b,True
Vincent_van_Gogh_309.jpg,Vincent_van_Gogh,c91f346436f036d9,True
Albrecht_Du╠êrer_67.jpg,Albrecht_Dürer,bcbbc0e665ca9c42,True
Edgar_Degas_595.jpg,Edgar_Degas,9ccbc3f864105b9d,True
Titian_115.jpg,Titian,98789c673652ad56,True
Pierre-Auguste_Renoir_65.jpg,Pierre-Auguste_Renoir,c0d27d48e36f38b1,True
Edgar_Degas_364.jpg,Edgar_Degas,aa904f97f92c0787,True
Edgar_Degas_547.jpg,Edgar_Degas,9d0b72b7b1670478,True
Edgar_Degas_610.jpg,Edgar_Degas,a7fa8085d5d9898b,True
Paul_Gauguin_145.jpg,Paul_Gauguin,b8f0b1434f8de6d0,True
Edgar_Degas_111.jpg,Edgar_Degas,ce99e02d9ef2190e,True
Vincent_van_Gogh_617.jpg,Vincent_van_Gogh,fa8c6dd3a49112b6,True
Francisco_Goya_258.jpg,Francisco_Goya,899fc2bc63542dc3,True
Edgar_Degas_548.jpg,Edgar_Degas,d024d74f69bff400,True
Rembrandt_62.jpg,Rembrandt,d9c96666d6960c99,True
Pierre-Auguste_Renoir_102.jpg,Pierre-Auguste_Renoir,9e69a533635c499c,True
Titian_81.jpg,Titian,96cd6a9de5723025,True
Vincent_van_Gogh_575.jpg,Vincent_van_Gogh,da82a56d4a933d6c,True
Vincent_van_Gogh_70.jpg,Vincent_van_Gogh,cb1c1f4f64703ec1,True
Edgar_Degas_366.jpg,Edgar_Degas,8cb673a4d4b4ec25,True
Albrecht_Du╠êrer_188.jpg,Albrecht_Dürer,9afb8780a3ce9217,True
Vincent_van_Gogh_344.jpg,Vincent_van_Gogh,cb9df6e0894632d1,True
Alfred_Sisley_77.jpg,Alfred_Sisley,929ab665b59922b9,True
Vincent_van_Gogh_556.jpg,Vincent_van_Gogh,ddeec0413fb4a443,True
Edgar_Degas_622.jpg,Edgar_Degas,8136aba9a2ca5fe2,True
Albrecht_Du╠êrer_77.jpg,Albrecht_Dürer,a6f1b24215dfc272,False
Francisco_Goya_167.jpg,Francisco_Goya,c51bb8c46a27ec3c,True
Edgar_Degas_285.jpg,Edgar_Degas,b49fc0331fe20e39,True
Pierre-Auguste_Renoir_284.jpg,Pierre-Auguste_Renoir,f9e9a4878e31874c,True
Paul_Gauguin_74.jpg,Paul_Gauguin,db720c6de042353f,True
Vincent_van_Gogh_141.jpg,Vincent_van_Gogh,8b7a3583b5cc18ba,True
Vincent_van_Gogh_511.jpg,Vincent_van_Gogh,fa49c62ea6f0cb0a,True
Albrecht_Dürer_164.jpg,Albrecht_Dürer,b1c7cc732798c073,False
Vincent_van_Gogh_64.jpg,Vincent_van_Gogh,aed3281e732486f3,True
Edgar_Degas_7.jpg,Edgar_Degas,afefe440b4a5c283,False
Edgar_Degas_240.jpg,Edgar_Degas,c27890326ddc3b1f,True
Edgar_Degas_380.jpg,Edgar_Degas,cca878d0e6db860f,True
Francisco_Goya_205.jpg,Francisco_Goya,e50ecc3193f1ce2c,True
Francisco_Goya_245.jpg,Francisco_Goya,ea5a946f91b09497,True
Paul_Gauguin_84.jpg,Paul_Gauguin,ba3dc0608d9731cf,True
Pierre-Auguste_Renoir_91.jpg,Pierre-Auguste_Renoir,e83231e746999376,True
Pablo_Picasso_190.jpg,Pablo_Picasso,add1533095c53e8e,True
Albrecht_Du╠êrer_107.jpg,Albrecht_Dürer,d4f7ba822ccb5d80,True
Albrecht_Du╠êrer_301.jpg,Albrecht_Dürer,c024f7c887d83c7b,True
Pierre-Auguste_Renoir_14.jpg,Pierre-Auguste_Renoir,9ab2d2e5e520d38b,True
Vincent_van_Gogh_843.jpg,Vincent_van_Gogh,90e9e24747ecae2a,True
Rembrandt_240.jpg,Rembrandt,f9c12626cad99935,True
Vincent_van_Gogh_656.jpg,Vincent_van_Gogh,a7f6be04240e67ca,True
Titian_48.jpg,Titian,8cdc0e2a63377359,True
Vincent_van_Gogh_295.jpg,Vincent_van_Gogh,9be6e0505b9fe290,True
Rembrandt_178.jpg,Rembrandt,8ca139937398cece,True
Vincent_van_Gogh_333.jpg,Vincent_van_Gogh,d7906e4c73c0e927,True
Vincent_van_Gogh_827.jpg,Vincent_van_Gogh,ba38c9638787c6ca,True
Rembrandt_248.jpg,Rembrandt,964b6fa951a51c74,True
Edgar_Degas_175.jpg,Edgar_Degas,ecc828dc5bcfcc84,True
Paul_Gauguin_243.jpg,Paul_Gauguin,f8a72ff865584382,True
Edgar_Degas_119.jpg,Edgar_Degas,f2c788504327be67,True
Paul_Gauguin_144.jpg,Paul_Gauguin,beb1c5c19c22497e,True
Edgar_Degas_575.jpg,Edgar_Degas,ac39d38ce4937683,False
Edgar_Degas_5.jpg,Edgar_Degas,e8a0351f93989b3b,False
Pierre-Auguste_Renoir_105.jpg,Pierre-Auguste_Renoir,d1c917b7648e3a89,True
Titian_177.jpg,Titian,bb700cc77278dc07,False
Albrecht_Du╠êrer_321.jpg,Albrecht_Dürer,ea91a567c54ad22d,True
Vincent_van_Gogh_354.jpg,Vincent_van_Gogh,865d5728579c93ac,True
Alfred_Sisley_50.jpg,Alfred_Sisley,cab50f6618e5fa06,True
Albrecht_Du╠êrer_98.jpg,Albrecht_Dürer,9b4e0ed22d3de198,False
Edgar_Degas_377.jpg,Edgar_Degas,dac8cab395d13135,True
Rembrandt_27.jpg,Rembrandt,8cceced979313134,True
Pierre-Auguste_Renoir_66.jpg,Pierre-Auguste_Renoir,f7e2a6a606167827,True
Pierre-Auguste_Renoir_307.jpg,Pierre-Auguste_Renoir,d3ed2cd20a8de326,True
Vincent_van_Gogh_240.jpg,Vincent_van_Gogh,a19e612bbce13e61,True
Pierre-Auguste_Renoir_184.jpg,Pierre-Auguste_Renoir,816f20f34b4fd638,True
Edgar_Degas_563.jpg,Edgar_Degas,b118993659c9cece,True
Francisco_Goya_227.jpg,Francisco_Goya,cccd33168c677338,True
Pierre-Auguste_Renoir_185.jpg,Pierre-Auguste_Renoir,eac159472426b67b,True
Pablo_Picasso_310.jpg,Pablo_Picasso,eab71d8c7363184c,True
Albrecht_Dürer_287.jpg,Albrecht_Dürer,898fc768f064dd31,True
Vincent_van_Gogh_578.jpg,Vincent_van_Gogh,9891634d1b9f1d35,True
Titian_108.jpg,Titian,ac5ca335697235c3,True
Vincent_van_Gogh_713.jpg,Vincent_van_Gogh,b68fc456f9204bb4,True
Albrecht_Du╠êrer_175.jpg,Albrecht_Dürer,850f73e04f6f6921,False
Albrecht_Dürer_61.jpg,Albrecht_Dürer,ec94114ba79d9365,True
Vincent_van_Gogh_428.jpg,Vincent_van_Gogh,c8b5d206728b5ed3,True
Vincent_van_Gogh_375.jpg,Vincent_van_Gogh,a2a6e9cc1c33e87c,True
Alfred_Sisley_85.jpg,Alfred_Sisley,fc868338785767a8,True
Vincent_van_Gogh_313.jpg,Vincent_van_Gogh,9c4ee7317862925e,True
Albrecht_Dürer_118.jpg,Albrecht_Dürer,868e3969f9c296d2,False
Pablo_Picasso_138.jpg,Pablo_Picasso,c82e3491cb59b567,True
Edgar_Degas_462.jpg,Edgar_Degas,daa53758c42f10fc,True
Alfred_Sisley_222.jpg,Alfred_Sisley,c4ce9bc9b23276e0,True
Rembrandt_145.jpg,Rembrandt,c72ec9333813b45b,True
Francisco_Goya_103.jpg,Francisco_Goya,eed9f524c4891267,True
Alfred_Sisley_159.jpg,Alfred_Sisley,92b7c3c9ac565b14,True
Vincent_van_Gogh_179.jpg,Vincent_van_Gogh,b9811ed686d8d939,True
Francisco_Goya_42.jpg,Francisco_Goya,ef2790da8e9498d1,True
Vincent_van_Gogh_550.jpg,Vincent_van_Gogh,c74761349e9c7263,False
Albrecht_Dürer_285.jpg,Albrecht_Dürer,ffb2848de658b02a,True
Vincent_van_Gogh_102.jpg,Vincent_van_Gogh,c1819584b697a67f,True
Titian_171.jpg,Titian,997056b96396e06d,True
Vincent_van_Gogh_374.jpg,Vincent_van_Gogh,e6d25b2ba1613653,True
Edgar_Degas_577.jpg,Edgar_Degas,bc92c3e6c02e333e,True
Vincent_van_Gogh_284.jpg,Vincent_van_Gogh,acedc29718085afb,True
Edgar_Degas_176.jpg,Edgar_Degas,adb72924929c7633,True
Vincent_van_Gogh_809.jpg,Vincent_van_Gogh,bab0c17b51cc9ec8,True
Edgar_Degas_438.jpg,Edgar_Degas,d10d6cda9b139ea4,False
Albrecht_Dürer_320.jpg,Albrecht_Dürer,bec3d83ae02cc34d,False
Vincent_van_Gogh_729.jpg,Vincent_van_Gogh,f3b11ff981c7008e,True
Albrecht_Dürer_165.jpg,Albrecht_Dürer,b3a382d5ee0951f8,True
Titian_64.jpg,Titian,8d9931622776ce63,True
Pablo_Picasso_422.jpg,Pablo_Picasso,a4775fb13811369c,True
Titian_120.jpg,Titian,851c3f726b44d335,True
Vincent_van_Gogh_408.jpg,Vincent_van_Gogh,fef94ac4c3039d0c,True
Vincent_van_Gogh_704.jpg,Vincent_van_Gogh,bd44c0cd875a3f89,True
Edgar_Degas_507.jpg,Edgar_Degas,ecc60f4e9d31c28e,True
Edgar_Degas_391.jpg,Edgar_Degas,f00ee3f88693bc07,True
Vincent_van_Gogh_813.jpg,Vincent_van_Gogh,91e0cff0c34e2997,True
Pablo_Picasso_172.jpg,Pablo_Picasso,a87a638617319be3,True
Albrecht_Du╠êrer_211.jpg,Albrecht_Dürer,bef09c236e89f106,True
Pablo_Picasso_318.jpg,Pablo_Picasso,9e6a696466c68eca,True
Vincent_van_Gogh_92.jpg,Vincent_van_Gogh,dceec2153831ee83,False
Albrecht_Du╠êrer_41.jpg,Albrecht_Dürer,bebcc1c2b9f80703,False
Titian_92.jpg,Titian,fa86c114f87c0f66,True
Titian_170.jpg,Titian,e69c4bf934da0436,True
Paul_Gauguin_236.jpg,Paul_Gauguin,9b6baefcf8a004c8,True
Vincent_van_Gogh_28.jpg,Vincent_van_Gogh,e6a414dbda84ddc2,True
Alfred_Sisley_201.jpg,Alfred_Sisley,c1e2f3dc31f51816,True
Vincent_van_Gogh_479.jpg,Vincent_van_Gogh,83b7cee849f77004,True
Edgar_Degas_172.jpg,Edgar_Degas,877e1d1252e5a91d,True
Edgar_Degas_512.jpg,Edgar_Degas,bef44b3fd18440c6,True
Francisco_Goya_286.jpg,Francisco_Goya,988ce7f2ccee6241,True
Rembrandt_31.jpg,Rembrandt,9ccc3133668e9c6d,True
Vincent_van_Gogh_583.jpg,Vincent_van_Gogh,a7f3d84ca813c16d,True
Vincent_van_Gogh_633.jpg,Vincent_van_Gogh,ea89a73f379ad800,True
Rembrandt_79.jpg,Rembrandt,dd073c600ffb8866,True
Edgar_Degas_587.jpg,Edgar_Degas,fabdd6616bc68018,True
Albrecht_Du╠êrer_156.jpg,Albrecht_Dürer,caa1156592ded29e,True
Alfred_Sisley_178.jpg,Alfred_Sisley,d58e780295eb0d97,True
Vincent_van_Gogh_817.jpg,Vincent_van_Gogh,bcbc99c9684949e9,True
Vincent_van_Gogh_65.jpg,Vincent_van_Gogh,9081e4ee7d5b5b14,True
Paul_Gauguin_76.jpg,Paul_Gauguin,e6e4593966e64ac2,True
Vincent_van_Gogh_766.jpg,Vincent_van_Gogh,d8036779c69cf388,True
Titian_167.jpg,Titian,9a6c2565deb819c3,True
Titian_243.jpg,Titian,90e56432334d5f2f,True
Alfred_Sisley_135.jpg,Alfred_Sisley,ea5a95a53d6185cc,True
Edgar_Degas_448.jpg,Edgar_Degas,df79c0062f1d1c39,True
Pierre-Auguste_Renoir_248.jpg,Pierre-Auguste_Renoir,a72ad5c2cc855bb2,True
Rembrandt_177.jpg,Rembrandt,c4671b8cf3cc0e71,True
Albrecht_Dürer_96.jpg,Albrecht_Dürer,f41b83c978850fce,True
Titian_194.jpg,Titian,b864699b3667c079,True
Edgar_Degas_379.jpg,Edgar_Degas,d3e3129fc9498c56,True
Rembrandt_194.jpg,Rembrandt,c05a2f17ca3c3e33,True
Vincent_van_Gogh_298.jpg,Vincent_van_Gogh,fd13624c0df3192d,True
Albrecht_Du╠êrer_294.jpg,Albrecht_Dürer,aee609d9b891b394,True
Rembrandt_92.jpg,Rembrandt,9a33ec2dc192927b,True
Francisco_Goya_189.jpg,Francisco_Goya,fa3e846b9591d08d,True
Titian_105.jpg,Titian,86b96ef391c91e24,True
Albrecht_Dürer_23.jpg,Albrecht_Dürer,ca4a85b87ab429f9,False
Pablo_Picasso_48.jpg,Pablo_Picasso,d3dcf30d28a5e883,True
Pierre-Auguste_Renoir_46.jpg,Pierre-Auguste_Renoir,d15922e152a6ef27,True
Vincent_van_Gogh_532.jpg,Vincent_van_Gogh,96a390ca4762eafc,True
Edgar_Degas_625.jpg,Edgar_Degas,e298cd978687adc8,False
Paul_Gauguin_227.jpg,Paul_Gauguin,cf833a27688b8bb2,True
Pablo_Picasso_275.jpg,Pablo_Picasso,b31a686464ef962d,True
Pablo_Picasso_303.jpg,Pablo_Picasso,c06907273d3eb95c,True
Albrecht_Du╠êrer_176.jpg,Albrecht_Dürer,eca5935ae156a459,True
Pablo_Picasso_192.jpg,Pablo_Picasso,d14afe78a5162276,True
Vincent_van_Gogh_139.jpg,Vincent_van_Gogh,abd695c919219772,True
Pierre-Auguste_Renoir_157.jpg,Pierre-Auguste_Renoir,ecacf49881d1cace,True
Albrecht_Du╠êrer_212.jpg,Albrecht_Dürer,c44e85b87ab429f9,False
Rembrandt_11.jpg,Rembrandt,cccd3332cc899bc6,True
Titian_116.jpg,Titian,be97520929753173,True
Alfred_Sisley_193.jpg,Alfred_Sisley,acab17500be53dc6,True
Vincent_van_Gogh_81.jpg,Vincent_van_Gogh,dad276610d7ec861,True
Paul_Gauguin_289.jpg,Paul_Gauguin,d4caaa3ca7178157,True
Edgar_Degas_73.jpg,Edgar_Degas,aaabc31b42c8f999,True
Vincent_van_Gogh_382.jpg,Vincent_van_Gogh,fae2878d9450b98d,True
Vincent_van_Gogh_600.jpg,Vincent_van_Gogh,ece0eb2e1b91dac0,True
Paul_Gauguin_120.jpg,Paul_Gauguin,cfe0f08fc81a39c6,True
Titian_214.jpg,Titian,c03d9ec8f133c9b4,True
Francisco_Goya_176.jpg,Francisco_Goya,bf1fc06ec16a85c1,True
Vincent_van_Gogh_662.jpg,Vincent_van_Gogh,bb64679edc09906c,True
Pierre-Auguste_Renoir_180.jpg,Pierre-Auguste_Renoir,a9f43b5c0bc1b623,True
Vincent_van_Gogh_193.jpg,Vincent_van_Gogh,aba68678907bce1c,True
Pablo_Picasso_47.jpg,Pablo_Picasso,f9891672628b99d9,False
Alfred_Sisley_49.jpg,Alfred_Sisley,a6bbc9083ce6f30a,True
Titian_47.jpg,Titian,a89fc9966b623662,True
Pablo_Picasso_369.jpg,Pablo_Picasso,af5942fb4344a64e,True
Pablo_Picasso_337.jpg,Pablo_Picasso,9bfae2c51c4ac526,True
Edgar_Degas_601.jpg,Edgar_Degas,ebbf1240a1abac6c,False
Edgar_Degas_116.jpg,Edgar_Degas,c0f3e069972cde23,True
Pierre-Auguste_Renoir_240.jpg,Pierre-Auguste_Renoir,cec8c7f64cf09921,True
Edgar_Degas_635.jpg,Edgar_Degas,fc9b70604671c75c,False
Pierre-Auguste_Renoir_141.jpg,Pierre-Auguste_Renoir,fb3be4eab09141a2,False
Vincent_van_Gogh_242.jpg,Vincent_van_Gogh,c1595b66ec672741,True
Francisco_Goya_73.jpg,Francisco_Goya,998236796c61797a,True
Titian_26.jpg,Titian,c2c786bc1b19c8f6,True
Alfred_Sisley_98.jpg,Alfred_Sisley,d19cbc62817ea13d,True
Francisco_Goya_157.jpg,Francisco_Goya,f191cece488c73b2,True
Albrecht_Dürer_175.jpg,Albrecht_Dürer,850f73e04f6f6921,True
Vincent_van_Gogh_385.jpg,Vincent_van_Gogh,a3909eece1c5daa2,True
Vincent_van_Gogh_663.jpg,Vincent_van_Gogh,beb61570d940d92d,True
Edgar_Degas_424.jpg,Edgar_Degas,d086a698bee31dcc,True
Vincent_van_Gogh_42.jpg,Vincent_van_Gogh,d0c0ded40635adaf,False
Pierre-Auguste_Renoir_249.jpg,Pierre-Auguste_Renoir,a22abfb4c8c2ef0a,True
Pierre-Auguste_Renoir_152.jpg,Pierre-Auguste_Renoir,b8bf142fe4c45aa8,True
Alfred_Sisley_143.jpg,Alfred_Sisley,d095872ba87b15b5,True
Pierre-Auguste_Renoir_172.jpg,Pierre-Auguste_Renoir,a13335cfce909ac3,True
Vincent_van_Gogh_448.jpg,Vincent_van_Gogh,f2d41767f807423a,True
Alfred_Sisley_209.jpg,Alfred_Sisley,afe4d4e70cd8c348,True
Vincent_van_Gogh_841.jpg,Vincent_van_Gogh,c37c809943bf3c9a,True
Francisco_Goya_247.jpg,Francisco_Goya,fa8785e0911fa267,True
Titian_23.jpg,Titian,c5c3102c1f53fe59,True
Vincent_van_Gogh_558.jpg,Vincent_van_Gogh,c525681a34bc7f8b,True
Albrecht_Dürer_224.jpg,Albrecht_Dürer,9ac18978f71ae44e,True
Edgar_Degas_302.jpg,Edgar_Degas,ab934b31d44b8976,False
Edgar_Degas_654.jpg,Edgar_Degas,978750b06f9f0d70,False
Alfred_Sisley_183.jpg,Alfred_Sisley,cbe7172bb8187498,True
Francisco_Goya_32.jpg,Francisco_Goya,c97c3f72a6490c33,True
Pablo_Picasso_213.jpg,Pablo_Picasso,ff1b8a606f8322d8,True
Vincent_van_Gogh_667.jpg,Vincent_van_Gogh,ba91dc78b04b2de4,True
Pierre-Auguste_Renoir_318.jpg,Pierre-Auguste_Renoir,fcf3f61a86f022c0,True
Pablo_Picasso_393.jpg,Pablo_Picasso,f25a9da5a9aa6a48,True
Vincent_van_Gogh_347.jpg,Vincent_van_Gogh,d69122839bcfb638,True
Albrecht_Du╠êrer_164.jpg,Albrecht_Dürer,b1c7cc732798c073,True
Edgar_Degas_39.jpg,Edgar_Degas,ef1a12f2e28c5969,True
Pablo_Picasso_350.jpg,Pablo_Picasso,820c7919b2ec8def,True
Pierre-Auguste_Renoir_301.jpg,Pierre-Auguste_Renoir,eecce149622eb631,True
Edgar_Degas_669.jpg,Edgar_Degas,9a62241ffbae0719,True
Edgar_Degas_214.jpg,Edgar_Degas,d78b0a96e738dc60,True
Edgar_Degas_670.jpg,Edgar_Degas,a3875a432da51e7a,True
Albrecht_Dürer_104.jpg,Albrecht_Dürer,daade7113016ce3a,False
Edgar_Degas_348.jpg,Edgar_Degas,cc4e3bf5c0333c91,True
Vincent_van_Gogh_873.jpg,Vincent_van_Gogh,fea183f6e60a093c,True
Edgar_Degas_603.jpg,Edgar_Degas,f5d063c73831c12f,True
Pierre-Auguste_Renoir_309.jpg,Pierre-Auguste_Renoir,da3bb7070996d464,True
Pablo_Picasso_32.jpg,Pablo_Picasso,91a36bf43e18b05b,True
Albrecht_Du╠êrer_51.jpg,Albrecht_Dürer,cab4d1a9515cd276,True
Edgar_Degas_268.jpg,Edgar_Degas,8d93987573309cda,True
Vincent_van_Gogh_184.jpg,Vincent_van_Gogh,ae9bd0e0198763c7,True
Rembrandt_85.jpg,Rembrandt,c92a7ec9223e29ea,True
Titian_77.jpg,Titian,cc67b3386807c739,True
Alfred_Sisley_40.jpg,Alfred_Sisley,c495b32b1ee21dc5,True
Pierre-Auguste_Renoir_30.jpg,Pierre-Auguste_Renoir,b89fe641d0660dd9,True
Rembrandt_188.jpg,Rembrandt,853046ac3fc57b4e,True
Albrecht_Dürer_130.jpg,Albrecht_Dürer,e6784ccbcbc3c2d0,True
Pablo_Picasso_244.jpg,Pablo_Picasso,de2964b6236b809f,True
Alfred_Sisley_214.jpg,Alfred_Sisley,c2aabd35639c5827,True
Vincent_van_Gogh_229.jpg,Vincent_van_Gogh,9f2d6e90992a71c5,True
Albrecht_Dürer_315.jpg,Albrecht_Dürer,eac49cca8d368759,True
Francisco_Goya_77.jpg,Francisco_Goya,dc8c73336687899c,True
Edgar_Degas_151.jpg,Edgar_Degas,9afe0f8fb03381c4,True
Edgar_Degas_678.jpg,Edgar_Degas,e2eccd938287a5cc,False
Vincent_van_Gogh_128.jpg,Vincent_van_Gogh,b387417e8258be55,True
Paul_Gauguin_14.jpg,Paul_Gauguin,c6d93b66848dcd49,True
Rembrandt_161.jpg,Rembrandt,cb196766b4c63946,True
Edgar_Degas_657.jpg,Edgar_Degas,cc9532a695712ed5,False
Vincent_van_Gogh_512.jpg,Vincent_van_Gogh,824e48356fb56be2,True
Rembrandt_208.jpg,Rembrandt,fc780347970d30ee,True
Pablo_Picasso_147.jpg,Pablo_Picasso,e2c68d1d5ac22f71,True
Vincent_van_Gogh_274.jpg,Vincent_van_Gogh,b48d5b6dad1430e3,True
Pierre-Auguste_Renoir_328.jpg,Pierre-Auguste_Renoir,d32e7a168cc9c999,True
Albrecht_Du╠êrer_179.jpg,Albrecht_Dürer,fc96c149261ed669,True
Albrecht_Du╠êrer_2.jpg,Albrecht_Dürer,c9b34d4aa553895d,True
Pierre-Auguste_Renoir_313.jpg,Pierre-Auguste_Renoir,952b6bc5949292db,True
Titian_101.jpg,Titian,c03e3be1cae4389e,True
Vincent_van_Gogh_368.jpg,Vincent_van_Gogh,afa1214ed6685a57,True
Titian_186.jpg,Titian,ac3b44739924b6cb,True
Pierre-Auguste_Renoir_234.jpg,Pierre-Auguste_Renoir,cac846ca3239afdc,True
Pablo_Picasso_206.jpg,Pablo_Picasso,ab680795d54a7a72,True
Titian_76.jpg,Titian,fcfc93334324708e,True
Francisco_Goya_27.jpg,Francisco_Goya,bae1c539e10ed45a,True
Albrecht_Dürer_64.jpg,Albrecht_Dürer,e3a59712d997228d,True
Pierre-Auguste_Renoir_69.jpg,Pierre-Auguste_Renoir,bb3bede6b0904283,True
Vincent_van_Gogh_262.jpg,Vincent_van_Gogh,c78bdca5e43e4614,True
Edgar_Degas_299.jpg,Edgar_Degas,858d8d8772332a7e,True
Pierre-Auguste_Renoir_110.jpg,Pierre-Auguste_Renoir,9a2f611bec3c9847,True
Edgar_Degas_139.jpg,Edgar_Degas,e3991b4cb93348ce,True
Rembrandt_2.jpg,Rembrandt,e079871e3de611c3,True
Francisco_Goya_163.jpg,Francisco_Goya,996c6496736d6493,True
Edgar_Degas_456.jpg,Edgar_Degas,ca4bdbbc08dd5a30,False
Rembrandt_187.jpg,Rembrandt,8271cc5a996e9679,True
Vincent_van_Gogh_131.jpg,Vincent_van_Gogh,d2722d63b49473c9,True
Albrecht_Du╠êrer_278.jpg,Albrecht_Dürer,d4b81b9ac387741d,True
Vincent_van_Gogh_155.jpg,Vincent_van_Gogh,d060380f936cbf6b,True
Vincent_van_Gogh_227.jpg,Vincent_van_Gogh,cde469252731d5c5,True
Edgar_Degas_17.jpg,Edgar_Degas,81699eb469c1c69f,True
Albrecht_Dürer_249.jpg,Albrecht_Dürer,b3c9076e98a78c3a,True
Edgar_Degas_446.jpg,Edgar_Degas,c1c4ba09547ee1fc,True
Vincent_van_Gogh_607.jpg,Vincent_van_Gogh,b8b4715b0683d1de,False
Edgar_Degas_183.jpg,Edgar_Degas,8e493716e5a9d4ac,False
Pablo_Picasso_433.jpg,Pablo_Picasso,fcfa9fa0401966b8,True
Edgar_Degas_675.jpg,Edgar_Degas,b7488b768a639c33,False
Edgar_Degas_487.jpg,Edgar_Degas,fac0c39616c29fa9,True
Pablo_Picasso_245.jpg,Pablo_Picasso,bba69749483da728,True
Rembrandt_146.jpg,Rembrandt,c6de39e1c60f3c84,True
Rembrandt_149.jpg,Rembrandt,9999666689d93ea4,True
Rembrandt_131.jpg,Rembrandt,cc3975e693591cc2,True
Vincent_van_Gogh_525.jpg,Vincent_van_Gogh,9c627116b2cd8fd8,True
Paul_Gauguin_203.jpg,Paul_Gauguin,97c1d5d4c49ba83a,True
Vincent_van_Gogh_746.jpg,Vincent_van_Gogh,e6e29d9d63c818c3,True
Titian_218.jpg,Titian,8b8e76c14e38723e,True
Albrecht_Dürer_42.jpg,Albrecht_Dürer,e7909c3d619774c8,True
Alfred_Sisley_127.jpg,Alfred_Sisley,8e8ff3692c5886c3,True
Vincent_van_Gogh_163.jpg,Vincent_van_Gogh,e9a4961ac3c3b23b,False
Vincent_van_Gogh_415.jpg,Vincent_van_Gogh,af90dc2e813db23a,True
Albrecht_Dürer_14.jpg,Albrecht_Dürer,deb3242ed3d0073c,True
Paul_Gauguin_268.jpg,Paul_Gauguin,91f3de1518e14d4e,True
Edgar_Degas_397.jpg,Edgar_Degas,fa0dd5538576c542,True
Vincent_van_Gogh_145.jpg,Vincent_van_Gogh,b3f13388c87e6c0e,True
Edgar_Degas_110.jpg,Edgar_Degas,cecc7c816bc1b934,True
Edgar_Degas_263.jpg,Edgar_Degas,852af5ba92955e64,True
Albrecht_Du╠êrer_35.jpg,Albrecht_Dürer,9fe1c11ee09c8e66,True
Pablo_Picasso_437.jpg,Pablo_Picasso,de9022f7254a583f,True
Albrecht_Dürer_187.jpg,Albrecht_Dürer,a8f9928687cf9c98,False
Pablo_Picasso_419.jpg,Pablo_Picasso,e0563e5af92b4361,True
Vincent_van_Gogh_709.jpg,Vincent_van_Gogh,9cf50f8f2de0c870,True
Pierre-Auguste_Renoir_295.jpg,Pierre-Auguste_Renoir,f8a5c74a91aceb06,True
Paul_Gauguin_13.jpg,Paul_Gauguin,8915c53b24cf7b94,True
Edgar_Degas_223.jpg,Edgar_Degas,9c3e7b6b28ca4253,True
Albrecht_Du╠êrer_223.jpg,Albrecht_Dürer,b2b7c15dcf4082e9,True
Rembrandt_167.jpg,Rembrandt,d6674c9967d21274,True
Pierre-Auguste_Renoir_22.jpg,Pierre-Auguste_Renoir,97b0344cb724ed63,True
Vincent_van_Gogh_653.jpg,Vincent_van_Gogh,b2d1d1cce40eb3e4,True
Albrecht_Du╠êrer_151.jpg,Albrecht_Dürer,e96b84bc8791b1d2,True
Rembrandt_54.jpg,Rembrandt,c0ce3f51e1279e1c,True
Pablo_Picasso_73.jpg,Pablo_Picasso,f9891676628b9999,False
Albrecht_Dürer_40.jpg,Albrecht_Dürer,e88d16629d3566b3,False
Paul_Gauguin_67.jpg,Paul_Gauguin,c2b2fbd526d208e5,True
Edgar_Degas_75.jpg,Edgar_Degas,f2e98c87c39d1c8c,True
Paul_Gauguin_12.jpg,Paul_Gauguin,d93f18c38265e6b4,True
Alfred_Sisley_10.jpg,Alfred_Sisley,a4f84b2dd45a876c,True
Titian_12.jpg,Titian,c69319cc3fe40d99,True
Francisco_Goya_158.jpg,Francisco_Goya,dbf4241b6c8463e6,True
Alfred_Sisley_136.jpg,Alfred_Sisley,cf4e92139b9e4d90,True
Vincent_van_Gogh_69.jpg,Vincent_van_Gogh,9e9a6531782f2473,True
Pablo_Picasso_400.jpg,Pablo_Picasso,e1190fe634e6d239,True
Paul_Gauguin_32.jpg,Paul_Gauguin,fcd345b5b5a49450,True
Albrecht_Du╠êrer_104.jpg,Albrecht_Dürer,daade7113016ce3a,True
Albrecht_Dürer_203.jpg,Albrecht_Dürer,b9bc1693cccd620e,True
Vincent_van_Gogh_167.jpg,Vincent_van_Gogh,b4798386db8a1cd9,True
Pierre-Auguste_Renoir_202.jpg,Pierre-Auguste_Renoir,9db293fc84d2605e,True
Alfred_Sisley_75.jpg,Alfred_Sisley,c9d033356dc9721b,True
Paul_Gauguin_189.jpg,Paul_Gauguin,803f9fd0bc87906d,True
Vincent_van_Gogh_117.jpg,Vincent_van_Gogh,a05bcf9595a90e4d,True
Vincent_van_Gogh_197.jpg,Vincent_van_Gogh,bedcc103c63439d6,True
Alfred_Sisley_175.jpg,Alfred_Sisley,d1a9544639ed136b,True
Francisco_Goya_3.jpg,Francisco_Goya,8a3dfdc8a494ccf0,True
Albrecht_Dürer_265.jpg,Albrecht_Dürer,bab5cf4ae40c8479,True
Albrecht_Dürer_36.jpg,Albrecht_Dürer,fef0a02bcdc4858b,True
Albrecht_Dürer_233.jpg,Albrecht_Dürer,bd86d0c9c034db3e,False
Pablo_Picasso_323.jpg,Pablo_Picasso,ccce6872e38f1784,True
Pablo_Picasso_408.jpg,Pablo_Picasso,807c3f8fdacac930,True
Alfred_Sisley_61.jpg,Alfred_Sisley,cc873b4416cda37a,True
Pablo_Picasso_34.jpg,Pablo_Picasso,ce78a320ce3763a5,True
Albrecht_Du╠êrer_258.jpg,Albrecht_Dürer,c9b6076a952d5ab4,True
Alfred_Sisley_11.jpg,Alfred_Sisley,8181b6fc5a653d4b,True
Pablo_Picasso_346.jpg,Pablo_Picasso,9a4eb465f3528b4c,True
Alfred_Sisley_173.jpg,Alfred_Sisley,9ad8ece75b08b8c1,True
Pablo_Picasso_72.jpg,Pablo_Picasso,abc9d432b408cf37,True
Albrecht_Dürer_206.jpg,Albrecht_Dürer,fb2fe07091993543,False
Edgar_Degas_80.jpg,Edgar_Degas,9973ca7b01cee506,True
Edgar_Degas_204.jpg,Edgar_Degas,b3f2991730506eec,True
Alfred_Sisley_52.jpg,Alfred_Sisley,d287ad7599da4688,True
Rembrandt_234.jpg,Rembrandt,e9691694ef1230ed,True
Albrecht_Du╠êrer_270.jpg,Albrecht_Dürer,e86596c7a6a6a4b4,True
Francisco_Goya_119.jpg,Francisco_Goya,ccb11d43266d72bc,True
Pablo_Picasso_328.jpg,Pablo_Picasso,abadd591d292895a,True
Vincent_van_Gogh_68.jpg,Vincent_van_Gogh,aea7d0d8d38d2172,False
Albrecht_Du╠êrer_9.jpg,Albrecht_Dürer,afec90c27293d839,True
Edgar_Degas_326.jpg,Edgar_Degas,9b133288cdad5fd0,False
Vincent_van_Gogh_150.jpg,Vincent_van_Gogh,8e5d63346cd39962,True
Pierre-Auguste_Renoir_86.jpg,Pierre-Auguste_Renoir,cc7c737118c6e54c,True
Pablo_Picasso_309.jpg,Pablo_Picasso,ba9dd7dac00fc106,True
Vincent_van_Gogh_629.jpg,Vincent_van_Gogh,aeb484e8c2cfc791,True
Vincent_van_Gogh_664.jpg,Vincent_van_Gogh,80956ac83f6a9f36,True
Edgar_Degas_235.jpg,Edgar_Degas,ced289e6d41a3d54,True
Vincent_van_Gogh_424.jpg,Vincent_van_Gogh,be94c223974f9970,True
Francisco_Goya_15.jpg,Francisco_Goya,bf3ec03dc0e283c5,True
Albrecht_Du╠êrer_114.jpg,Albrecht_Dürer,982ba92d2fe44771,True
Albrecht_Du╠êrer_76.jpg,Albrecht_Dürer,b884c76bb69c854e,False
Vincent_van_Gogh_811.jpg,Vincent_van_Gogh,9945a23a66a7cbd2,True
Rembrandt_164.jpg,Rembrandt,88c4769b8d66e2e9,True
Paul_Gauguin_147.jpg,Paul_Gauguin,cc79714126e67b91,True
Paul_Gauguin_240.jpg,Paul_Gauguin,f6c0879ef0f00e33,True
Edgar_Degas_686.jpg,Edgar_Degas,ae861f70f1e7c2c0,True
Edgar_Degas_663.jpg,Edgar_Degas,d54adaf5c840b35a,False
Edgar_Degas_256.jpg,Edgar_Degas,d0c68397c5f5b0b8,True
Albrecht_Dürer_273.jpg,Albrecht_Dürer,bebcc363e4c0131e,True
Paul_Gauguin_266.jpg,Paul_Gauguin,92f465ddc4939a34,True
Paul_Gauguin_234.jpg,Paul_Gauguin,9f1d8a326ec1b362,True
Edgar_Degas_286.jpg,Edgar_Degas,ca10b5688e7ee1b3,True
Pablo_Picasso_136.jpg,Pablo_Picasso,bfbf3401caeac08c,True
Edgar_Degas_134.jpg,Edgar_Degas,ec9e93a3d858ad42,True
Vincent_van_Gogh_278.jpg,Vincent_van_Gogh,eccd86caf89c3226,True
Rembrandt_44.jpg,Rembrandt,9cb4734a963569c9,True
Pablo_Picasso_188.jpg,Pablo_Picasso,c18077dd1cbd9926,True
Vincent_van_Gogh_151.jpg,Vincent_van_Gogh,a1ad8ee368cc3636,True
Vincent_van_Gogh_285.jpg,Vincent_van_Gogh,f186ea8688bde265,True
Rembrandt_239.jpg,Rembrandt,cccc33333386ce3c,False
Pierre-Auguste_Renoir_79.jpg,Pierre-Auguste_Renoir,be63a891c385659e,True
Alfred_Sisley_128.jpg,Alfred_Sisley,8d8f6b5996ac6912,True
Edgar_Degas_526.jpg,Edgar_Degas,ea3dfb83d058cac0,True
Albrecht_Dürer_190.jpg,Albrecht_Dürer,9f8cc753a155e270,True
Albrecht_Dürer_169.jpg,Albrecht_Dürer,bb1ed3d86d016466,True
Pablo_Picasso_252.jpg,Pablo_Picasso,9620e09f1f98f8e6,True
Edgar_Degas_148.jpg,Edgar_Degas,fe92d2d2859d194a,True
Vincent_van_Gogh_567.jpg,Vincent_van_Gogh,c0e638d1ef6839c3,False
Pablo_Picasso_312.jpg,Pablo_Picasso,aa46184d1bde95da,True
Pablo_Picasso_96.jpg,Pablo_Picasso,9e75a6b1cacc484d,True
Albrecht_Du╠êrer_241.jpg,Albrecht_Dürer,ee09a0289b1697f7,True
Alfred_Sisley_22.jpg,Alfred_Sisley,8696994b4b39e674,True
Rembrandt_29.jpg,Rembrandt,cc26383367c9b63c,True
Edgar_Degas_126.jpg,Edgar_Degas,c05c3d42863ff9e8,True
Pablo_Picasso_201.jpg,Pablo_Picasso,98e4c3b8a394de4d,True
Albrecht_Du╠êrer_8.jpg,Albrecht_Dürer,bacec513c636ca61,True
Alfred_Sisley_6.jpg,Alfred_Sisley,88b8e15f4fd027b8,True
Vincent_van_Gogh_642.jpg,Vincent_van_Gogh,d4faf3d6f8e14008,False
Alfred_Sisley_219.jpg,Alfred_Sisley,fcb02199974e9a5a,True
Titian_203.jpg,Titian,8d6a726199bac635,True
Pablo_Picasso_277.jpg,Pablo_Picasso,810f5ee34b6d0778,True
Rembrandt_170.jpg,Rembrandt,9561629c9f3949e6,True
Rembrandt_200.jpg,Rembrandt,90896c5a9fede072,True
Rembrandt_168.jpg,Rembrandt,8cb073738e745999,True
Pablo_Picasso_22.jpg,Pablo_Picasso,aeac73869318e378,True
Vincent_van_Gogh_177.jpg,Vincent_van_Gogh,efe39058a4388d79,True
Edgar_Degas_570.jpg,Edgar_Degas,b7874ab0ed932570,True
Pierre-Auguste_Renoir_21.jpg,Pierre-Auguste_Renoir,beb2e18b9469923c,True
Pablo_Picasso_105.jpg,Pablo_Picasso,fde4413caa1b0e4b,True
Vincent_van_Gogh_647.jpg,Vincent_van_Gogh,e5e5869e9879094b,True
Pablo_Picasso_44.jpg,Pablo_Picasso,ab3662e0719e8f0e,True
Pablo_Picasso_167.jpg,Pablo_Picasso,b441e9cc7633ce4a,True
Edgar_Degas_65.jpg,Edgar_Degas,c69597d1a56d460e,True
Edgar_Degas_546.jpg,Edgar_Degas,e1a1251f92d29b3b,False
Titian_158.jpg,Titian,d0966d6f66941ad8,True
Edgar_Degas_109.jpg,Edgar_Degas,d51a3b273cf53510,False
Alfred_Sisley_197.jpg,Alfred_Sisley,b9998a34db2485fa,True
Vincent_van_Gogh_492.jpg,Vincent_van_Gogh,fad6e76f1822120d,True
Vincent_van_Gogh_835.jpg,Vincent_van_Gogh,9e88dd43a9f0cb07,True
Edgar_Degas_414.jpg,Edgar_Degas,9b1232c8cdad5fd0,True
Albrecht_Du╠êrer_103.jpg,Albrecht_Dürer,abc1b53a48e5da32,False
Vincent_van_Gogh_486.jpg,Vincent_van_Gogh,aee4c427a52dda16,True
Edgar_Degas_230.jpg,Edgar_Degas,ee9950eb0dc629d4,True
Vincent_van_Gogh_132.jpg,Vincent_van_Gogh,f4ea8215cda331f8,True
Vincent_van_Gogh_838.jpg,Vincent_van_Gogh,df29806f709f4b24,True
Pierre-Auguste_Renoir_83.jpg,Pierre-Auguste_Renoir,869e3c69706c353d,True
Francisco_Goya_273.jpg,Francisco_Goya,b0b3070ee6617b1e,True
Albrecht_Dürer_283.jpg,Albrecht_Dürer,8278ad07d9859fd2,False
Vincent_van_Gogh_595.jpg,Vincent_van_Gogh,daa572cd9126339c,True
Paul_Gauguin_106.jpg,Paul_Gauguin,eeaca333f104dc4a,True
Albrecht_Du╠êrer_207.jpg,Albrecht_Dürer,fee685511b9c0e51,True
Vincent_van_Gogh_784.jpg,Vincent_van_Gogh,cef2992639eec803,True
Rembrandt_117.jpg,Rembrandt,afc4b833e4cc901f,True
Rembrandt_241.jpg,Rembrandt,cccc3333e21d79c2,True
Edgar_Degas_196.jpg,Edgar_Degas,8336bc48c3d91fe4,True
Alfred_Sisley_103.jpg,Alfred_Sisley,ccb19b24e6cd126b,True
Edgar_Degas_180.jpg,Edgar_Degas,f1930fad425fb850,True
Rembrandt_212.jpg,Rembrandt,c6370ce972319e8e,True
Albrecht_Du╠êrer_290.jpg,Albrecht_Dürer,a6d42186b8cb9d7a,True
Paul_Gauguin_19.jpg,Paul_Gauguin,ad619b9ec07aac4c,True
Edgar_Degas_291.jpg,Edgar_Degas,8e4b762073d9332e,True
Edgar_Degas_197.jpg,Edgar_Degas,c466facc1989d0db,True
Rembrandt_41.jpg,Rembrandt,ce4e3331f9591a25,True
Rembrandt_50.jpg,Rembrandt,b293296d3516d6c9,True
Alfred_Sisley_26.jpg,Alfred_Sisley,e9cd7612d9e51c88,True
Vincent_van_Gogh_277.jpg,Vincent_van_Gogh,eacd9c30b742d83c,True
Vincent_van_Gogh_627.jpg,Vincent_van_Gogh,ec8730d25b8c8dcd,True
Edgar_Degas_431.jpg,Edgar_Degas,8894d4e2eff17226,True
Rembrandt_24.jpg,Rembrandt,d999e42626669b99,True
Paul_Gauguin_304.jpg,Paul_Gauguin,cae8cec69b5a3035,True
Paul_Gauguin_275.jpg,Paul_Gauguin,c63969c2b86cc19f,True
Paul_Gauguin_137.jpg,Paul_Gauguin,af0efd45a1696198,True
Albrecht_Du╠êrer_251.jpg,Albrecht_Dürer,abb1ec6ce4257492,False
Pierre-Auguste_Renoir_119.jpg,Pierre-Auguste_Renoir,f924dbb1a41e35e0,True
Albrecht_Du╠êrer_213.jpg,Albrecht_Dürer,d38946dcccb4b227,False
Titian_184.jpg,Titian,cdb292d1358d6b0d,True
Rembrandt_67.jpg,Rembrandt,9c88b33363f64a36,True
Vincent_van_Gogh_276.jpg,Vincent_van_Gogh,ac3396cce066661f,True
Rembrandt_198.jpg,Rembrandt,d9fb640d132c3633,True
Albrecht_Du╠êrer_88.jpg,Albrecht_Dürer,cc3f52b2908a8bcf,False
Titian_242.jpg,Titian,9e9c8941b062ef4f,True
Rembrandt_94.jpg,Rembrandt,db8124671bb9c636,True
Vincent_van_Gogh_826.jpg,Vincent_van_Gogh,8baae074714fcaa6,True
Edgar_Degas_23.jpg,Edgar_Degas,89b6b5e8ebc2d0c4,True
Vincent_van_Gogh_33.jpg,Vincent_van_Gogh,dcc28317757c4a4b,True
Paul_Gauguin_202.jpg,Paul_Gauguin,de28b193b0129fd6,True
Rembrandt_76.jpg,Rembrandt,cce933b6cf088c6c,True
Pierre-Auguste_Renoir_72.jpg,Pierre-Auguste_Renoir,8a39359996765276,True
Vincent_van_Gogh_245.jpg,Vincent_van_Gogh,a9b1971872cde865,True
Rembrandt_183.jpg,Rembrandt,c1660e9933c639d7,True
Pierre-Auguste_Renoir_108.jpg,Pierre-Auguste_Renoir,831bf476dc9e0323,True
Pablo_Picasso_385.jpg,Pablo_Picasso,ae6ea59194c7c4b4,True
Albrecht_Dürer_318.jpg,Albrecht_Dürer,a9291692939dcccf,True
Albrecht_Du╠êrer_274.jpg,Albrecht_Dürer,bf85c0e417399ce2,True
Alfred_Sisley_82.jpg,Alfred_Sisley,c4d09f3970660f8f,True
Albrecht_Dürer_89.jpg,Albrecht_Dürer,ba938c4ce3b6b4c8,False
Pierre-Auguste_Renoir_24.jpg,Pierre-Auguste_Renoir,967925a7d682c99c,True
Edgar_Degas_219.jpg,Edgar_Degas,abe4ccdb93969488,True
Vincent_van_Gogh_748.jpg,Vincent_van_Gogh,f2c1dd243e4b49b2,True
Edgar_Degas_504.jpg,Edgar_Degas,ad8c350d3e7a923c,True
Pierre-Auguste_Renoir_270.jpg,Pierre-Auguste_Renoir,bfb2906fc2a491d2,True
Edgar_Degas_72.jpg,Edgar_Degas,e7d5d61223f38688,True
Edgar_Degas_646.jpg,Edgar_Degas,d4c0cbd54a4cb35b,False
Pablo_Picasso_210.jpg,Pablo_Picasso,c3496ca5277a1a37,True
Alfred_Sisley_221.jpg,Alfred_Sisley,c7b4eb12e5e41358,True
Edgar_Degas_676.jpg,Edgar_Degas,833bb029ed769d42,True
Paul_Gauguin_9.jpg,Paul_Gauguin,fbbfbc2c2c8a0a06,True
Alfred_Sisley_115.jpg,Alfred_Sisley,be9dcd666691c049,True
Albrecht_Du╠êrer_122.jpg,Albrecht_Dürer,b3199c6fc642b19c,False
Pablo_Picasso_41.jpg,Pablo_Picasso,a975652a661b829f,True
Francisco_Goya_263.jpg,Francisco_Goya,f88c0e6373362763,True
Vincent_van_Gogh_765.jpg,Vincent_van_Gogh,d7c9d17492c3447c,True
Vincent_van_Gogh_783.jpg,Vincent_van_Gogh,bda515189d731c1e,True
Edgar_Degas_92.jpg,Edgar_Degas,8dac21c778ff830c,True
Vincent_van_Gogh_731.jpg,Vincent_van_Gogh,e3f7d84a0e9c21e2,True
Edgar_Degas_52.jpg,Edgar_Degas,936cb4133dc90dce,True
Rembrandt_206.jpg,Rembrandt,cc69639c19c75e98,True
Alfred_Sisley_165.jpg,Alfred_Sisley,88fd1548fd3249ea,True
Edgar_Degas_10.jpg,Edgar_Degas,da82137f64c56479,True
Pierre-Auguste_Renoir_324.jpg,Pierre-Auguste_Renoir,feeaa061c705961b,True
Albrecht_Dürer_213.jpg,Albrecht_Dürer,d38946dcccb4b227,True
Albrecht_Dürer_277.jpg,Albrecht_Dürer,a4678694cb99d996,True
Albrecht_Dürer_112.jpg,Albrecht_Dürer,a61d999b9966e14c,True
Vincent_van_Gogh_391.jpg,Vincent_van_Gogh,e2e3d454303bd3d8,True
Pierre-Auguste_Renoir_178.jpg,Pierre-Auguste_Renoir,c82aa60799ddd94d,True
Pablo_Picasso_332.jpg,Pablo_Picasso,e66607999999595a,True
Pierre-Auguste_Renoir_40.jpg,Pierre-Auguste_Renoir,b83bb481cffc7048,True
Titian_96.jpg,Titian,d8ed6992264e3333,True
Alfred_Sisley_254.jpg,Alfred_Sisley,cbb0344bda3744da,True
Edgar_Degas_194.jpg,Edgar_Degas,92c468ba9f4fe4b0,True
Edgar_Degas_534.jpg,Edgar_Degas,8c2e1ddac3c7d298,True
Titian_10.jpg,Titian,86ce674d3c273239,True
Albrecht_Du╠êrer_89.jpg,Albrecht_Dürer,ba938c4ce3b6b4c8,True
Edgar_Degas_156.jpg,Edgar_Degas,be3b47ccc8dcc023,True
Pablo_Picasso_184.jpg,Pablo_Picasso,f6c94db12fc46813,True
Titian_135.jpg,Titian,d3193dc2246f38e3,True
Pablo_Picasso_11.jpg,Pablo_Picasso,8cb3336c72399b91,True
Titian_149.jpg,Titian,a8c29d5d1b6943ce,True
Alfred_Sisley_234.jpg,Alfred_Sisley,8bd157fa75310a0e,True
Edgar_Degas_15.jpg,Edgar_Degas,ca96d26c7983d654,True
Albrecht_Du╠êrer_185.jpg,Albrecht_Dürer,bdb4c3198fe70c18,True
Vincent_van_Gogh_787.jpg,Vincent_van_Gogh,96b6927a4bb0cd25,True
Vincent_van_Gogh_419.jpg,Vincent_van_Gogh,9a8af624a5d83f85,True
Titian_63.jpg,Titian,cc8c3339cf633499,True
Albrecht_Du╠êrer_168.jpg,Albrecht_Dürer,98ada56ccd45d692,True
Paul_Gauguin_252.jpg,Paul_Gauguin,b18ec6a04b7fb05a,True
Titian_44.jpg,Titian,9c8d32626fccb133,True
Edgar_Degas_11.jpg,Edgar_Degas,afeee440b5a1ca83,True
Pablo_Picasso_365.jpg,Pablo_Picasso,8fbb7c5468c6c322,True
Alfred_Sisley_126.jpg,Alfred_Sisley,c1c6f4911f796466,True
Albrecht_Du╠êrer_245.jpg,Albrecht_Dürer,bf2394cccbc038d9,True
Pierre-Auguste_Renoir_104.jpg,Pierre-Auguste_Renoir,c93f7b28a586461e,True
Francisco_Goya_67.jpg,Francisco_Goya,99d82627739c66cc,True
Albrecht_Du╠êrer_208.jpg,Albrecht_Dürer,e6b3d9d6216c06b2,True
Titian_22.jpg,Titian,dac87064e2b63b17,True
Albrecht_Du╠êrer_37.jpg,Albrecht_Dürer,cbaabc85b731216c,False
Francisco_Goya_277.jpg,Francisco_Goya,a6864c59933959cf,True
Alfred_Sisley_67.jpg,Alfred_Sisley,aa97f5f0cc8c0c69,True
Rembrandt_13.jpg,Rembrandt,cc2a33f943cffc00,True
Albrecht_Dürer_3.jpg,Albrecht_Dürer,eaa7b52c9a129395,True
Francisco_Goya_233.jpg,Francisco_Goya,af8dc0728c3cb1e3,True
Vincent_van_Gogh_293.jpg,Vincent_van_Gogh,f0b6ae99b2e21654,True
Vincent_van_Gogh_107.jpg,Vincent_van_Gogh,9ae126acdbd0cd64,True
Paul_Gauguin_10.jpg,Paul_Gauguin,f1b34731c865c746,True
Titian_241.jpg,Titian,8fbc34d353593096,False
Albrecht_Dürer_327.jpg,Albrecht_Dürer,bee0c60dad16d893,True
Pierre-Auguste_Renoir_212.jpg,Pierre-Auguste_Renoir,cf9c3069233732b6,True
Pierre-Auguste_Renoir_80.jpg,Pierre-Auguste_Renoir,abebc481b55f5842,True
Titian_121.jpg,Titian,cccc357283d37625,True
Pablo_Picasso_276.jpg,Pablo_Picasso,98655673928d6c79,True
Albrecht_Du╠êrer_167.jpg,Albrecht_Dürer,ea9296cd182db366,True
Edgar_Degas_186.jpg,Edgar_Degas,aabc9574d18fc485,True
Albrecht_Du╠êrer_74.jpg,Albrecht_Dürer,feb2f026a5b09362,True
Vincent_van_Gogh_58.jpg,Vincent_van_Gogh,c93c72e40c9be8d3,True
Pierre-Auguste_Renoir_190.jpg,Pierre-Auguste_Renoir,cb0f3c30e191ecb9,True
Francisco_Goya_180.jpg,Francisco_Goya,eb3e94638498d1c7,True
Vincent_van_Gogh_413.jpg,Vincent_van_Gogh,aad5f5a24d26e09c,True
Alfred_Sisley_100.jpg,Alfred_Sisley,882ea647f11c67e9,True
Edgar_Degas_275.jpg,Edgar_Degas,dada9d29f206e14a,False
Albrecht_Dürer_236.jpg,Albrecht_Dürer,f9c6c79186389a63,True
Edgar_Degas_496.jpg,Edgar_Degas,bfb0d22fcb41e418,True
Albrecht_Du╠êrer_161.jpg,Albrecht_Dürer,ca2e35538e56b364,True
Vincent_van_Gogh_541.jpg,Vincent_van_Gogh,cbf930071e64a739,True
Paul_Gauguin_215.jpg,Paul_Gauguin,a241fe435fb6205e,True
Pierre-Auguste_Renoir_139.jpg,Pierre-Auguste_Renoir,80e2b6bc79c79a49,True
Rembrandt_57.jpg,Rembrandt,991966e63ac9cc99,True
Edgar_Degas_152.jpg,Edgar_Degas,b8c367f0c996d285,False
Vincent_van_Gogh_562.jpg,Vincent_van_Gogh,ee6a81b598921779,True
Paul_Gauguin_160.jpg,Paul_Gauguin,b514c863395d7c6c,True
Francisco_Goya_185.jpg,Francisco_Goya,eeebb8b8a3e4a090,True
Albrecht_Du╠êrer_26.jpg,Albrecht_Dürer,a3333292c6cf0f1d,False
Pablo_Picasso_74.jpg,Pablo_Picasso,eea4316a89de36c1,True
Rembrandt_179.jpg,Rembrandt,ced638a3c75838cc,True
Paul_Gauguin_26.jpg,Paul_Gauguin,db41e3296cf94385,True
Titian_3.jpg,Titian,c3a63e4fb0b0494f,True
Francisco_Goya_25.jpg,Francisco_Goya,cc193127e6bc9c39,True
Edgar_Degas_422.jpg,Edgar_Degas,b8b69396a3991c8d,True
Francisco_Goya_95.jpg,Francisco_Goya,cf38706366b389cc,True
Edgar_Degas_25.jpg,Edgar_Degas,95688b77ca619e31,True
Edgar_Degas_522.jpg,Edgar_Degas,e6669c9dc49c1b43,True
Edgar_Degas_192.jpg,Edgar_Degas,e5f679c5320b0179,True
Albrecht_Du╠êrer_106.jpg,Albrecht_Dürer,eb68979663305c4e,True
Albrecht_Dürer_15.jpg,Albrecht_Dürer,c909f66d18f07d0b,False
Pierre-Auguste_Renoir_310.jpg,Pierre-Auguste_Renoir,cdb473328dcac92c,True
Edgar_Degas_641.jpg,Edgar_Degas,925b2a316fa71596,True
Paul_Gauguin_170.jpg,Paul_Gauguin,a795ccdc30a94ccd,True
Edgar_Degas_644.jpg,Edgar_Degas,f8b34752580da5e5,True
Paul_Gauguin_159.jpg,Paul_Gauguin,bf67ce088c0535da,True
Pablo_Picasso_89.jpg,Pablo_Picasso,b5a2e266c55c5e91,True
Albrecht_Dürer_204.jpg,Albrecht_Dürer,e8cb2db0927c936c,True
Vincent_van_Gogh_618.jpg,Vincent_van_Gogh,87476928e63798b6,True
Francisco_Goya_199.jpg,Francisco_Goya,db19e11be566a612,True
Vincent_van_Gogh_620.jpg,Vincent_van_Gogh,be42c2938d371b6c,True
Albrecht_Dürer_24.jpg,Albrecht_Dürer,a5da9a65498d6696,False
Pierre-Auguste_Renoir_332.jpg,Pierre-Auguste_Renoir,dffe5c8059468b18,True
Edgar_Degas_621.jpg,Edgar_Degas,e09f3d60139065ef,True
Rembrandt_231.jpg,Rembrandt,8ccc73736326da8c,True
Pierre-Auguste_Renoir_256.jpg,Pierre-Auguste_Renoir,b9b285cdde649834,True
Edgar_Degas_123.jpg,Edgar_Degas,b3f84c87c582927d,True
Albrecht_Du╠êrer_30.jpg,Albrecht_Dürer,aebf80d0c313a55d,False
Pablo_Picasso_353.jpg,Pablo_Picasso,d82f665f4b2546a2,False
Albrecht_Du╠êrer_206.jpg,Albrecht_Dürer,fb2fe07091993543,True
Paul_Gauguin_55.jpg,Paul_Gauguin,cc34b148db95f495,True
Rembrandt_51.jpg,Rembrandt,d9a92676629bd914,True
Paul_Gauguin_95.jpg,Paul_Gauguin,d5ca9c363e0ccd49,True
Vincent_van_Gogh_306.jpg,Vincent_van_Gogh,b4b64226712e79ec,True
Francisco_Goya_252.jpg,Francisco_Goya,ba6fc59294cd9990,True
Edgar_Degas_392.jpg,Edgar_Degas,8f8e8677518b2a3c,True
Pablo_Picasso_255.jpg,Pablo_Picasso,adb394ad529c62ca,True
Edgar_Degas_62.jpg,Edgar_Degas,fbcfd230a46498a3,True
Vincent_van_Gogh_93.jpg,Vincent_van_Gogh,88f5730acfe4989a,True
Edgar_Degas_254.jpg,Edgar_Degas,8f96d2d48c8dbc54,True
Pablo_Picasso_360.jpg,Pablo_Picasso,c4a76f7014d33672,True
Pierre-Auguste_Renoir_15.jpg,Pierre-Auguste_Renoir,98c8e3b7b197c542,True
Paul_Gauguin_88.jpg,Paul_Gauguin,856dacba40ba4779,True
Vincent_van_Gogh_434.jpg,Vincent_van_Gogh,a1a9f2d4d3b50d07,True
Albrecht_Dürer_293.jpg,Albrecht_Dürer,d2ada5361372b88b,False
Francisco_Goya_209.jpg,Francisco_Goya,96346daf96ec40d1,True
Titian_225.jpg,Titian,ac5c3dea13733294,True
Edgar_Degas_545.jpg,Edgar_Degas,fd61b53118cc3e31,True
Francisco_Goya_278.jpg,Francisco_Goya,e4f49a0ee3711c1b,True
Francisco_Goya_217.jpg,Francisco_Goya,bf2791dac26d9830,True
Albrecht_Du╠êrer_91.jpg,Albrecht_Dürer,cb40a2282b1fe37f,True
Edgar_Degas_618.jpg,Edgar_Degas,f3e366e32b041caa,True
Pablo_Picasso_170.jpg,Pablo_Picasso,cf703370ccc39c4d,True
Rembrandt_101.jpg,Rembrandt,d1972e689b356949,True
Edgar_Degas_593.jpg,Edgar_Degas,e5b5a2d92d2a31c3,True
Vincent_van_Gogh_377.jpg,Vincent_van_Gogh,ecf5128ed889b4c6,True
Alfred_Sisley_206.jpg,Alfred_Sisley,aee5592603b4e71a,True
Alfred_Sisley_182.jpg,Alfred_Sisley,8bfae42d1a0e39ca,True
Pierre-Auguste_Renoir_215.jpg,Pierre-Auguste_Renoir,b19ec2e83f07e0b8,True
Vincent_van_Gogh_870.jpg,Vincent_van_Gogh,a386f4536f7c0da0,True
Albrecht_Dürer_243.jpg,Albrecht_Dürer,b868c2b5b48fda1a,True
Vincent_van_Gogh_96.jpg,Vincent_van_Gogh,c74761309e9c7663,True
Pablo_Picasso_298.jpg,Pablo_Picasso,d6da733989d446e0,True
Edgar_Degas_606.jpg,Edgar_Degas,eea0ac9fcb439c0a,True
Edgar_Degas_409.jpg,Edgar_Degas,9194d4d152ae6d6b,True
Alfred_Sisley_227.jpg,Alfred_Sisley,eb94946b10adeb98,True
Albrecht_Du╠êrer_70.jpg,Albrecht_Dürer,bdd20c7e71493cd0,False
Pablo_Picasso_146.jpg,Pablo_Picasso,c32d7903ec0ff454,True
Francisco_Goya_264.jpg,Francisco_Goya,ce533aa4d16f3168,True
Titian_140.jpg,Titian,8ca75d133b0c93e9,True
Edgar_Degas_423.jpg,Edgar_Degas,fcdb70604478c75c,True
Vincent_van_Gogh_717.jpg,Vincent_van_Gogh,b8b4715b0383d1de,True
Albrecht_Dürer_66.jpg,Albrecht_Dürer,a5ab2838ab2f95a6,True
Edgar_Degas_665.jpg,Edgar_Degas,8d39765424fe12d3,False
Edgar_Degas_624.jpg,Edgar_Degas,b96c0ed563b89316,True
Titian_202.jpg,Titian,8d4f7265793ac1a8,True
Francisco_Goya_210.jpg,Francisco_Goya,caf329c9343672d8,True
Pablo_Picasso_289.jpg,Pablo_Picasso,914f0e29f7072df0,True
Vincent_van_Gogh_279.jpg,Vincent_van_Gogh,9c5946735256739a,True
Paul_Gauguin_3.jpg,Paul_Gauguin,afcec8b093c7b290,True
Alfred_Sisley_176.jpg,Alfred_Sisley,c9b6966a5569a8b2,True
Albrecht_Dürer_196.jpg,Albrecht_Dürer,e9b2d4d8996b9494,True
Albrecht_Dürer_162.jpg,Albrecht_Dürer,bafba480b312e5c3,True
Pablo_Picasso_392.jpg,Pablo_Picasso,ba8a1268c29fcfc5,True
Vincent_van_Gogh_850.jpg,Vincent_van_Gogh,e6a68d081959d9f6,True
Francisco_Goya_21.jpg,Francisco_Goya,b4d849c7c39c589d,True
Pablo_Picasso_202.jpg,Pablo_Picasso,9313d86ee1a587ca,True
Paul_Gauguin_18.jpg,Paul_Gauguin,cbadd2b46d221176,True
Vincent_van_Gogh_574.jpg,Vincent_van_Gogh,e2b4194bc991de66,True
Pablo_Picasso_285.jpg,Pablo_Picasso,8766f032e8daec85,True
Edgar_Degas_294.jpg,Edgar_Degas,ede9328fcf13300c,True
Edgar_Degas_155.jpg,Edgar_Degas,a529352d31e778d2,True
Paul_Gauguin_116.jpg,Paul_Gauguin,cd9c9252934e89fc,True
Alfred_Sisley_93.jpg,Alfred_Sisley,81c7ce708a8e67f4,True
Albrecht_Du╠êrer_116.jpg,Albrecht_Dürer,9378a668cca48777,True
Albrecht_Du╠êrer_153.jpg,Albrecht_Dürer,ca6aac9553b1aa5a,True
Titian_78.jpg,Titian,cc1d636693cf3231,True
Vincent_van_Gogh_676.jpg,Vincent_van_Gogh,afc4d2e6c938c2c3,True
Vincent_van_Gogh_360.jpg,Vincent_van_Gogh,de3ae7cc9b84e030,True
Vincent_van_Gogh_775.jpg,Vincent_van_Gogh,88522f7fc7921a1d,True
Pierre-Auguste_Renoir_289.jpg,Pierre-Auguste_Renoir,84bcc93b53966cc9,True
Albrecht_Du╠êrer_111.jpg,Albrecht_Dürer,bd8343d86ee78898,True
Albrecht_Dürer_84.jpg,Albrecht_Dürer,ffb4808bf42bd0e0,False
Vincent_van_Gogh_98.jpg,Vincent_van_Gogh,f2881cf76b748383,True
Albrecht_Dürer_311.jpg,Albrecht_Dürer,aec9f526c0a7929a,True
Paul_Gauguin_81.jpg,Paul_Gauguin,d9fc7a3291c7230c,True
Pierre-Auguste_Renoir_10.jpg,Pierre-Auguste_Renoir,df962449e23f0bc4,True
Francisco_Goya_124.jpg,Francisco_Goya,ee7a913a86cc90b3,True
Vincent_van_Gogh_341.jpg,Vincent_van_Gogh,8e9c7973f2313264,True
Pierre-Auguste_Renoir_121.jpg,Pierre-Auguste_Renoir,a907b7f01bd24d49,True
Edgar_Degas_691.jpg,Edgar_Degas,d1cd6cda93138ea4,True
Paul_Gauguin_197.jpg,Paul_Gauguin,9bd26fa181292dec,True
Pierre-Auguste_Renoir_36.jpg,Pierre-Auguste_Renoir,c89bf403bfd4a4e0,True
Rembrandt_232.jpg,Rembrandt,cccc7333313227ce,True
Rembrandt_81.jpg,Rembrandt,f8700f0ff0f8031f,True
Pierre-Auguste_Renoir_90.jpg,Pierre-Auguste_Renoir,d088f26292dbda79,True
Vincent_van_Gogh_95.jpg,Vincent_van_Gogh,c9ad14722e9997c9,True
Vincent_van_Gogh_24.jpg,Vincent_van_Gogh,fcac4301f072f0ed,True
Vincent_van_Gogh_661.jpg,Vincent_van_Gogh,9a997568636663a3,True
Pierre-Auguste_Renoir_255.jpg,Pierre-Auguste_Renoir,8fce37618d4a641d,True
Pablo_Picasso_435.jpg,Pablo_Picasso,ffccc062873078da,True
Pierre-Auguste_Renoir_73.jpg,Pierre-Auguste_Renoir,d78528fc7e9c8612,True
Edgar_Degas_441.jpg,Edgar_Degas,af8dd232284cbeb2,True
Alfred_Sisley_246.jpg,Alfred_Sisley,ceb17b44b3e26530,True
Pierre-Auguste_Renoir_136.jpg,Pierre-Auguste_Renoir,c62fca3e30939e70,True
Rembrandt_30.jpg,Rembrandt,9a3b66c4b13ec931,True
Pierre-Auguste_Renoir_67.jpg,Pierre-Auguste_Renoir,eb67b418c6825bd8,True
Albrecht_Du╠êrer_244.jpg,Albrecht_Dürer,9aaa67da9394d630,True
Edgar_Degas_53.jpg,Edgar_Degas,803766adea9a1ccb,True
Pablo_Picasso_203.jpg,Pablo_Picasso,c96b95966a86961b,True
Edgar_Degas_699.jpg,Edgar_Degas,959a3ba73ce53510,True
Edgar_Degas_289.jpg,Edgar_Degas,e1d27b0f8cc05aad,False
Edgar_Degas_466.jpg,Edgar_Degas,b866dd229240aff6,True
Edgar_Degas_14.jpg,Edgar_Degas,917faf601d8894d3,True
Vincent_van_Gogh_686.jpg,Vincent_van_Gogh,ae15c29de3635471,True
Vincent_van_Gogh_383.jpg,Vincent_van_Gogh,ae2b41e5942df84d,True
Pablo_Picasso_200.jpg,Pablo_Picasso,d4e46aca3f8da1a8,True
Vincent_van_Gogh_359.jpg,Vincent_van_Gogh,f20db2e0d73a83c3,False
Vincent_van_Gogh_773.jpg,Vincent_van_Gogh,e9a55eca9d989a21,True
Francisco_Goya_230.jpg,Francisco_Goya,c5363f6b38647243,True
Paul_Gauguin_223.jpg,Paul_Gauguin,e80457f7e34b90f0,True
Francisco_Goya_152.jpg,Francisco_Goya,ccc1d6c0f734b836,True
Paul_Gauguin_77.jpg,Paul_Gauguin,ef9c9c239161f18c,True
Titian_198.jpg,Titian,8a4d4a9ae58df951,True
Pierre-Auguste_Renoir_204.jpg,Pierre-Auguste_Renoir,f2a44d990fb8bd42,True
Pierre-Auguste_Renoir_25.jpg,Pierre-Auguste_Renoir,ea1b942bc3cc9935,True
Pablo_Picasso_97.jpg,Pablo_Picasso,fa2185d2ca8dcf34,True
Rembrandt_59.jpg,Rembrandt,c63e39c83a31e6c3,True
Pablo_Picasso_235.jpg,Pablo_Picasso,aad086f9a43de117,True
Paul_Gauguin_36.jpg,Paul_Gauguin,81c574393a57953d,True
Albrecht_Du╠êrer_227.jpg,Albrecht_Dürer,bde0e3cfc4111d38,True
Pablo_Picasso_40.jpg,Pablo_Picasso,eeee8e81f1082ee4,True
Pablo_Picasso_220.jpg,Pablo_Picasso,874b38bc5b06c13f,True
Edgar_Degas_543.jpg,Edgar_Degas,ecbcd9490f32730a,True
Pierre-Auguste_Renoir_293.jpg,Pierre-Auguste_Renoir,d8dc24c933679c33,True
Vincent_van_Gogh_685.jpg,Vincent_van_Gogh,cdcee93436621acc,True
Vincent_van_Gogh_609.jpg,Vincent_van_Gogh,e34bdc6d86a489aa,True
Edgar_Degas_680.jpg,Edgar_Degas,b659b758ec926388,True
Paul_Gauguin_70.jpg,Paul_Gauguin,8d7a61c7733881ce,True
Alfred_Sisley_217.jpg,Alfred_Sisley,cc0ab2f39ba2f0f0,True
Albrecht_Du╠êrer_24.jpg,Albrecht_Dürer,a5da9a65498d6696,True
Albrecht_Dürer_148.jpg,Albrecht_Dürer,fad8a5cac805b327,True
Rembrandt_186.jpg,Rembrandt,d8d865649a936d6c,True
Edgar_Degas_46.jpg,Edgar_Degas,d66b60a4b5cd3266,True
Vincent_van_Gogh_509.jpg,Vincent_van_Gogh,d0fce0bb8c0e62cb,True
Rembrandt_205.jpg,Rembrandt,89265ad32699669f,True
Paul_Gauguin_37.jpg,Paul_Gauguin,8e893673c3cd3926,True
Albrecht_Dürer_238.jpg,Albrecht_Dürer,970a8bac2c52f6f2,True
Pablo_Picasso_134.jpg,Pablo_Picasso,98596664d3db9c64,True
Albrecht_Dürer_57.jpg,Albrecht_Dürer,ba3a9352d3b1c4c5,True
Alfred_Sisley_156.jpg,Alfred_Sisley,dad24ee06430e3ed,True
Edgar_Degas_42.jpg,Edgar_Degas,b5db40651e3666b4,True
Vincent_van_Gogh_15.jpg,Vincent_van_Gogh,eaa9c076716e48a7,True
Titian_60.jpg,Titian,c45c36f31bc3343c,True
Francisco_Goya_139.jpg,Francisco_Goya,88ed3d7226cde21c,True
Vincent_van_Gogh_549.jpg,Vincent_van_Gogh,ff4690b981c47b2a,True
Vincent_van_Gogh_756.jpg,Vincent_van_Gogh,e3a3191cb2f309cd,True
Vincent_van_Gogh_158.jpg,Vincent_van_Gogh,fcd0c00f5f3d807a,True
Edgar_Degas_386.jpg,Edgar_Degas,e8a18597367a49cb,True
Edgar_Degas_142.jpg,Edgar_Degas,c7b33b59b0b01f48,True
Titian_175.jpg,Titian,af51d22b528ae58d,True
Edgar_Degas_572.jpg,Edgar_Degas,cba4369f9f324426,True
Rembrandt_80.jpg,Rembrandt,937a2d8c70b36ec4,True
Albrecht_Dürer_82.jpg,Albrecht_Dürer,a8fe47f39c2404b5,True
Vincent_van_Gogh_745.jpg,Vincent_van_Gogh,99cb26366287c9d9,True
Vincent_van_Gogh_616.jpg,Vincent_van_Gogh,9a1965647365c697,True
Pablo_Picasso_425.jpg,Pablo_Picasso,de740ec862cd313d,True
Paul_Gauguin_27.jpg,Paul_Gauguin,d9e5571ff2308063,True
Rembrandt_49.jpg,Rembrandt,e15d5b6a88985ea6,True
Pierre-Auguste_Renoir_31.jpg,Pierre-Auguste_Renoir,cde0b0bf9256f094,True
Francisco_Goya_188.jpg,Francisco_Goya,bb5fc4369a699184,True
Rembrandt_129.jpg,Rembrandt,fdc2423d3d1ac2c5,True
Edgar_Degas_478.jpg,Edgar_Degas,bd5d6dabe26280b0,True
Pablo_Picasso_140.jpg,Pablo_Picasso,e9c3943034d34b77,True
Titian_189.jpg,Titian,ef7438e9c5839618,True
Francisco_Goya_131.jpg,Francisco_Goya,eb7b940fc1629ca4,True
Albrecht_Du╠êrer_118.jpg,Albrecht_Dürer,868e3969f9c296d2,True
Pierre-Auguste_Renoir_41.jpg,Pierre-Auguste_Renoir,c325bc79e126e5e0,True
Alfred_Sisley_160.jpg,Alfred_Sisley,cc92b761483e37e1,True
Pierre-Auguste_Renoir_239.jpg,Pierre-Auguste_Renoir,aded3092d00fcf1a,True
Edgar_Degas_505.jpg,Edgar_Degas,f84e47cfb081bb48,True
Rembrandt_218.jpg,Rembrandt,f7ec00d3c619c9a6,True
Rembrandt_182.jpg,Rembrandt,986127cef331cc33,True
Vincent_van_Gogh_530.jpg,Vincent_van_Gogh,af0bc1f886e5d452,True
Titian_37.jpg,Titian,836f30318e68e3e7,True
Francisco_Goya_105.jpg,Francisco_Goya,9be424195badc43b,True
Francisco_Goya_125.jpg,Francisco_Goya,d18e86f1ba271dc2,True
Vincent_van_Gogh_273.jpg,Vincent_van_Gogh,d3643cdbc03e26d8,True
Pierre-Auguste_Renoir_195.jpg,Pierre-Auguste_Renoir,b333cc8e3ac06c9d,True
Vincent_van_Gogh_875.jpg,Vincent_van_Gogh,eff4c1e8904e0795,True
Francisco_Goya_50.jpg,Francisco_Goya,d89326771b4cccc6,True
Vincent_van_Gogh_678.jpg,Vincent_van_Gogh,8fac86d3f067e118,True
Albrecht_Dürer_234.jpg,Albrecht_Dürer,aeb6d4926949acc5,False
Edgar_Degas_226.jpg,Edgar_Degas,bec765f08196928d,True
Titian_145.jpg,Titian,c93437cb36f0d24a,True
Vincent_van_Gogh_799.jpg,Vincent_van_Gogh,a8b296a9df4235d8,True
Vincent_van_Gogh_683.jpg,Vincent_van_Gogh,d2f2a6c72d0d0d39,False
Edgar_Degas_229.jpg,Edgar_Degas,fee2a28f3d251621,True
Edgar_Degas_239.jpg,Edgar_Degas,eb934b31d4ca8972,True
Rembrandt_242.jpg,Rembrandt,8cb8637370cc39ce,True
Pablo_Picasso_226.jpg,Pablo_Picasso,8fad36b630b170c9,True
Francisco_Goya_223.jpg,Francisco_Goya,be6ac11fc4ce9891,True
Vincent_van_Gogh_452.jpg,Vincent_van_Gogh,fcbf9060e7e0a0d4,True
Edgar_Degas_508.jpg,Edgar_Degas,f6be18a1e3ae0cd0,True
Albrecht_Du╠êrer_284.jpg,Albrecht_Dürer,cd6b807c1d9a74f0,True
Edgar_Degas_140.jpg,Edgar_Degas,caca3596e5681b99,True
Paul_Gauguin_40.jpg,Paul_Gauguin,e33367b764202ae3,True
Vincent_van_Gogh_25.jpg,Vincent_van_Gogh,d3b884df7c067906,True
Titian_109.jpg,Titian,980cf26793748bec,True
Albrecht_Dürer_134.jpg,Albrecht_Dürer,bfe0c31ec8929e68,True
Paul_Gauguin_293.jpg,Paul_Gauguin,ce6ef14e8c8d0696,True
Albrecht_Du╠êrer_229.jpg,Albrecht_Dürer,cf56b820ce99b16a,True
Albrecht_Dürer_218.jpg,Albrecht_Dürer,850fb2e4534fd4e8,True
Edgar_Degas_375.jpg,Edgar_Degas,b5ccb03adac68363,True
Pablo_Picasso_124.jpg,Pablo_Picasso,9b996465c8369bc3,True
Vincent_van_Gogh_320.jpg,Vincent_van_Gogh,c7bcc04b48433eee,True
Pierre-Auguste_Renoir_260.jpg,Pierre-Auguste_Renoir,ca6c70b35e8dd305,True
Pierre-Auguste_Renoir_147.jpg,Pierre-Auguste_Renoir,96940b477df14bc8,True
Vincent_van_Gogh_217.jpg,Vincent_van_Gogh,89e4f9d324cb36a1,True
Edgar_Degas_459.jpg,Edgar_Degas,c380e4ff3d332a0e,True
Titian_134.jpg,Titian,813738589675e5e9,True
Vincent_van_Gogh_253.jpg,Vincent_van_Gogh,cb59b364ec4d9a82,True
Vincent_van_Gogh_608.jpg,Vincent_van_Gogh,916ac01dea65da6d,True
Albrecht_Dürer_267.jpg,Albrecht_Dürer,bdfa0c3c71893cd0,True
Albrecht_Du╠êrer_85.jpg,Albrecht_Dürer,ba2dc930f27e7680,True
Vincent_van_Gogh_30.jpg,Vincent_van_Gogh,d37b3c2ed3876090,True
Edgar_Degas_322.jpg,Edgar_Degas,efad19c29a362554,True
Albrecht_Dürer_141.jpg,Albrecht_Dürer,c9e9127735d41ea4,True
Vincent_van_Gogh_74.jpg,Vincent_van_Gogh,9ebaf3d6f8e14008,True
Edgar_Degas_344.jpg,Edgar_Degas,eda9f143263626e2,True
Pierre-Auguste_Renoir_87.jpg,Pierre-Auguste_Renoir,c8ccdac5b1e1d0e5,True
Alfred_Sisley_47.jpg,Alfred_Sisley,b9f9d30c4ccab131,True
Paul_Gauguin_217.jpg,Paul_Gauguin,a4e27870c9bb8735,True
Edgar_Degas_278.jpg,Edgar_Degas,fceefb3271604182,True
Albrecht_Du╠êrer_99.jpg,Albrecht_Dürer,83a1a367d1261e9f,True
Edgar_Degas_378.jpg,Edgar_Degas,cef029dbc32cce24,True
Albrecht_Dürer_308.jpg,Albrecht_Dürer,ac9b93a6b432e29c,True
Albrecht_Du╠êrer_115.jpg,Albrecht_Dürer,eb4a9434393563e3,True
Edgar_Degas_538.jpg,Edgar_Degas,cdf643e11f8db801,True
Albrecht_Du╠êrer_139.jpg,Albrecht_Dürer,ac66926b8f986939,False
Alfred_Sisley_168.jpg,Alfred_Sisley,f3c80e71c58671e5,True
Edgar_Degas_8.jpg,Edgar_Degas,aea0d0d8cc48cfe7,True
Titian_155.jpg,Titian,f968f013063798ed,True
Vincent_van_Gogh_337.jpg,Vincent_van_Gogh,82eed08f3841bfb8,True
Albrecht_Dürer_76.jpg,Albrecht_Dürer,b884c76bb69c854e,True
Albrecht_Du╠êrer_197.jpg,Albrecht_Dürer,e5a29348cc3277ec,True
Albrecht_Dürer_154.jpg,Albrecht_Dürer,82a5f532bd96c43a,True
Pierre-Auguste_Renoir_37.jpg,Pierre-Auguste_Renoir,bbe29485d874cb1c,True
Vincent_van_Gogh_635.jpg,Vincent_van_Gogh,ae8e9af94d2070e6,True
Albrecht_Dürer_122.jpg,Albrecht_Dürer,b3199c6fc642b19c,True
Albrecht_Dürer_246.jpg,Albrecht_Dürer,f5eca83b7a1a0cd0,True
Vincent_van_Gogh_488.jpg,Vincent_van_Gogh,c3d0a4c70b6a96eb,True
Pablo_Picasso_177.jpg,Pablo_Picasso,f9e08687cb1d9833,True
Paul_Gauguin_156.jpg,Paul_Gauguin,c4871a74378e8fd4,True
Edgar_Degas_528.jpg,Edgar_Degas,ba4b9dd092e48a97,True
Francisco_Goya_256.jpg,Francisco_Goya,bcb6030bcc2c9f53,True
Albrecht_Du╠êrer_323.jpg,Albrecht_Dürer,bb6609c9e6b91866,True
Vincent_van_Gogh_191.jpg,Vincent_van_Gogh,98ae0f79318565da,True
Albrecht_Dürer_6.jpg,Albrecht_Dürer,a626059359d9c5d7,True
Edgar_Degas_277.jpg,Edgar_Degas,8f877428ac96734b,True
Pablo_Picasso_106.jpg,Pablo_Picasso,8eb1b2ce991c4dca,True
Rembrandt_91.jpg,Rembrandt,d2256d92b26dd992,True
Titian_236.jpg,Titian,8ebc30c743793c96,True
Rembrandt_195.jpg,Rembrandt,f5e10a1e69a5bc4a,True
Francisco_Goya_214.jpg,Francisco_Goya,ad90964f713ec662,True
Edgar_Degas_328.jpg,Edgar_Degas,b32ae443ce39993c,True
Francisco_Goya_123.jpg,Francisco_Goya,cbe00d9f31630d79,True
Albrecht_Dürer_275.jpg,Albrecht_Dürer,92bd40ba7c60c7f1,True
Edgar_Degas_160.jpg,Edgar_Degas,9ce26394e3c99527,True
Edgar_Degas_133.jpg,Edgar_Degas,e9a1374efa2ce032,True
Pablo_Picasso_345.jpg,Pablo_Picasso,d1396fb08583b42f,True
Albrecht_Dürer_299.jpg,Albrecht_Dürer,8618f8b862ff1f22,True
Francisco_Goya_184.jpg,Francisco_Goya,9a9e5d482e30f6c5,True
Pablo_Picasso_2.jpg,Pablo_Picasso,a4857a3b93c7c626,True
Albrecht_Dürer_41.jpg,Albrecht_Dürer,bebcc1c2b9f80703,True
Titian_188.jpg,Titian,922692ec2ded6539,True
Albrecht_Dürer_62.jpg,Albrecht_Dürer,cdf297c111c6a45b,True
Edgar_Degas_352.jpg,Edgar_Degas,c5fb31c7488c6693,True
Edgar_Degas_374.jpg,Edgar_Degas,ce9b626a7b48e4a4,True
Francisco_Goya_268.jpg,Francisco_Goya,ba73cd0e9691c1c5,True
Edgar_Degas_288.jpg,Edgar_Degas,b8f0070f9cd8ba39,True
Vincent_van_Gogh_619.jpg,Vincent_van_Gogh,f20db2ecd33a83c2,True
Vincent_van_Gogh_828.jpg,Vincent_van_Gogh,d23f6bc025f0429f,True
Vincent_van_Gogh_566.jpg,Vincent_van_Gogh,958f4153d188f89f,True
Vincent_van_Gogh_646.jpg,Vincent_van_Gogh,ebb81e5b41731c83,True
Albrecht_Du╠êrer_27.jpg,Albrecht_Dürer,ecccc3b196475872,True
Titian_110.jpg,Titian,8d5b0cf32735c2a5,True
Rembrandt_7.jpg,Rembrandt,9b6c6521b23669d9,True
Pablo_Picasso_58.jpg,Pablo_Picasso,983f67d74f216482,True
Pablo_Picasso_297.jpg,Pablo_Picasso,eb1bbc4c9663c072,True
Edgar_Degas_26.jpg,Edgar_Degas,cd39765424be12d3,True
Vincent_van_Gogh_397.jpg,Vincent_van_Gogh,e6e6d31989f4ca44,True
Pablo_Picasso_368.jpg,Pablo_Picasso,9ae4257992078ede,True
Vincent_van_Gogh_115.jpg,Vincent_van_Gogh,9e96b3376630706c,True
Paul_Gauguin_105.jpg,Paul_Gauguin,eed101eac58facb0,True
Pablo_Picasso_399.jpg,Pablo_Picasso,bf92c06cd433c36c,True
Paul_Gauguin_154.jpg,Paul_Gauguin,fcef431633388c92,True
Albrecht_Du╠êrer_293.jpg,Albrecht_Dürer,d2ada5361372b88b,True
Edgar_Degas_425.jpg,Edgar_Degas,9f13482925ce6b3b,True
Pablo_Picasso_207.jpg,Pablo_Picasso,affb54ee10848ea4,True
Albrecht_Dürer_212.jpg,Albrecht_Dürer,c44e85b87ab429f9,True
Vincent_van_Gogh_123.jpg,Vincent_van_Gogh,e19d5c282fe10f0f,True
Albrecht_Dürer_317.jpg,Albrecht_Dürer,958767e17c7870c1,True
Pierre-Auguste_Renoir_112.jpg,Pierre-Auguste_Renoir,a5a470d971ae99c6,True
Edgar_Degas_274.jpg,Edgar_Degas,a787133964853e7a,True
Vincent_van_Gogh_753.jpg,Vincent_van_Gogh,836a8d3eb507e2f0,True
Edgar_Degas_154.jpg,Edgar_Degas,ec9522e695712cd5,True
Vincent_van_Gogh_207.jpg,Vincent_van_Gogh,d9dd267969262683,True
Edgar_Degas_169.jpg,Edgar_Degas,e6a26e95cb7a9025,True
Vincent_van_Gogh_174.jpg,Vincent_van_Gogh,caa5ad12da3f9264,True
Pablo_Picasso_31.jpg,Pablo_Picasso,bce0c39e66674730,True
Francisco_Goya_71.jpg,Francisco_Goya,9b80cd4f32b13bd2,True
Paul_Gauguin_97.jpg,Paul_Gauguin,add4fad282e8452b,True
Rembrandt_217.jpg,Rembrandt,903f4a7ff0902fe0,True
Rembrandt_68.jpg,Rembrandt,9d82e52546b68a7d,True
Pierre-Auguste_Renoir_165.jpg,Pierre-Auguste_Renoir,ae02794996b2e27b,True
Edgar_Degas_339.jpg,Edgar_Degas,e88d5d60276273e3,True
Edgar_Degas_165.jpg,Edgar_Degas,b3776332bcecc048,True
Paul_Gauguin_82.jpg,Paul_Gauguin,af3a90c5d039703f,True
Albrecht_Dürer_272.jpg,Albrecht_Dürer,ac4f9232967cda83,True
Paul_Gauguin_190.jpg,Paul_Gauguin,9b66289d87cf640b,True
Vincent_van_Gogh_859.jpg,Vincent_van_Gogh,8ca7c3706d0ebe43,True
Albrecht_Dürer_34.jpg,Albrecht_Dürer,ea6294ad8f33cc94,False
Pierre-Auguste_Renoir_171.jpg,Pierre-Auguste_Renoir,a5e2965f284662dd,True
Vincent_van_Gogh_780.jpg,Vincent_van_Gogh,acddc2259cda8366,True
Titian_237.jpg,Titian,e00b0dbeb9d229a7,True
Vincent_van_Gogh_275.jpg,Vincent_van_Gogh,d2d0ded604252daf,True
Edgar_Degas_549.jpg,Edgar_Degas,e1a1b51c92db9939,True
Albrecht_Dürer_21.jpg,Albrecht_Dürer,e61b882da1d2ceb3,False
Albrecht_Dürer_163.jpg,Albrecht_Dürer,f8a5611ff868c1e2,True
Paul_Gauguin_100.jpg,Paul_Gauguin,b96672376960cc2d,True
Pierre-Auguste_Renoir_35.jpg,Pierre-Auguste_Renoir,babc4169e753a81a,True
Vincent_van_Gogh_156.jpg,Vincent_van_Gogh,8ca6f1639bf01ac9,True
Vincent_van_Gogh_202.jpg,Vincent_van_Gogh,9646ee6b13e118b6,True
Edgar_Degas_401.jpg,Edgar_Degas,f3c30e3eb131b262,True
Albrecht_Dürer_26.jpg,Albrecht_Dürer,a3333292c6cf0f1d,True
Edgar_Degas_200.jpg,Edgar_Degas,e2bccd938687a5c8,True
Alfred_Sisley_116.jpg,Alfred_Sisley,f0988d4b7d7b1464,True
Pablo_Picasso_343.jpg,Pablo_Picasso,e98e26931a29dd3c,True
Pierre-Auguste_Renoir_283.jpg,Pierre-Auguste_Renoir,999966639a267999,True
Paul_Gauguin_60.jpg,Paul_Gauguin,fa81857e923ab16c,True
Pablo_Picasso_144.jpg,Pablo_Picasso,c5eb4ae8bd87301c,True
Albrecht_Du╠êrer_78.jpg,Albrecht_Dürer,ae90d26e95c278b5,True
Pablo_Picasso_371.jpg,Pablo_Picasso,89e574f2829b9d38,True
Paul_Gauguin_297.jpg,Paul_Gauguin,f31b0663adc4f099,True
Vincent_van_Gogh_388.jpg,Vincent_van_Gogh,a799c06ac9d4e9c6,True
Francisco_Goya_281.jpg,Francisco_Goya,c948e46c87bb196d,True
Vincent_van_Gogh_417.jpg,Vincent_van_Gogh,d2cb5ab819173276,True
Vincent_van_Gogh_300.jpg,Vincent_van_Gogh,ade4961a8ba3b31a,True
Pablo_Picasso_391.jpg,Pablo_Picasso,fad22763354f3828,True
Alfred_Sisley_248.jpg,Alfred_Sisley,999ce851c4678cf9,True
Albrecht_Du╠êrer_306.jpg,Albrecht_Dürer,cfa803c7bc3e9341,True
Edgar_Degas_404.jpg,Edgar_Degas,905c6c23efca438f,True
Edgar_Degas_568.jpg,Edgar_Degas,e51c62afda992b48,True
Rembrandt_184.jpg,Rembrandt,ccc5313cc63339dc,True
Paul_Gauguin_57.jpg,Paul_Gauguin,aad455aa505daa5b,True
Paul_Gauguin_75.jpg,Paul_Gauguin,ea687a7575f01219,True
Pablo_Picasso_379.jpg,Pablo_Picasso,c735ea1b2a213ce3,True
Pierre-Auguste_Renoir_95.jpg,Pierre-Auguste_Renoir,f8b4c54ab0c5cb33,True
Vincent_van_Gogh_610.jpg,Vincent_van_Gogh,ad9acae1d1bc9c48,True
Albrecht_Du╠êrer_237.jpg,Albrecht_Dürer,cb70271f34a3c729,True
Edgar_Degas_209.jpg,Edgar_Degas,b9c846c7c8e3c726,True
Pierre-Auguste_Renoir_1.jpg,Pierre-Auguste_Renoir,863be4d57b22858e,True
Francisco_Goya_108.jpg,Francisco_Goya,f5d0c1279c19e2cd,True
Vincent_van_Gogh_327.jpg,Vincent_van_Gogh,8a1f9781cf7551a8,True
Albrecht_Dürer_174.jpg,Albrecht_Dürer,e0ee9496593ac98b,True
Edgar_Degas_701.jpg,Edgar_Degas,c43e5e39b0d3314e,True
Pablo_Picasso_378.jpg,Pablo_Picasso,80fa2dc597e6189b,True
Pierre-Auguste_Renoir_220.jpg,Pierre-Auguste_Renoir,c31e64379c183fe2,True
Pierre-Auguste_Renoir_250.jpg,Pierre-Auguste_Renoir,8c303b43deafb449,True
Rembrandt_152.jpg,Rembrandt,bef171d2cc0d3132,True
Albrecht_Dürer_305.jpg,Albrecht_Dürer,ee80b64bd979854c,True
Edgar_Degas_49.jpg,Edgar_Degas,afad0772b2519c64,True
Pierre-Auguste_Renoir_43.jpg,Pierre-Auguste_Renoir,d8f0b73149bb215a,True
Albrecht_Dürer_139.jpg,Albrecht_Dürer,ac66926b8f986939,True
Vincent_van_Gogh_266.jpg,Vincent_van_Gogh,afcdb072c3c2e838,True
Vincent_van_Gogh_476.jpg,Vincent_van_Gogh,d35c652693419ee9,True
Albrecht_Dürer_100.jpg,Albrecht_Dürer,cacb5250e5a71d4b,True
Vincent_van_Gogh_181.jpg,Vincent_van_Gogh,80c0a73576b267cf,True
Alfred_Sisley_215.jpg,Alfred_Sisley,fe214136ae4aa3b5,True
Alfred_Sisley_238.jpg,Alfred_Sisley,d18df2ea071598e5,True
Albrecht_Dürer_126.jpg,Albrecht_Dürer,beb5e5028fe1f00c,True
Albrecht_Du╠êrer_292.jpg,Albrecht_Dürer,f9ba85aca7924cc2,True
Albrecht_Du╠êrer_283.jpg,Albrecht_Dürer,8278ad07d9859fd2,True
Titian_27.jpg,Titian,94b13ba5677a089b,True
Titian_45.jpg,Titian,c94b6c1927663b63,True
Albrecht_Dürer_177.jpg,Albrecht_Dürer,911ec87362d90de7,True
Albrecht_Du╠êrer_286.jpg,Albrecht_Dürer,c8ae0558e3f2966b,True
Rembrandt_95.jpg,Rembrandt,f83b0f66b300b53a,True
Albrecht_Du╠êrer_113.jpg,Albrecht_Dürer,cb4fb0506d68257e,True
Pablo_Picasso_28.jpg,Pablo_Picasso,8bc6bc95f0639661,True
Pierre-Auguste_Renoir_48.jpg,Pierre-Auguste_Renoir,fb69913aaca3c382,True
Rembrandt_255.jpg,Rembrandt,87bebcf0c3d31860,True
Albrecht_Dürer_231.jpg,Albrecht_Dürer,b1c9cc3630c38f3e,True
Edgar_Degas_243.jpg,Edgar_Degas,d0d63ea1b1684677,True
Vincent_van_Gogh_182.jpg,Vincent_van_Gogh,e3c33c78c303f81e,True
Vincent_van_Gogh_146.jpg,Vincent_van_Gogh,97a1f85ae0d6619c,True
Francisco_Goya_283.jpg,Francisco_Goya,bfc6c029963ee162,True
Edgar_Degas_354.jpg,Edgar_Degas,9fe0c03d1c43f1ce,True
Albrecht_Dürer_53.jpg,Albrecht_Dürer,8f9d863e9d1da442,True
Pablo_Picasso_438.jpg,Pablo_Picasso,b030cd6626cccfc7,True
Vincent_van_Gogh_248.jpg,Vincent_van_Gogh,9fe798c8b932b8c0,True
Vincent_van_Gogh_22.jpg,Vincent_van_Gogh,aeb780d9638d2372,True
Paul_Gauguin_308.jpg,Paul_Gauguin,8b6fa074e39c3893,True
Pierre-Auguste_Renoir_169.jpg,Pierre-Auguste_Renoir,bba4784a85db46b4,True
Pablo_Picasso_67.jpg,Pablo_Picasso,89e8361fcb66e452,False
Paul_Gauguin_85.jpg,Paul_Gauguin,d9c6830673c98de5,True
Pablo_Picasso_218.jpg,Pablo_Picasso,a768971f4835ad4c,True
Vincent_van_Gogh_8.jpg,Vincent_van_Gogh,a186d16fd27a2792,True
Vincent_van_Gogh_334.jpg,Vincent_van_Gogh,8c4fb76237366095,True
Edgar_Degas_173.jpg,Edgar_Degas,81b39b5bc534ac66,True
Vincent_van_Gogh_236.jpg,Vincent_van_Gogh,d23464ce98b7849f,False
Titian_58.jpg,Titian,c8d9376464b2e33a,True
Edgar_Degas_99.jpg,Edgar_Degas,c24b36b0ded549d2,True
Francisco_Goya_240.jpg,Francisco_Goya,fe3e856bc0919994,True
Titian_161.jpg,Titian,853736d8c326f899,True
Rembrandt_159.jpg,Rembrandt,c38e3c41633ec6d3,True
Vincent_van_Gogh_538.jpg,Vincent_van_Gogh,bade94049e39b269,True
Titian_7.jpg,Titian,d8d82a6738471f99,True
Edgar_Degas_454.jpg,Edgar_Degas,bab791c9e4c8652c,True
Paul_Gauguin_279.jpg,Paul_Gauguin,99c6a3399c9ee429,True
Albrecht_Dürer_312.jpg,Albrecht_Dürer,8781783f9c60f30f,True
Albrecht_Dürer_5.jpg,Albrecht_Dürer,cf56ca3d1a61e464,True
Pierre-Auguste_Renoir_142.jpg,Pierre-Auguste_Renoir,c783373bc9345a46,True
Vincent_van_Gogh_518.jpg,Vincent_van_Gogh,e9c1c2dca9273e23,True
Vincent_van_Gogh_283.jpg,Vincent_van_Gogh,d0dac56d3d556b04,False
Pierre-Auguste_Renoir_229.jpg,Pierre-Auguste_Renoir,c5f36ecd90962346,True
Edgar_Degas_698.jpg,Edgar_Degas,ce4bdbbc28995834,True
Albrecht_Du╠êrer_21.jpg,Albrecht_Dürer,e61b882da1d2ceb3,True
Vincent_van_Gogh_219.jpg,Vincent_van_Gogh,aca332ed8757ac30,True
Vincent_van_Gogh_824.jpg,Vincent_van_Gogh,bf28d0692d9634d3,True
Francisco_Goya_280.jpg,Francisco_Goya,99cc65729369649e,True
Pierre-Auguste_Renoir_27.jpg,Pierre-Auguste_Renoir,9a789624adda372c,True
Titian_50.jpg,Titian,9ccc6233653363b6,True
Edgar_Degas_510.jpg,Edgar_Degas,98ce664697b67149,True
Pablo_Picasso_68.jpg,Pablo_Picasso,82464c6c4fb3b6da,True
Edgar_Degas_132.jpg,Edgar_Degas,d5d4dad5c244b352,True
Alfred_Sisley_5.jpg,Alfred_Sisley,9be51e72c00827df,True
Edgar_Degas_68.jpg,Edgar_Degas,8e3c12e5d89bc56a,True
Pablo_Picasso_135.jpg,Pablo_Picasso,b593c9bc588e3ba0,True
Titian_147.jpg,Titian,eec7c81f43a0b2cc,True
Vincent_van_Gogh_485.jpg,Vincent_van_Gogh,e992e46e9b695a81,True
Edgar_Degas_464.jpg,Edgar_Degas,c9bf12c1a1eaac6c,True
Titian_106.jpg,Titian,cfb0b347e6169909,True
Rembrandt_192.jpg,Rembrandt,c934778b924538cf,True
Albrecht_Du╠êrer_147.jpg,Albrecht_Dürer,cbe2bc8136316ecc,True
Edgar_Degas_457.jpg,Edgar_Degas,bb97462b94c289f2,True
Francisco_Goya_250.jpg,Francisco_Goya,e96d9792961c9532,True
Pablo_Picasso_62.jpg,Pablo_Picasso,aeea6db1a1c49c1c,True
Titian_156.jpg,Titian,9d724eb9233cc44b,True
Albrecht_Dürer_143.jpg,Albrecht_Dürer,fe30c1fad05a66c8,True
Albrecht_Dürer_302.jpg,Albrecht_Dürer,c5be9e21cbc1f421,True
Vincent_van_Gogh_324.jpg,Vincent_van_Gogh,cae438f0c7e839a3,True
Vincent_van_Gogh_297.jpg,Vincent_van_Gogh,9af2a7c72d890b58,True
Alfred_Sisley_134.jpg,Alfred_Sisley,e2afc50af4243df0,True
Edgar_Degas_251.jpg,Edgar_Degas,d2dff48203f441f2,True
Alfred_Sisley_255.jpg,Alfred_Sisley,9ce7903c07e8f962,True
Pablo_Picasso_288.jpg,Pablo_Picasso,b38ccb336693cc26,True
Edgar_Degas_477.jpg,Edgar_Degas,f14caa339467ac3c,True
Titian_30.jpg,Titian,e0f81f07b48ee2e1,True
Titian_86.jpg,Titian,b6b3c869010bdde6,True
Pablo_Picasso_91.jpg,Pablo_Picasso,cb7a316486949bcb,True
Edgar_Degas_697.jpg,Edgar_Degas,d4a2d309b91ae2d7,True
Albrecht_Du╠êrer_281.jpg,Albrecht_Dürer,c64e0fbc98288bbe,True
Edgar_Degas_320.jpg,Edgar_Degas,a743c99d9c1e1a9c,True
Vincent_van_Gogh_703.jpg,Vincent_van_Gogh,9c9dcf83a330b5c4,True
Rembrandt_219.jpg,Rembrandt,c691cac363c76179,True
Vincent_van_Gogh_763.jpg,Vincent_van_Gogh,967ea68c959cf0e0,True
Paul_Gauguin_177.jpg,Paul_Gauguin,ec8fb9cc093b43c2,True
Alfred_Sisley_119.jpg,Alfred_Sisley,e1de3219c4fa1768,True
Edgar_Degas_259.jpg,Edgar_Degas,d6928f39a7279c60,True
Vincent_van_Gogh_228.jpg,Vincent_van_Gogh,fa843b6b84d12b56,True
Albrecht_Du╠êrer_119.jpg,Albrecht_Dürer,ebb1fa094d77a480,True
Edgar_Degas_341.jpg,Edgar_Degas,a4f14fb2d2cf180e,True
Alfred_Sisley_54.jpg,Alfred_Sisley,e9e2951fd07a6087,True
Edgar_Degas_104.jpg,Edgar_Degas,f3a88c933b88ccb3,True
Vincent_van_Gogh_785.jpg,Vincent_van_Gogh,e6e61a1d74e40d4d,True
Alfred_Sisley_213.jpg,Alfred_Sisley,ce9533780af5e518,True
Edgar_Degas_308.jpg,Edgar_Degas,cec41966302b7eb5,True
Paul_Gauguin_208.jpg,Paul_Gauguin,a79e78b344944b78,True
Paul_Gauguin_99.jpg,Paul_Gauguin,949dc86233b269fc,True
Pablo_Picasso_373.jpg,Pablo_Picasso,a45308e8b741e1ff,True
Pablo_Picasso_356.jpg,Pablo_Picasso,a96bd03617e0b09f,True
Edgar_Degas_521.jpg,Edgar_Degas,dc89b3318626e9cd,True
Pablo_Picasso_157.jpg,Pablo_Picasso,9ee4a163b14c8ecd,True
Albrecht_Dürer_30.jpg,Albrecht_Dürer,aebf80d0c313a55d,True
Pierre-Auguste_Renoir_322.jpg,Pierre-Auguste_Renoir,ed6227929a8cc736,True
Albrecht_Dürer_166.jpg,Albrecht_Dürer,eeb2d849b1638876,True
Rembrandt_21.jpg,Rembrandt,dc75e14d83d806ba,True
Edgar_Degas_569.jpg,Edgar_Degas,b393d82e9273e720,True
Pablo_Picasso_112.jpg,Pablo_Picasso,950de16b5ad4f035,True
Albrecht_Du╠êrer_325.jpg,Albrecht_Dürer,d0a97ad5aad120dd,True
Pablo_Picasso_17.jpg,Pablo_Picasso,86b9b3886644bb73,True
Albrecht_Dürer_158.jpg,Albrecht_Dürer,ed6c1992379494cb,True
Albrecht_Du╠êrer_125.jpg,Albrecht_Dürer,9bb79538e84346ac,True
Vincent_van_Gogh_692.jpg,Vincent_van_Gogh,93d728b3e7330a46,True
Vincent_van_Gogh_540.jpg,Vincent_van_Gogh,80a99ee7603ebe8c,True
Albrecht_Dürer_63.jpg,Albrecht_Dürer,979eac04e171f29c,True
Vincent_van_Gogh_305.jpg,Vincent_van_Gogh,93d179fc1cc4063b,True
Rembrandt_105.jpg,Rembrandt,eabbbbe0e425c0d0,True
Vincent_van_Gogh_722.jpg,Vincent_van_Gogh,86cccbdb9b29215c,True
Pablo_Picasso_242.jpg,Pablo_Picasso,bd31c0ce1e1f6961,True
Albrecht_Dürer_103.jpg,Albrecht_Dürer,abc1b53a48e5da32,True
Edgar_Degas_281.jpg,Edgar_Degas,c62ab103c73d38bd,True
Vincent_van_Gogh_797.jpg,Vincent_van_Gogh,aa6e21629768df1c,True
Albrecht_Dürer_314.jpg,Albrecht_Dürer,a41b9b24eb4ee698,True
Vincent_van_Gogh_794.jpg,Vincent_van_Gogh,d0d59b2eb126c729,True
Alfred_Sisley_9.jpg,Alfred_Sisley,d1e52c43de2d43d4,True
Rembrandt_199.jpg,Rembrandt,98cd663639996c66,True
Albrecht_Dürer_251.jpg,Albrecht_Dürer,abb1ec6ce4257492,True
Paul_Gauguin_299.jpg,Paul_Gauguin,9ed4d34b2a16d5c8,True
Pablo_Picasso_85.jpg,Pablo_Picasso,a027d67a4b78cdc1,True
Pablo_Picasso_326.jpg,Pablo_Picasso,ed3695d08f34319c,True
Alfred_Sisley_211.jpg,Alfred_Sisley,9cc7e3f8dc070389,True
Vincent_van_Gogh_531.jpg,Vincent_van_Gogh,95ca2b7d6e99ac02,True
Albrecht_Dürer_4.jpg,Albrecht_Dürer,9b036c698e3ea761,True
Albrecht_Du╠êrer_320.jpg,Albrecht_Dürer,bec3d83ae02cc34d,True
Vincent_van_Gogh_741.jpg,Vincent_van_Gogh,a6e1d91e83316ecc,True
Pablo_Picasso_395.jpg,Pablo_Picasso,a8bc37c5507214ef,True
Francisco_Goya_133.jpg,Francisco_Goya,9aa5665a1b1aac76,True
Pierre-Auguste_Renoir_70.jpg,Pierre-Auguste_Renoir,f6c7e6b6ea45008c,True
Albrecht_Du╠êrer_234.jpg,Albrecht_Dürer,aeb6d4926949acc5,True
Edgar_Degas_659.jpg,Edgar_Degas,80b9957bccd06bca,True
Pablo_Picasso_331.jpg,Pablo_Picasso,afe5d018c68bb136,True
Edgar_Degas_98.jpg,Edgar_Degas,81262b52d47d9b9b,True
Rembrandt_72.jpg,Rembrandt,ccccc13333336b95,True
Edgar_Degas_146.jpg,Edgar_Degas,cbea760f1136264e,True
Pablo_Picasso_330.jpg,Pablo_Picasso,c30e7c389e315573,True
Edgar_Degas_565.jpg,Edgar_Degas,afb86068e0959cd7,True
Vincent_van_Gogh_14.jpg,Vincent_van_Gogh,85e26e6871c75237,True
Albrecht_Du╠êrer_84.jpg,Albrecht_Dürer,ffb4808bf42bd0e0,True
Edgar_Degas_56.jpg,Edgar_Degas,ecf487d8f88e19a0,True
Rembrandt_89.jpg,Rembrandt,e0b70bc47669b68a,True
Vincent_van_Gogh_697.jpg,Vincent_van_Gogh,d1f383b54d961c4c,True
Edgar_Degas_679.jpg,Edgar_Degas,9de9093eee523145,True
Edgar_Degas_525.jpg,Edgar_Degas,b9e98a26d6d09939,True
Francisco_Goya_16.jpg,Francisco_Goya,cb3e7cc11b4c7087,True
Vincent_van_Gogh_411.jpg,Vincent_van_Gogh,9786366637582557,True
Albrecht_Dürer_25.jpg,Albrecht_Dürer,e48d9b32ce632c8d,True
Vincent_van_Gogh_230.jpg,Vincent_van_Gogh,a9a5a0f5f464d362,True
Edgar_Degas_653.jpg,Edgar_Degas,8cb9d29ce491768b,True
Rembrandt_63.jpg,Rembrandt,e60eca701d7130fb,True
Vincent_van_Gogh_495.jpg,Vincent_van_Gogh,be14a572cba9d321,True
Pablo_Picasso_76.jpg,Pablo_Picasso,ddf9f288c984f094,True
Albrecht_Du╠êrer_101.jpg,Albrecht_Dürer,b6568b72f321f608,True
Albrecht_Dürer_279.jpg,Albrecht_Dürer,a48e12f3c5f0fa2c,True
Pablo_Picasso_88.jpg,Pablo_Picasso,907f6bb26685924b,True
Edgar_Degas_667.jpg,Edgar_Degas,a5e152aecf2f0c58,True
Titian_154.jpg,Titian,debaa220233faaaa,True
Albrecht_Dürer_73.jpg,Albrecht_Dürer,9efda7a2c0919295,True
Vincent_van_Gogh_358.jpg,Vincent_van_Gogh,cfe1b0976a99c047,True
Pablo_Picasso_287.jpg,Pablo_Picasso,c33e498639ce37c1,True
Vincent_van_Gogh_108.jpg,Vincent_van_Gogh,fcf412c9c5cb891c,True
Titian_185.jpg,Titian,8b710dc77a20fc47,True
Edgar_Degas_557.jpg,Edgar_Degas,ebd0d5296624e43e,True
Vincent_van_Gogh_363.jpg,Vincent_van_Gogh,9f4bb0346833d2ce,True
Francisco_Goya_112.jpg,Francisco_Goya,be71c3ccc093d295,True
Edgar_Degas_164.jpg,Edgar_Degas,e9e79652d165ac60,True
Pierre-Auguste_Renoir_161.jpg,Pierre-Auguste_Renoir,dcde6349b6c68c18,True
Titian_252.jpg,Titian,c9cc8bc3e4fd6421,True
Vincent_van_Gogh_420.jpg,Vincent_van_Gogh,cc93d68775317c48,True
Vincent_van_Gogh_814.jpg,Vincent_van_Gogh,e4ec85f312be6388,True
Titian_24.jpg,Titian,967746062fc707e8,True
Rembrandt_201.jpg,Rembrandt,896576b8d933ce90,True
Vincent_van_Gogh_788.jpg,Vincent_van_Gogh,99f92666cd439c58,True
Pablo_Picasso_10.jpg,Pablo_Picasso,b04c1de3c4396d9e,True
Vincent_van_Gogh_740.jpg,Vincent_van_Gogh,b3bde2c1e8882367,True
Pierre-Auguste_Renoir_88.jpg,Pierre-Auguste_Renoir,d2c78534f48b2be8,True
Vincent_van_Gogh_455.jpg,Vincent_van_Gogh,99616470d38f8d3d,True
Vincent_van_Gogh_353.jpg,Vincent_van_Gogh,abb3805f0e846a3f,True
Pablo_Picasso_384.jpg,Pablo_Picasso,f2468c5873943dd3,True
Edgar_Degas_499.jpg,Edgar_Degas,fe50c92a99ad922d,True
Edgar_Degas_241.jpg,Edgar_Degas,dfaf803a1b50c077,True
Edgar_Degas_649.jpg,Edgar_Degas,f16b5ca1029d26be,False
Edgar_Degas_255.jpg,Edgar_Degas,eba594d26ba905d2,True
Paul_Gauguin_15.jpg,Paul_Gauguin,a738ea51bc87e08d,True
Alfred_Sisley_73.jpg,Alfred_Sisley,d5cbd42c26d3a916,True
Francisco_Goya_118.jpg,Francisco_Goya,eef1b18e53a2c423,True
Pablo_Picasso_143.jpg,Pablo_Picasso,bf63e22299999989,True
Edgar_Degas_518.jpg,Edgar_Degas,81d1be03ffb75009,True
Vincent_van_Gogh_39.jpg,Vincent_van_Gogh,a4829d53e23d98dd,True
Albrecht_Du╠êrer_45.jpg,Albrecht_Dürer,e4929a4d9b769169,True
Alfred_Sisley_132.jpg,Alfred_Sisley,80fe7f08c0bf472a,True
Vincent_van_Gogh_516.jpg,Vincent_van_Gogh,e6c6924c1b73c5b2,True
Paul_Gauguin_65.jpg,Paul_Gauguin,803bddcfb138261b,True
Paul_Gauguin_271.jpg,Paul_Gauguin,c7c78170187bc69d,True
Paul_Gauguin_221.jpg,Paul_Gauguin,92c2dedd56541d25,True
Edgar_Degas_95.jpg,Edgar_Degas,c2643c9a674fae13,True
Francisco_Goya_100.jpg,Francisco_Goya,ba3ea5e5c8d881c3,True
Edgar_Degas_257.jpg,Edgar_Degas,a5ec848a5a737336,True
Pablo_Picasso_78.jpg,Pablo_Picasso,d96c2463e436be92,True
Albrecht_Du╠êrer_34.jpg,Albrecht_Dürer,ea6294ad8f33cc94,True
Rembrandt_169.jpg,Rembrandt,8c4e7bb123c2956d,True
Vincent_van_Gogh_560.jpg,Vincent_van_Gogh,d416c129be6e20df,True
Edgar_Degas_48.jpg,Edgar_Degas,d9a7e6b807644273,True
Edgar_Degas_47.jpg,Edgar_Degas,c3beb59116cc3847,True
Vincent_van_Gogh_238.jpg,Vincent_van_Gogh,f2b283bbdbcd0540,True
Pierre-Auguste_Renoir_55.jpg,Pierre-Auguste_Renoir,aaf59592da7a81a1,True
Rembrandt_197.jpg,Rembrandt,dce16712832d3e27,True
Francisco_Goya_6.jpg,Francisco_Goya,e49592396d861e73,True
Titian_65.jpg,Titian,eb0c1cc21b3fe233,True
Edgar_Degas_627.jpg,Edgar_Degas,e5d3791f8c8058ad,True
Pablo_Picasso_4.jpg,Pablo_Picasso,807b961e615f5963,True
Paul_Gauguin_151.jpg,Paul_Gauguin,ce8cce0dc68f5338,True
Paul_Gauguin_204.jpg,Paul_Gauguin,8cc8d3b5cf3a1a0d,True
Pierre-Auguste_Renoir_193.jpg,Pierre-Auguste_Renoir,e9b5a152875ecb0c,True
Vincent_van_Gogh_821.jpg,Vincent_van_Gogh,ec86876ac12f943e,True
Edgar_Degas_34.jpg,Edgar_Degas,c88e27e13534d93e,True
Titian_28.jpg,Titian,8e8e8e339372992d,True
Rembrandt_254.jpg,Rembrandt,8c73319896cfe391,True
Paul_Gauguin_182.jpg,Paul_Gauguin,c9c9c8d7373896c1,True
Alfred_Sisley_71.jpg,Alfred_Sisley,88f1966b34c2adb5,True
Albrecht_Du╠êrer_109.jpg,Albrecht_Dürer,fcc6c369c7389449,True
Edgar_Degas_301.jpg,Edgar_Degas,8e49b316f5a1d4ac,True
Vincent_van_Gogh_465.jpg,Vincent_van_Gogh,8579b8659a9e5664,True
Titian_226.jpg,Titian,d1d80dcbb6e4492d,True
Albrecht_Dürer_77.jpg,Albrecht_Dürer,a6f1b24215dfc272,True
Albrecht_Dürer_56.jpg,Albrecht_Dürer,9f1e6968696387c4,True
Edgar_Degas_530.jpg,Edgar_Degas,e888d637b582c3da,True
Titian_71.jpg,Titian,92963f694f61b443,True
Alfred_Sisley_99.jpg,Alfred_Sisley,dda4c980c0b2b6f7,True
Edgar_Degas_258.jpg,Edgar_Degas,cfa63e198c1ee1e0,True
Pierre-Auguste_Renoir_151.jpg,Pierre-Auguste_Renoir,e095aeb08e5b4dd8,True
Pablo_Picasso_334.jpg,Pablo_Picasso,ba746b644695612f,True
Titian_178.jpg,Titian,dcc80f1fe4723271,True
Vincent_van_Gogh_381.jpg,Vincent_van_Gogh,cf5150cd9097b734,True
Edgar_Degas_323.jpg,Edgar_Degas,9ecf23c87091c4b7,True
Titian_56.jpg,Titian,f8c9c8946f762662,True
Titian_104.jpg,Titian,e5ec87534aa17a0d,True
Pierre-Auguste_Renoir_267.jpg,Pierre-Auguste_Renoir,cbbc66c17d432433,True
Pierre-Auguste_Renoir_53.jpg,Pierre-Auguste_Renoir,e89176959cba63c8,True
Pablo_Picasso_204.jpg,Pablo_Picasso,f548436f4f8d21c9,True
Paul_Gauguin_51.jpg,Paul_Gauguin,cd485abd41b324d7,True
Alfred_Sisley_237.jpg,Alfred_Sisley,d8eea70b785628c6,True
Pierre-Auguste_Renoir_64.jpg,Pierre-Auguste_Renoir,9d8af03175403be7,True
Pierre-Auguste_Renoir_207.jpg,Pierre-Auguste_Renoir,fad6992535293265,True
Pablo_Picasso_420.jpg,Pablo_Picasso,bad0727944672967,True
Paul_Gauguin_140.jpg,Paul_Gauguin,ff3ac053bea04a25,True
Edgar_Degas_566.jpg,Edgar_Degas,d54bb3364ff0041b,True
Edgar_Degas_188.jpg,Edgar_Degas,b9f072089c632b9f,True
Albrecht_Dürer_260.jpg,Albrecht_Dürer,bf1ec071ba87f120,True
Pierre-Auguste_Renoir_128.jpg,Pierre-Auguste_Renoir,ede01a478f38d81b,True
Edgar_Degas_303.jpg,Edgar_Degas,8cc9e1a5cce63731,True
Vincent_van_Gogh_710.jpg,Vincent_van_Gogh,b76dee41a56b0322,True
Vincent_van_Gogh_666.jpg,Vincent_van_Gogh,9bb0f623e04cc69e,True
Francisco_Goya_198.jpg,Francisco_Goya,be37914ad2916999,True
Albrecht_Du╠êrer_15.jpg,Albrecht_Dürer,c909f66d18f07d0b,True
Vincent_van_Gogh_127.jpg,Vincent_van_Gogh,a852558f68f966d8,True
Francisco_Goya_51.jpg,Francisco_Goya,c3c76636a6c9391c,True
Vincent_van_Gogh_736.jpg,Vincent_van_Gogh,d4248e4e57436b3b,True
Edgar_Degas_533.jpg,Edgar_Degas,932cf0e3ce918b9c,True
Edgar_Degas_666.jpg,Edgar_Degas,e3c49ceb875411e3,True
Albrecht_Dürer_252.jpg,Albrecht_Dürer,ee328fc5b816d291,True
Vincent_van_Gogh_365.jpg,Vincent_van_Gogh,c6a6eece906aae50,True
Alfred_Sisley_142.jpg,Alfred_Sisley,a5ed997188a750ad,True
Albrecht_Du╠êrer_170.jpg,Albrecht_Dürer,abd293a52cd8523d,True
Albrecht_Dürer_124.jpg,Albrecht_Dürer,f42763570e4e9730,True
Rembrandt_56.jpg,Rembrandt,c92e36b19b5b24cc,True
Vincent_van_Gogh_643.jpg,Vincent_van_Gogh,afa5f0c6e31e02cc,True
Albrecht_Du╠êrer_69.jpg,Albrecht_Dürer,9042d5edcab122fb,True
Vincent_van_Gogh_281.jpg,Vincent_van_Gogh,e543c36d5ee09946,True
Rembrandt_33.jpg,Rembrandt,86ce713139c6cea3,True
Rembrandt_53.jpg,Rembrandt,ba126d6d99329663,True
Pablo_Picasso_208.jpg,Pablo_Picasso,c968361fcb66e452,True
Edgar_Degas_22.jpg,Edgar_Degas,eee4711bc6b0590d,True
Pierre-Auguste_Renoir_290.jpg,Pierre-Auguste_Renoir,df14644b886d97ac,True
Pierre-Auguste_Renoir_261.jpg,Pierre-Auguste_Renoir,99a66da54638935b,True
Paul_Gauguin_102.jpg,Paul_Gauguin,ca2fb591d4f8c341,True
Francisco_Goya_138.jpg,Francisco_Goya,90f7790c36d14cce,True
Alfred_Sisley_252.jpg,Alfred_Sisley,d4fb0332e11a7c87,True
Vincent_van_Gogh_569.jpg,Vincent_van_Gogh,a960d61a7b2e7871,True
Alfred_Sisley_208.jpg,Alfred_Sisley,deb0349c9267d54c,True
Edgar_Degas_501.jpg,Edgar_Degas,9d7279c9aa68c692,True
Paul_Gauguin_225.jpg,Paul_Gauguin,8a3c74c535ea0e3e,True
Paul_Gauguin_113.jpg,Paul_Gauguin,9339b093e267347c,True
Vincent_van_Gogh_782.jpg,Vincent_van_Gogh,c042d3db5c29cb6b,True
Edgar_Degas_560.jpg,Edgar_Degas,83adbc54d187a566,True
Pierre-Auguste_Renoir_276.jpg,Pierre-Auguste_Renoir,a87677f18301f3d0,True
Pablo_Picasso_418.jpg,Pablo_Picasso,9ed8d1b9603cc31d,True
Pablo_Picasso_191.jpg,Pablo_Picasso,aaa5e2b19487cf92,True
Vincent_van_Gogh_688.jpg,Vincent_van_Gogh,d47b09af6057f805,True
Pablo_Picasso_69.jpg,Pablo_Picasso,9f626499798ce265,True
Albrecht_Dürer_32.jpg,Albrecht_Dürer,b29bc4d6d9d9038c,True
Vincent_van_Gogh_40.jpg,Vincent_van_Gogh,d3d03cda64ac9b68,True
Pablo_Picasso_359.jpg,Pablo_Picasso,e9a636299a98995b,True
Alfred_Sisley_96.jpg,Alfred_Sisley,92ee296318fc871b,True
Francisco_Goya_52.jpg,Francisco_Goya,d2ec79920f1b6d90,True
Vincent_van_Gogh_834.jpg,Vincent_van_Gogh,ce1b255cb205d6d6,True
Pierre-Auguste_Renoir_49.jpg,Pierre-Auguste_Renoir,dbf2a583d9059239,True
Vincent_van_Gogh_32.jpg,Vincent_van_Gogh,c0cac36d3d7d6b04,True
Pablo_Picasso_77.jpg,Pablo_Picasso,eee5159a91c47896,True
Albrecht_Dürer_29.jpg,Albrecht_Dürer,8fd8e1837cbc06e2,False
Albrecht_Du╠êrer_29.jpg,Albrecht_Dürer,8fd8e1837cbc06e2,True
Edgar_Degas_319.jpg,Edgar_Degas,fc91b2d0c61384ef,True
Albrecht_Du╠êrer_17.jpg,Albrecht_Dürer,8acb95a4b9265cb3,True
Albrecht_Dürer_309.jpg,Albrecht_Dürer,c49e9c9839797839,True
Pierre-Auguste_Renoir_2.jpg,Pierre-Auguste_Renoir,8dbc62b419facd84,True
Albrecht_Du╠êrer_233.jpg,Albrecht_Dürer,bd86d0c9c034db3e,True
Pablo_Picasso_171.jpg,Pablo_Picasso,c03ea5520f46e9dd,True
Albrecht_Du╠êrer_291.jpg,Albrecht_Dürer,aedbb6706906432d,True
Vincent_van_Gogh_557.jpg,Vincent_van_Gogh,dce8c7431b9b3854,True
Francisco_Goya_201.jpg,Francisco_Goya,fa6f95d2c185d094,True
Paul_Gauguin_256.jpg,Paul_Gauguin,ab5f9c53c02cc55a,True
Rembrandt_237.jpg,Rembrandt,a45a3ba4c65b398d,True
Paul_Gauguin_219.jpg,Paul_Gauguin,93698c379a6216db,True
Francisco_Goya_130.jpg,Francisco_Goya,b998c4675ad8c479,True
Albrecht_Du╠êrer_40.jpg,Albrecht_Dürer,e88d16629d3566b3,True
Albrecht_Du╠êrer_255.jpg,Albrecht_Dürer,9a6aa924a5d4fa95,False
Titian_173.jpg,Titian,815a535463b676d6,True
Edgar_Degas_218.jpg,Edgar_Degas,b2d287c8907dce55,True
Paul_Gauguin_30.jpg,Paul_Gauguin,91b3f89695c9e524,True
Pierre-Auguste_Renoir_125.jpg,Pierre-Auguste_Renoir,be4fa12bdc9081f4,True
Francisco_Goya_19.jpg,Francisco_Goya,d04eebe122a6ce8b,True
Edgar_Degas_238.jpg,Edgar_Degas,eb91b033a27d4a4d,True
Pierre-Auguste_Renoir_266.jpg,Pierre-Auguste_Renoir,ac8cb571963273c5,True
Rembrandt_10.jpg,Rembrandt,d8f32536c6cd1998,True
Vincent_van_Gogh_390.jpg,Vincent_van_Gogh,e18596e29c3c8b9d,True
Titian_59.jpg,Titian,9c9934636692b973,True
Edgar_Degas_583.jpg,Edgar_Degas,eec49e1ac1259d3a,True
Edgar_Degas_100.jpg,Edgar_Degas,89c176b3cd533299,True
Vincent_van_Gogh_771.jpg,Vincent_van_Gogh,97a4af0c90879a7b,True
Alfred_Sisley_247.jpg,Alfred_Sisley,aeb9d1443e21ccce,True
Paul_Gauguin_290.jpg,Paul_Gauguin,d8b172e50c7e3c0e,True
Albrecht_Du╠êrer_146.jpg,Albrecht_Dürer,b82a4da141de2dcf,True
Edgar_Degas_516.jpg,Edgar_Degas,f184cc73c79a3545,True
Vincent_van_Gogh_221.jpg,Vincent_van_Gogh,aeeed141212e2ef4,True
Vincent_van_Gogh_414.jpg,Vincent_van_Gogh,ebb4d2a05d4aad0d,True
Francisco_Goya_143.jpg,Francisco_Goya,caa636c93af19c29,True
Rembrandt_93.jpg,Rembrandt,9d297ac68769d892,True
Vincent_van_Gogh_12.jpg,Vincent_van_Gogh,f5786b7ac2c9b084,True
Vincent_van_Gogh_776.jpg,Vincent_van_Gogh,e885977ad2b58534,True
Albrecht_Dürer_37.jpg,Albrecht_Dürer,cbaabc85b731216c,True
Albrecht_Du╠êrer_264.jpg,Albrecht_Dürer,9b78f086e412f9a5,True
Edgar_Degas_4.jpg,Edgar_Degas,b3cc8d62f02d1a7a,True
Titian_46.jpg,Titian,cc8ccc7133333373,True
Edgar_Degas_673.jpg,Edgar_Degas,98e2512d1f2b66d3,True
Vincent_van_Gogh_198.jpg,Vincent_van_Gogh,b2cccd33cc3c1be0,True
Pablo_Picasso_376.jpg,Pablo_Picasso,c5ecd89e4be73c00,True
Pierre-Auguste_Renoir_331.jpg,Pierre-Auguste_Renoir,9ed2e071c985c6b6,True
Albrecht_Dürer_137.jpg,Albrecht_Dürer,ed2896d292935b4b,True
Edgar_Degas_400.jpg,Edgar_Degas,a12f38f8c0877fb0,True
Pablo_Picasso_51.jpg,Pablo_Picasso,8f0fb2794c0c99b9,True
Vincent_van_Gogh_589.jpg,Vincent_van_Gogh,e7c41d6dc13ae429,True
Vincent_van_Gogh_142.jpg,Vincent_van_Gogh,893b66c587e56338,True
Vincent_van_Gogh_669.jpg,Vincent_van_Gogh,bc46c01f6e3927f0,True
Alfred_Sisley_253.jpg,Alfred_Sisley,d6880d76f2c829d7,True
Vincent_van_Gogh_592.jpg,Vincent_van_Gogh,8957ae9a6543b689,True
Titian_192.jpg,Titian,c19e39e1e61c9873,True
Vincent_van_Gogh_234.jpg,Vincent_van_Gogh,b20d673d48424ff3,True
Titian_168.jpg,Titian,8c1c6ff0133f7846,True
Pierre-Auguste_Renoir_133.jpg,Pierre-Auguste_Renoir,ba6b662396c98566,True
Pablo_Picasso_396.jpg,Pablo_Picasso,b751983ee4896356,True
Rembrandt_110.jpg,Rembrandt,8ccc733386c67999,False
Pierre-Auguste_Renoir_167.jpg,Pierre-Auguste_Renoir,966c7a2d9542173b,True
Pablo_Picasso_125.jpg,Pablo_Picasso,c25e2c094f7b1be1,True
Albrecht_Du╠êrer_199.jpg,Albrecht_Dürer,c0daea0b37a4ff80,True
Francisco_Goya_98.jpg,Francisco_Goya,8d35d34e39a64c3a,True
Vincent_van_Gogh_803.jpg,Vincent_van_Gogh,fccbc2fc918483b2,True
Albrecht_Du╠êrer_187.jpg,Albrecht_Dürer,a8f9928687cf9c98,True
Albrecht_Du╠êrer_194.jpg,Albrecht_Dürer,ac3cf2308f37b189,True
Rembrandt_223.jpg,Rembrandt,acb435666a517b62,True
Albrecht_Dürer_90.jpg,Albrecht_Dürer,ad0e93246c6bd6b4,True
Alfred_Sisley_60.jpg,Alfred_Sisley,9e9b2166039b3ab3,True
Francisco_Goya_215.jpg,Francisco_Goya,ba9ed4419365c732,True
Francisco_Goya_260.jpg,Francisco_Goya,bb30a5c4d0d38e9b,True
Alfred_Sisley_72.jpg,Alfred_Sisley,d3eb0c30c93e49b6,True
Pablo_Picasso_176.jpg,Pablo_Picasso,b34c99d2994666ce,True
Vincent_van_Gogh_695.jpg,Vincent_van_Gogh,dceec2153831ee83,True
Edgar_Degas_231.jpg,Edgar_Degas,eabe8f03b01cc378,True
Pierre-Auguste_Renoir_51.jpg,Pierre-Auguste_Renoir,c6051f7bcc3124bb,True
Edgar_Degas_1.jpg,Edgar_Degas,dafa9c29f206e342,True
Alfred_Sisley_161.jpg,Alfred_Sisley,9df2e31d32ec4192,True
Francisco_Goya_57.jpg,Francisco_Goya,fe3fe8c085cac4c1,True
Vincent_van_Gogh_280.jpg,Vincent_van_Gogh,ae59c578bc4acba0,True
Vincent_van_Gogh_54.jpg,Vincent_van_Gogh,eca6cf198ca5a16c,True
Vincent_van_Gogh_499.jpg,Vincent_van_Gogh,da3624ce98b7841f,True
Alfred_Sisley_167.jpg,Alfred_Sisley,a6a6d939ab506e0d,True
Edgar_Degas_369.jpg,Edgar_Degas,edc40cf99116f6c2,False
Edgar_Degas_103.jpg,Edgar_Degas,b283c984f2db6c6c,True
Francisco_Goya_85.jpg,Francisco_Goya,854a76617a955a37,True
Vincent_van_Gogh_456.jpg,Vincent_van_Gogh,aeb75829b14bc5d0,True
Rembrandt_141.jpg,Rembrandt,87cf381ac3651c9e,True
Albrecht_Dürer_98.jpg,Albrecht_Dürer,9b4e0ed22d3de198,True
Edgar_Degas_615.jpg,Edgar_Degas,a2b4cf77a541728c,True
Edgar_Degas_106.jpg,Edgar_Degas,e564acbad21c99a3,True
Titian_249.jpg,Titian,8839a6c3cc673ecc,True
Edgar_Degas_191.jpg,Edgar_Degas,85313ac0ff8df81c,True
Vincent_van_Gogh_451.jpg,Vincent_van_Gogh,bbb3c96664843798,True
Paul_Gauguin_272.jpg,Paul_Gauguin,fcd880276f868ce9,True
Vincent_van_Gogh_362.jpg,Vincent_van_Gogh,afd23bed86059c21,True
Pablo_Picasso_409.jpg,Pablo_Picasso,9519b873f9a7a460,True
Paul_Gauguin_210.jpg,Paul_Gauguin,96fc213f66022f6c,True
Pierre-Auguste_Renoir_211.jpg,Pierre-Auguste_Renoir,ee9e35cb8898322d,True
Edgar_Degas_690.jpg,Edgar_Degas,abcb96a4bd21a313,True
Albrecht_Dürer_140.jpg,Albrecht_Dürer,eaea09338e62b794,False
Edgar_Degas_442.jpg,Edgar_Degas,ce8ea67693851dc1,True
Rembrandt_256.jpg,Rembrandt,886e23718cd39d37,True
Albrecht_Dürer_145.jpg,Albrecht_Dürer,d0df82c88f35b8b8,True
Albrecht_Du╠êrer_230.jpg,Albrecht_Dürer,9638b097474f9e2c,True
Albrecht_Dürer_171.jpg,Albrecht_Dürer,f1a945c412f673e2,True
Vincent_van_Gogh_668.jpg,Vincent_van_Gogh,d4f65309e831cb9a,True
Edgar_Degas_27.jpg,Edgar_Degas,de98ecb0a4b99a85,True
Pierre-Auguste_Renoir_124.jpg,Pierre-Auguste_Renoir,a1e29fca53ec9c06,True
Pablo_Picasso_150.jpg,Pablo_Picasso,8f7a3958c0357e61,True
Titian_14.jpg,Titian,93e2444439abafbc,True
Alfred_Sisley_12.jpg,Alfred_Sisley,93bc3843b8cd273c,True
Paul_Gauguin_206.jpg,Paul_Gauguin,bfe6c019c4ccc4e6,True
Vincent_van_Gogh_166.jpg,Vincent_van_Gogh,9ac5d9786a358783,True
Edgar_Degas_586.jpg,Edgar_Degas,c1afa096566c78b6,True
Paul_Gauguin_198.jpg,Paul_Gauguin,da0fb5f1cd167060,True
Albrecht_Dürer_110.jpg,Albrecht_Dürer,c9e48f193712669e,True
Francisco_Goya_164.jpg,Francisco_Goya,eaa4949bd96a846d,True
Edgar_Degas_16.jpg,Edgar_Degas,ed85ace99116d2d2,True
Vincent_van_Gogh_13.jpg,Vincent_van_Gogh,94166a4af5ed4ca5,True
Edgar_Degas_469.jpg,Edgar_Degas,b7286a92d34ec3d8,True
Titian_127.jpg,Titian,90c8bded8386c31f,True
Edgar_Degas_292.jpg,Edgar_Degas,c9c8d466aed89d38,True
Titian_183.jpg,Titian,bb9924661b568367,True
Alfred_Sisley_89.jpg,Alfred_Sisley,809e1d31b7621eee,True
Edgar_Degas_498.jpg,Edgar_Degas,f66d4d9a91738494,True
Albrecht_Du╠êrer_38.jpg,Albrecht_Dürer,cdfea12d8b28c263,True
Alfred_Sisley_146.jpg,Alfred_Sisley,f1ae4c5eb26135c2,True
Pablo_Picasso_131.jpg,Pablo_Picasso,989dc9fe0e607349,True
Albrecht_Du╠êrer_121.jpg,Albrecht_Dürer,d7a0ae536886f199,True
Edgar_Degas_67.jpg,Edgar_Degas,ca8b01cd76a161f7,True
Paul_Gauguin_264.jpg,Paul_Gauguin,98ed94376e344393,True
Albrecht_Du╠êrer_140.jpg,Albrecht_Dürer,eaea09338e62b794,True
Pablo_Picasso_90.jpg,Pablo_Picasso,fc84e7754123947c,True
Pablo_Picasso_279.jpg,Pablo_Picasso,b8cd8792924b6d65,True
Pierre-Auguste_Renoir_19.jpg,Pierre-Auguste_Renoir,e8ccb736a0290dd7,True
Vincent_van_Gogh_218.jpg,Vincent_van_Gogh,eee4a66fe4378208,True
Pablo_Picasso_163.jpg,Pablo_Picasso,be37405b7ec824d4,True
Pablo_Picasso_247.jpg,Pablo_Picasso,c82f20bbe32526dd,True
Vincent_van_Gogh_670.jpg,Vincent_van_Gogh,e9ab92c5054ecaa7,True
Rembrandt_262.jpg,Rembrandt,feee0305078c3e9c,True
Pierre-Auguste_Renoir_288.jpg,Pierre-Auguste_Renoir,d0522ba5670de31f,True
Rembrandt_252.jpg,Rembrandt,b6dcd592216b686c,True
Alfred_Sisley_43.jpg,Alfred_Sisley,d5d2166d9a856af0,True
Albrecht_Du╠êrer_200.jpg,Albrecht_Dürer,a336cb954ccc42f3,True
Pablo_Picasso_402.jpg,Pablo_Picasso,fe818196796b6ac4,True
Albrecht_Du╠êrer_87.jpg,Albrecht_Dürer,8df99216916ad49d,True
Albrecht_Du╠êrer_193.jpg,Albrecht_Dürer,f2a316ccc93599ca,True
Edgar_Degas_282.jpg,Edgar_Degas,ce38716a92a1dec9,True
Vincent_van_Gogh_792.jpg,Vincent_van_Gogh,cbe6762993a43323,True
Alfred_Sisley_21.jpg,Alfred_Sisley,8087e370979e70cf,True
Vincent_van_Gogh_547.jpg,Vincent_van_Gogh,c31c5e252cd3b6a5,True
Pablo_Picasso_286.jpg,Pablo_Picasso,b6e619733c19b831,True
Pablo_Picasso_249.jpg,Pablo_Picasso,c0d6931b7e6d9611,True
Albrecht_Dürer_18.jpg,Albrecht_Dürer,a7c0d62f489af41d,True
Albrecht_Du╠êrer_127.jpg,Albrecht_Dürer,ee6b953d52261649,True
Pablo_Picasso_104.jpg,Pablo_Picasso,fb5bb866c5834c18,True
Vincent_van_Gogh_836.jpg,Vincent_van_Gogh,cb87743c83b44aa7,True
Rembrandt_173.jpg,Rembrandt,cecc3171619ace65,True
Albrecht_Dürer_144.jpg,Albrecht_Dürer,dc5f40f07848eba9,True
Albrecht_Du╠êrer_221.jpg,Albrecht_Dürer,b1cb0ce4f238f907,True
Edgar_Degas_36.jpg,Edgar_Degas,c49b6a54b7e832d4,True
Paul_Gauguin_205.jpg,Paul_Gauguin,ea8c8f834350f5ea,True
Pierre-Auguste_Renoir_254.jpg,Pierre-Auguste_Renoir,faaa1f62785421bc,True
Francisco_Goya_68.jpg,Francisco_Goya,eee69b18858ec42d,True
Alfred_Sisley_84.jpg,Alfred_Sisley,b7c8c0371ae01ed7,True
Vincent_van_Gogh_31.jpg,Vincent_van_Gogh,a28cdafd64129ecc,True
Francisco_Goya_204.jpg,Francisco_Goya,d39cb533c86a17a4,True
Vincent_van_Gogh_537.jpg,Vincent_van_Gogh,86f9a043ef83ab8c,True
Pierre-Auguste_Renoir_253.jpg,Pierre-Auguste_Renoir,846636fbc3cd8931,True
Vincent_van_Gogh_53.jpg,Vincent_van_Gogh,8a26d65a295add27,True
Edgar_Degas_317.jpg,Edgar_Degas,f49591fbd286b4a0,True
Pierre-Auguste_Renoir_326.jpg,Pierre-Auguste_Renoir,cd58b326ce3039ce,True
Pablo_Picasso_186.jpg,Pablo_Picasso,be32949c13c7d9b0,True
Francisco_Goya_97.jpg,Francisco_Goya,bb36e4dd84d190e2,True
Edgar_Degas_144.jpg,Edgar_Degas,cb9305f0ca8f3ccc,True
Pierre-Auguste_Renoir_17.jpg,Pierre-Auguste_Renoir,cc72ec8996999b8a,True
Pablo_Picasso_45.jpg,Pablo_Picasso,ee5a11b1a9096e6e,True
Vincent_van_Gogh_442.jpg,Vincent_van_Gogh,99d4620b67bd3668,True
Paul_Gauguin_50.jpg,Paul_Gauguin,833e3586cb1d4b33,True
Edgar_Degas_567.jpg,Edgar_Degas,96c925d61b6e8cd8,True
Vincent_van_Gogh_36.jpg,Vincent_van_Gogh,f8e5861b316cee82,True
Pablo_Picasso_271.jpg,Pablo_Picasso,8adbf9c8a3b093a2,True
Pierre-Auguste_Renoir_173.jpg,Pierre-Auguste_Renoir,bd40b2b5cc5a8d96,True
Rembrandt_135.jpg,Rembrandt,9d3363cd3406f338,True
Edgar_Degas_336.jpg,Edgar_Degas,bda874b37306a529,True
Rembrandt_122.jpg,Rembrandt,cccc3173ce265999,True
Francisco_Goya_271.jpg,Francisco_Goya,9ae62659cd669992,True
Pierre-Auguste_Renoir_236.jpg,Pierre-Auguste_Renoir,806b6fb6567a4985,True
Francisco_Goya_127.jpg,Francisco_Goya,ea6ac43e958d9594,True
Alfred_Sisley_76.jpg,Alfred_Sisley,8d09927595de2cce,True
Albrecht_Dürer_44.jpg,Albrecht_Dürer,a1b8d8422fac76e3,True
Vincent_van_Gogh_109.jpg,Vincent_van_Gogh,ca82b56d5b912e8e,True
Pablo_Picasso_430.jpg,Pablo_Picasso,ede1053672b1c31e,True
Paul_Gauguin_29.jpg,Paul_Gauguin,fa331acc2694ec96,True
Francisco_Goya_224.jpg,Francisco_Goya,cecc333330cccf98,True
Albrecht_Du╠êrer_242.jpg,Albrecht_Dürer,87eb05bd581fb034,True
Paul_Gauguin_46.jpg,Paul_Gauguin,ca7ab4eaa581919d,True
Vincent_van_Gogh_869.jpg,Vincent_van_Gogh,afbcc0c2e487f0e4,True
Albrecht_Du╠êrer_97.jpg,Albrecht_Dürer,a6919e9c9361cd66,True
Titian_141.jpg,Titian,c6ba33b89edc60c1,True
Edgar_Degas_349.jpg,Edgar_Degas,d01b33f4066ddc99,True
Francisco_Goya_7.jpg,Francisco_Goya,b4acc3873c19d378,True
Francisco_Goya_272.jpg,Francisco_Goya,cd3c726736207a99,True
Albrecht_Dürer_298.jpg,Albrecht_Dürer,c5bed35c460b54b4,True
Pierre-Auguste_Renoir_314.jpg,Pierre-Auguste_Renoir,909d9192938fe676,True
Titian_11.jpg,Titian,c292132aac37f3f8,True
Francisco_Goya_197.jpg,Francisco_Goya,ac3df2c2499889cf,True
Paul_Gauguin_191.jpg,Paul_Gauguin,9bf1fc474338c660,True
Alfred_Sisley_166.jpg,Alfred_Sisley,c0bc867ae58aff20,True
Vincent_van_Gogh_508.jpg,Vincent_van_Gogh,acd4c30b2b3cbcf0,True
Pablo_Picasso_344.jpg,Pablo_Picasso,9a9a33b18174b89f,True
Alfred_Sisley_24.jpg,Alfred_Sisley,87985c4629b1de6b,True
Titian_54.jpg,Titian,fc09f20f62926bb4,True
Albrecht_Dürer_255.jpg,Albrecht_Dürer,9a6aa924a5d4fa95,True
Albrecht_Du╠êrer_13.jpg,Albrecht_Dürer,c4af129674aee6c1,True
Edgar_Degas_159.jpg,Edgar_Degas,bc07dcdcce190e26,True
Edgar_Degas_677.jpg,Edgar_Degas,f07c6869d7047e0e,True
Pablo_Picasso_15.jpg,Pablo_Picasso,ee296d1096e638da,True
Albrecht_Dürer_289.jpg,Albrecht_Dürer,edb190c710399f87,True
Francisco_Goya_153.jpg,Francisco_Goya,be4a913fc4c8c393,True
Titian_36.jpg,Titian,d0373c68cb037ada,True
Rembrandt_126.jpg,Rembrandt,ceeeb9b1a184b494,True
Vincent_van_Gogh_201.jpg,Vincent_van_Gogh,aff190cecb40cc2d,True
Albrecht_Du╠êrer_80.jpg,Albrecht_Dürer,a63923e39936996c,True
Edgar_Degas_55.jpg,Edgar_Degas,962d99c271c98d3e,True
Vincent_van_Gogh_410.jpg,Vincent_van_Gogh,c81fb46883778ec6,True
Vincent_van_Gogh_719.jpg,Vincent_van_Gogh,e232b5c9c338d38d,True
Pablo_Picasso_389.jpg,Pablo_Picasso,a71866f06cbe1f30,True
Francisco_Goya_218.jpg,Francisco_Goya,84ec335bf6262c56,True
Vincent_van_Gogh_265.jpg,Vincent_van_Gogh,8928ae376b1569ea,True
Vincent_van_Gogh_860.jpg,Vincent_van_Gogh,8fbb8fa58105958d,True
Alfred_Sisley_37.jpg,Alfred_Sisley,9cccd899999ccc1b,True
Alfred_Sisley_2.jpg,Alfred_Sisley,8788634a35be0f6d,True
Albrecht_Dürer_131.jpg,Albrecht_Dürer,a61b96c1adb7238a,True
Albrecht_Dürer_88.jpg,Albrecht_Dürer,cc3f52b2908a8bcf,True
Titian_94.jpg,Titian,cd4f30ce3e303173,True
Vincent_van_Gogh_461.jpg,Vincent_van_Gogh,82c53f2a37b49f84,True
Vincent_van_Gogh_288.jpg,Vincent_van_Gogh,dcc2a026355dcadb,True
Edgar_Degas_611.jpg,Edgar_Degas,8de0389d37cad625,True
Vincent_van_Gogh_749.jpg,Vincent_van_Gogh,8544f34ab3ccf2a3,True
Vincent_van_Gogh_321.jpg,Vincent_van_Gogh,8284f0eab53a659f,True
Alfred_Sisley_101.jpg,Alfred_Sisley,c2ff38269d28e788,True
Vincent_van_Gogh_840.jpg,Vincent_van_Gogh,c125d86e35d9a857,True
Pablo_Picasso_94.jpg,Pablo_Picasso,e96185d7e26c9694,True
Pierre-Auguste_Renoir_155.jpg,Pierre-Auguste_Renoir,f6766ac88dc3c292,True
Francisco_Goya_117.jpg,Francisco_Goya,bf5ed061858dd11a,True
Titian_165.jpg,Titian,80b1370ecce1337f,True
Titian_250.jpg,Titian,891ba4b2c67f8a4d,True
Edgar_Degas_695.jpg,Edgar_Degas,9f8fc86ca750a417,True
Edgar_Degas_403.jpg,Edgar_Degas,abc2d3c8b959344d,True
Vincent_van_Gogh_346.jpg,Vincent_van_Gogh,e8acb4d1111b67ae,True
Vincent_van_Gogh_378.jpg,Vincent_van_Gogh,cb19f1f0a861ec4b,True
Pierre-Auguste_Renoir_138.jpg,Pierre-Auguste_Renoir,a2b296f28bde680d,True
Vincent_van_Gogh_426.jpg,Vincent_van_Gogh,dcedb14986c3c998,True
Paul_Gauguin_56.jpg,Paul_Gauguin,d644e7f6c03ed450,True
Alfred_Sisley_250.jpg,Alfred_Sisley,9599d8dc6825c23f,True
Albrecht_Du╠êrer_228.jpg,Albrecht_Dürer,ad78babcc5c20c0f,True
Paul_Gauguin_167.jpg,Paul_Gauguin,b1b3e06574d64a99,True
Edgar_Degas_413.jpg,Edgar_Degas,b16b5ce1029d639e,True
Pablo_Picasso_81.jpg,Pablo_Picasso,9e5927f661865ba0,True
Vincent_van_Gogh_351.jpg,Vincent_van_Gogh,8d95989aba9995ca,True
